seed,arm,arrivals,U,R,W,privileged,learner_brier,O_brier,excess,survival,O_survival,survival_regret,marginal_gain,cue0_benefit,cue1_benefit,cue2_benefit,O_cue0_benefit,O_cue1_benefit,O_cue2_benefit,elapsed_seconds,training_seconds,total_macs,parameters,memory_bytes,optimizer_steps
19101,U12_R16_W64,8192,12,16,64,False,0.0908583556399859,0.042535124540639416,0.048323231099346484,0.654296875,0.677734375,0.0234375,0.13547433544136828,0.016456100117567887,0.003967086838582316,0.1805629628654903,0.03403339583116273,0.018145874297867223,0.21810576119977568,50.27833730007114,47.6328697000572,189594685440,57831,1509388,3072
19101,U12_R16_W256,8192,12,16,256,False,0.09346186434544437,0.042535124540639416,0.05092673980480496,0.65625,0.677734375,0.021484375,0.1328708267359098,0.01872612379886706,0.010288118337001266,0.18424783514580778,0.03403339583116273,0.018145874297867223,0.21810576119977568,107.10551090001536,103.11652169990703,2202712068096,572967,7691020,3072
19101,U12_R256_W64,8192,12,256,64,False,0.07398025392468408,0.042535124540639416,0.03144512938404466,0.66796875,0.677734375,0.009765625,0.1523524371566701,0.015034792566331043,0.0046771905994481625,0.18916560349952816,0.03403339583116273,0.018145874297867223,0.21810576119977568,52.345237200017436,49.323020699986955,189594685440,57831,13344524,3072
19101,U12_R256_W256,8192,12,256,256,False,0.07073588519960154,0.042535124540639416,0.028200760658962126,0.6533203125,0.677734375,0.0244140625,0.15559680588175262,0.02210356636500114,0.008314098264381016,0.19367654107465412,0.03403339583116273,0.018145874297867223,0.21810576119977568,108.2009965999896,103.90620340008172,2202712068096,572967,19526156,3072
19101,U3_R16_W64,8192,3,16,64,False,0.07812974818549565,0.042535124540639416,0.03559462364485623,0.6416015625,0.677734375,0.0361328125,0.14820294289585853,0.0027070122553609077,0.0007055226619068419,0.16797775756797156,0.03403339583116273,0.018145874297867223,0.21810576119977568,15.095556799991755,12.384790199997951,49841786880,57831,1509388,768
19101,U3_R16_W256,8192,3,16,256,False,0.08039419654563726,0.042535124540639416,0.03785907200499784,0.650390625,0.677734375,0.02734375,0.14593849453571692,0.006753749944314949,0.005064234064418041,0.18345973598494406,0.03403339583116273,0.018145874297867223,0.21810576119977568,28.13141839997843,24.264634900013334,579235663872,572967,7691020,768
19101,U3_R256_W64,8192,3,256,64,False,0.07406305474114673,0.042535124540639416,0.031527930200507315,0.646484375,0.677734375,0.03125,0.15226963634020746,0.0019494722126062597,0.0012606290159468125,0.1624117801310589,0.03403339583116273,0.018145874297867223,0.21810576119977568,15.382640099982382,12.369724599891924,49841786880,57831,13344524,768
19101,U3_R256_W256,8192,3,256,256,False,0.0726394923467068,0.042535124540639416,0.030104367806067386,0.654296875,0.677734375,0.0234375,0.15369319873464737,0.004277029988314682,0.002329052916706459,0.1782422201406237,0.03403339583116273,0.018145874297867223,0.21810576119977568,29.153739100001985,24.961451699986355,579235663872,572967,19526156,768
19101,exposure,8192,12,16,64,False,0.0908583556399859,0.042535124540639416,0.048323231099346484,0.654296875,0.677734375,0.0234375,0.13547433544136828,0.016456100117567887,0.003967086838582316,0.1805629628654903,0.03403339583116273,0.018145874297867223,0.21810576119977568,203.06068160000723,191.7355056003289,757039800320,57831,1509388,12288
19101,exposure,32768,12,16,64,False,0.0774908522138238,0.042535124540639416,0.03495572767318439,0.6396484375,0.677734375,0.0380859375,0.14868749026067068,0.022677263847700434,0.014911558084650237,0.19950677353522447,0.03403339583116273,0.018145874297867223,0.21810576119977568,203.06068160000723,191.7355056003289,757039800320,57831,1509388,12288
19101,all_action,8192,12,16,64,True,0.06579503894952546,0.042535124540639416,0.023259914408886043,0.6708984375,0.677734375,0.0068359375,0.16053765213182872,0.03222437648117159,0.011395662490281303,0.20924450498948782,0.03403339583116273,0.018145874297867223,0.21810576119977568,50.718359600010444,48.04090810014168,189594685440,57831,1517068,3072
19102,U12_R16_W64,8192,12,16,64,False,0.0766430693564802,0.04407571665942669,0.03256735269705351,0.6416015625,0.67578125,0.0341796875,0.14775971621504308,0.013930031391478442,0.005529594608522315,0.19170309323036355,0.02758295138676961,0.013937056747575602,0.21472968045208188,50.521187599981204,47.869831800009706,189594685440,57831,1509388,3072
19102,U12_R16_W256,8192,12,16,256,False,0.08615435574522426,0.04407571665942669,0.04207863908579757,0.6328125,0.67578125,0.04296875,0.13824842982629904,0.018565354187185752,0.002498898851380958,0.1906237238202768,0.02758295138676961,0.013937056747575602,0.21472968045208188,108.92174560000421,104.91158590010309,2202712068096,572967,7691020,3072
19102,U12_R256_W64,8192,12,256,64,False,0.06285522893250292,0.04407571665942669,0.018779512273076233,0.6591796875,0.67578125,0.0166015625,0.16154755663902037,0.009790616190720032,0.001708600319909749,0.19374634480108166,0.02758295138676961,0.013937056747575602,0.21472968045208188,50.88240179998684,47.96060500004387,189594685440,57831,13344524,3072
19102,U12_R256_W256,8192,12,256,256,False,0.07055690219638852,0.04407571665942669,0.026481185536961833,0.6572265625,0.67578125,0.0185546875,0.15384588337513477,0.014051532076284012,0.004834729030287588,0.20166104995449652,0.02758295138676961,0.013937056747575602,0.21472968045208188,108.60205629999109,104.28606909999507,2202712068096,572967,19526156,3072
19102,U3_R16_W64,8192,3,16,64,False,0.06710115105077531,0.04407571665942669,0.023025434391348625,0.63671875,0.67578125,0.0390625,0.15730163452074797,0.00024952954606894534,0.0006170770628594613,0.16287088071170383,0.02758295138676961,0.013937056747575602,0.21472968045208188,14.71073249996698,12.027483600119012,49841786880,57831,1509388,768
19102,U3_R16_W256,8192,3,16,256,False,0.07603530374775648,0.04407571665942669,0.03195958708832979,0.6318359375,0.67578125,0.0439453125,0.1483674818237668,0.009474732379082772,-0.0002922905806848619,0.17699040938562993,0.02758295138676961,0.013937056747575602,0.21472968045208188,29.035102499998175,25.206555099823163,579235663872,572967,7691020,768
19102,U3_R256_W64,8192,3,256,64,False,0.06891796453115573,0.04407571665942669,0.02484224787172904,0.63671875,0.67578125,0.0390625,0.15548482104036757,0.0010884289070412917,0.0015950295625185781,0.15959688800580574,0.02758295138676961,0.013937056747575602,0.21472968045208188,15.10687639999378,12.139967100185459,49841786880,57831,13344524,768
19102,U3_R256_W256,8192,3,256,256,False,0.07101223885720294,0.04407571665942669,0.02693652219777625,0.6513671875,0.67578125,0.0244140625,0.15339054671432034,0.0042802230080606005,-4.707647549742622e-06,0.16966700179376432,0.02758295138676961,0.013937056747575602,0.21472968045208188,29.11241430004884,24.859964699935517,579235663872,572967,19526156,768
19102,exposure,8192,12,16,64,False,0.0766430693564802,0.04407571665942669,0.03256735269705351,0.6416015625,0.67578125,0.0341796875,0.14775971621504308,0.013930031391478442,0.005529594608522315,0.19170309323036355,0.02758295138676961,0.013937056747575602,0.21472968045208188,203.5888839000254,192.1716319998086,757039800320,57831,1509388,12288
19102,exposure,32768,12,16,64,False,0.07881841886507551,0.04407571665942669,0.034742702205648825,0.646484375,0.67578125,0.029296875,0.14542708745462685,0.01256273984579314,0.006557949646388533,0.18291905145936668,0.02758295138676961,0.013937056747575602,0.21472968045208188,203.5888839000254,192.1716319998086,757039800320,57831,1509388,12288
19102,all_action,8192,12,16,64,True,0.06653504547504395,0.04407571665942669,0.022459328815617262,0.6669921875,0.67578125,0.0087890625,0.15786774009647936,0.010892604555806838,0.006183944973064133,0.204207217781425,0.02758295138676961,0.013937056747575602,0.21472968045208188,50.15661849998287,47.514474699870334,189594685440,57831,1517068,3072
19103,U12_R16_W64,8192,12,16,64,False,0.07730047390843155,0.0467641531334569,0.030536320774974646,0.673828125,0.70703125,0.033203125,0.14345712342515127,0.02273720527042157,0.0008485379267839863,0.20113922442142282,0.03273718111837902,0.011671626490230375,0.22670068293809892,49.921020899986615,47.261192900070455,189594685440,57831,1509388,3072
19103,U12_R16_W256,8192,12,16,256,False,0.083214328868813,0.0467641531334569,0.0364501757353561,0.6806640625,0.70703125,0.0263671875,0.13754326846476983,0.021848994071631024,0.0047294596239237305,0.21306956475411623,0.03273718111837902,0.011671626490230375,0.22670068293809892,109.80883460000041,105.68629579999833,2202712068096,572967,7691020,3072
19103,U12_R256_W64,8192,12,256,64,False,0.06694949821096546,0.0467641531334569,0.020185345077508562,0.69921875,0.70703125,0.0078125,0.15380809912261736,0.012080684451158924,0.0028181088143174535,0.18886229251164036,0.03273718111837902,0.011671626490230375,0.22670068293809892,51.460355100018205,48.521767899932456,189594685440,57831,13344524,3072
19103,U12_R256_W256,8192,12,256,256,False,0.07318575417173143,0.0467641531334569,0.026421601038274525,0.689453125,0.70703125,0.017578125,0.1475718431618514,0.018350718532122258,0.004966246726877836,0.19351070860530523,0.03273718111837902,0.011671626490230375,0.22670068293809892,107.19090760003019,102.91936739998346,2202712068096,572967,19526156,3072
19103,U3_R16_W64,8192,3,16,64,False,0.06926887986448481,0.0467641531334569,0.022504726731027908,0.671875,0.70703125,0.03515625,0.15148871746909803,0.007136622212942326,0.0008469396193929724,0.18169322039113867,0.03273718111837902,0.011671626490230375,0.22670068293809892,14.850585799998953,12.17342379996262,49841786880,57831,1509388,768
19103,U3_R16_W256,8192,3,16,256,False,0.07922028128151372,0.0467641531334569,0.03245612814805682,0.69140625,0.70703125,0.015625,0.1415373160520691,0.009698064202440883,-0.0012974806284583099,0.1949376263100845,0.03273718111837902,0.011671626490230375,0.22670068293809892,28.738662600007956,24.902076299942564,579235663872,572967,7691020,768
19103,U3_R256_W64,8192,3,256,64,False,0.07245750274113105,0.0467641531334569,0.02569334960767415,0.671875,0.70703125,0.03515625,0.14830009459245178,0.006258682405626409,0.0010534137550789122,0.17091287770533758,0.03273718111837902,0.011671626490230375,0.22670068293809892,15.348203100002138,12.355946999974549,49841786880,57831,13344524,768
19103,U3_R256_W256,8192,3,256,256,False,0.07362459120468973,0.0467641531334569,0.026860438071232826,0.7001953125,0.70703125,0.0068359375,0.1471330061288931,0.007130587070558428,0.0005603698927943712,0.18754052196771687,0.03273718111837902,0.011671626490230375,0.22670068293809892,28.954692300001625,24.835308200039435,579235663872,572967,19526156,768
19103,exposure,8192,12,16,64,False,0.07730047390843155,0.0467641531334569,0.030536320774974646,0.673828125,0.70703125,0.033203125,0.14345712342515127,0.02273720527042157,0.0008485379267839863,0.20113922442142282,0.03273718111837902,0.011671626490230375,0.22670068293809892,202.7358899999963,191.51912690019526,757039800320,57831,1509388,12288
19103,exposure,32768,12,16,64,False,0.08174815366971061,0.0467641531334569,0.03498400053625371,0.6796875,0.70703125,0.02734375,0.1390961838622754,0.017919578632575567,0.004465227649268974,0.20186375149901747,0.03273718111837902,0.011671626490230375,0.22670068293809892,202.7358899999963,191.51912690019526,757039800320,57831,1509388,12288
19103,all_action,8192,12,16,64,True,0.0638739270509794,0.0467641531334569,0.017109773917522497,0.6953125,0.70703125,0.01171875,0.15688367028260342,0.021370175897762012,0.0034880361398269832,0.21190582196787422,0.03273718111837902,0.011671626490230375,0.22670068293809892,50.57044169997971,47.89549270008865,189594685440,57831,1517068,3072
19104,U12_R16_W64,8192,12,16,64,False,0.07174976531854949,0.043569871907432875,0.02817989341111661,0.6513671875,0.6796875,0.0283203125,0.15549894947207044,0.012209350784499994,0.010717680242562977,0.19645552837608213,0.025398677308112377,0.014640079407642288,0.2151641210437649,50.88837099997909,48.24386409993167,189594685440,57831,1509388,3072
19104,U12_R16_W256,8192,12,16,256,False,0.08500414246777935,0.043569871907432875,0.04143427056034647,0.6474609375,0.6796875,0.0322265625,0.14224457232284057,0.01397553185130268,0.008683475179823492,0.18164999945612942,0.025398677308112377,0.014640079407642288,0.2151641210437649,105.63184079999337,101.68281519999437,2202712068096,572967,7691020,3072
19104,U12_R256_W64,8192,12,256,64,False,0.06354653055985249,0.043569871907432875,0.019976658652419613,0.654296875,0.6796875,0.025390625,0.16370218423076743,0.009803798650775776,0.008564888997502941,0.19220285638759282,0.025398677308112377,0.014640079407642288,0.2151641210437649,51.06038050001371,48.13981530012097,189594685440,57831,13344524,3072
19104,U12_R256_W256,8192,12,256,256,False,0.07330669761932936,0.043569871907432875,0.02973682571189648,0.650390625,0.6796875,0.029296875,0.15394201717129058,0.012776180742442675,0.008218768047966667,0.18078709704980644,0.025398677308112377,0.014640079407642288,0.2151641210437649,105.9329921999888,101.72976890001155,2202712068096,572967,19526156,3072
19104,U3_R16_W64,8192,3,16,64,False,0.07473432633862741,0.043569871907432875,0.031164454431194533,0.626953125,0.6796875,0.052734375,0.1525143884519925,0.0033332441082922215,0.003132453937709778,0.1293485582745605,0.025398677308112377,0.014640079407642288,0.2151641210437649,14.547444500014535,11.890058500081068,49841786880,57831,1509388,768
19104,U3_R16_W256,8192,3,16,256,False,0.08030913298576775,0.043569871907432875,0.036739261078334876,0.634765625,0.6796875,0.044921875,0.14693958180485217,0.008916440719964266,0.008907540261991892,0.16340347100196417,0.025398677308112377,0.014640079407642288,0.2151641210437649,28.517164300006698,24.648687399865594,579235663872,572967,7691020,768
19104,U3_R256_W64,8192,3,256,64,False,0.07167920894316639,0.043569871907432875,0.02810933703573351,0.626953125,0.6796875,0.052734375,0.15556950584745355,0.002645683492267077,0.0010930829029205669,0.1427030815145956,0.025398677308112377,0.014640079407642288,0.2151641210437649,15.143957800028147,12.122082699992461,49841786880,57831,13344524,768
19104,U3_R256_W256,8192,3,256,256,False,0.07903578552114716,0.043569871907432875,0.03546591361371429,0.609375,0.6796875,0.0703125,0.14821292926947277,0.004488620180139957,0.0026155456520858544,0.1319461613732709,0.025398677308112377,0.014640079407642288,0.2151641210437649,29.28710310002498,25.148256999935256,579235663872,572967,19526156,768
19104,exposure,8192,12,16,64,False,0.07174976531854949,0.043569871907432875,0.02817989341111661,0.6513671875,0.6796875,0.0283203125,0.15549894947207044,0.012209350784499994,0.010717680242562977,0.19645552837608213,0.025398677308112377,0.014640079407642288,0.2151641210437649,200.03649609997228,188.95783019992814,757039800320,57831,1509388,12288
19104,exposure,32768,12,16,64,False,0.07594599688560962,0.043569871907432875,0.03237612497817674,0.658203125,0.6796875,0.021484375,0.15113692676266777,0.01154171642331217,0.005314055184297388,0.21006764262181832,0.025398677308112377,0.014640079407642288,0.2151641210437649,200.03649609997228,188.95783019992814,757039800320,57831,1509388,12288
19104,all_action,8192,12,16,64,True,0.05843414692704501,0.043569871907432875,0.014864275019612135,0.6728515625,0.6796875,0.0068359375,0.1688145678635749,0.02167718944618135,0.008890431514238541,0.21528834091512303,0.025398677308112377,0.014640079407642288,0.2151641210437649,50.7662545999774,48.09680579985434,189594685440,57831,1517068,3072
19105,U12_R16_W64,8192,12,16,64,False,0.07195114905288127,0.041245090581166245,0.03070605847171503,0.638671875,0.65234375,0.013671875,0.15149817001205856,0.015155337713293915,0.00671373983271966,0.20425868125183733,0.03535984666086732,0.015688850870355965,0.22295831590890883,50.09320950000256,47.45589339999424,189594685440,57831,1509388,3072
19105,U12_R16_W256,8192,12,16,256,False,0.08488295437926308,0.041245090581166245,0.04363786379809683,0.623046875,0.65234375,0.029296875,0.13856636468567676,0.01739561299475123,0.004396065945353252,0.1991021287275344,0.03535984666086732,0.015688850870355965,0.22295831590890883,105.93771919998107,102.0526639999589,2202712068096,572967,7691020,3072
19105,U12_R256_W64,8192,12,256,64,False,0.06343672709431492,0.041245090581166245,0.02219163651314867,0.64453125,0.65234375,0.0078125,0.16001259197062492,0.01210289123164126,0.0034196820313204743,0.2005980519122427,0.03535984666086732,0.015688850870355965,0.22295831590890883,51.511056500006816,48.50106820008659,189594685440,57831,13344524,3072
19105,U12_R256_W256,8192,12,256,256,False,0.06902904150782412,0.041245090581166245,0.02778395092665787,0.6396484375,0.65234375,0.0126953125,0.15442027755711574,0.024746299687803855,0.0048585243075161405,0.20018497372312394,0.03535984666086732,0.015688850870355965,0.22295831590890883,106.12966099998448,101.88230130024021,2202712068096,572967,19526156,3072
19105,U3_R16_W64,8192,3,16,64,False,0.07563386758047609,0.041245090581166245,0.034388776999309846,0.6103515625,0.65234375,0.0419921875,0.14781545148446373,0.0023465862116580916,0.00012735326506635447,0.16666247473501627,0.03535984666086732,0.015688850870355965,0.22295831590890883,15.418487200033269,12.645384299801663,49841786880,57831,1509388,768
19105,U3_R16_W256,8192,3,16,256,False,0.08092835210283993,0.041245090581166245,0.03968326152167368,0.6396484375,0.65234375,0.0126953125,0.14252096696209993,0.009873459857528556,0.0018767398019653714,0.18595055132950258,0.03535984666086732,0.015688850870355965,0.22295831590890883,28.56741950000287,24.759098800030188,579235663872,572967,7691020,768
19105,U3_R256_W64,8192,3,256,64,False,0.07380495582553943,0.041245090581166245,0.03255986524437319,0.630859375,0.65234375,0.021484375,0.1496443632394004,0.0033276284904297584,0.00026330865504114315,0.16187733106747076,0.03535984666086732,0.015688850870355965,0.22295831590890883,15.78180889999203,12.649318800031324,49841786880,57831,13344524,768
19105,U3_R256_W256,8192,3,256,256,False,0.07386498174847342,0.041245090581166245,0.03261989116730717,0.640625,0.65234375,0.01171875,0.14958433731646642,0.007416123938264969,0.0007028077990871226,0.18634308898454321,0.03535984666086732,0.015688850870355965,0.22295831590890883,28.7304182999942,24.527884500086657,579235663872,572967,19526156,768
19105,exposure,8192,12,16,64,False,0.07195114905288127,0.041245090581166245,0.03070605847171503,0.638671875,0.65234375,0.013671875,0.15149817001205856,0.015155337713293915,0.00671373983271966,0.20425868125183733,0.03535984666086732,0.015688850870355965,0.22295831590890883,202.60958669998217,191.4082662998262,757039800320,57831,1509388,12288
19105,exposure,32768,12,16,64,False,0.07819386623493628,0.041245090581166245,0.036948775653770034,0.634765625,0.65234375,0.017578125,0.1451658456143593,0.024894350377207358,0.005883265167567965,0.19317679698929466,0.03535984666086732,0.015688850870355965,0.22295831590890883,202.60958669998217,191.4082662998262,757039800320,57831,1509388,12288
19105,all_action,8192,12,16,64,True,0.05782965545141326,0.041245090581166245,0.016584564870247016,0.6474609375,0.65234375,0.0048828125,0.1656196636135266,0.023429881695814146,0.012160983110720204,0.21712590140789984,0.03535984666086732,0.015688850870355965,0.22295831590890883,50.90992950000509,48.219811199975084,189594685440,57831,1517068,3072
19106,U12_R16_W64,8192,12,16,64,False,0.08141902739841841,0.04684002349774043,0.03457900390067799,0.642578125,0.66796875,0.025390625,0.1424580798364354,0.014370644521092872,0.007363385286461341,0.17949413537932876,0.0228722484006236,0.011772750597447167,0.2002594278814892,50.48636290003196,47.8615787000017,189594685440,57831,1509388,3072
19106,U12_R16_W256,8192,12,16,256,False,0.09005204660810343,0.04684002349774043,0.043212023110363,0.626953125,0.66796875,0.041015625,0.1338250606267504,0.012682726434431878,0.007301102327502446,0.16452137451706697,0.0228722484006236,0.011772750597447167,0.2002594278814892,105.98361569999543,102.08045919994765,2202712068096,572967,7691020,3072
19106,U12_R256_W64,8192,12,256,64,False,0.06979832343460211,0.04684002349774043,0.022958299936861687,0.6513671875,0.66796875,0.0166015625,0.1540787838002517,0.01310946365082171,0.0043083267261756555,0.16071858744136064,0.0228722484006236,0.011772750597447167,0.2002594278814892,50.911134999973,47.945152400046936,189594685440,57831,13344524,3072
19106,U12_R256_W256,8192,12,256,256,False,0.07559875737967861,0.04684002349774043,0.028758733881938184,0.6376953125,0.66796875,0.0302734375,0.1482783498551752,0.01676869822903978,0.012353273785292163,0.16193280139955968,0.0228722484006236,0.011772750597447167,0.2002594278814892,104.20877599998494,100.01690089990734,2202712068096,572967,19526156,3072
19106,U3_R16_W64,8192,3,16,64,False,0.07509677069579371,0.04684002349774043,0.02825674719805328,0.5888671875,0.66796875,0.0791015625,0.14878033653906012,0.006088222998584275,0.001524038343401625,0.12485675270206373,0.0228722484006236,0.011772750597447167,0.2002594278814892,14.97743620001711,12.295090400089975,49841786880,57831,1509388,768
19106,U3_R16_W256,8192,3,16,256,False,0.07722622946153497,0.04684002349774043,0.030386205963794544,0.615234375,0.66796875,0.052734375,0.14665087777331887,0.013551575108403935,0.004487798660050592,0.1461438890317679,0.0228722484006236,0.011772750597447167,0.2002594278814892,28.473197799976333,24.66682189995481,579235663872,572967,7691020,768
19106,U3_R256_W64,8192,3,256,64,False,0.0694413607513598,0.04684002349774043,0.022601337253619375,0.6298828125,0.66796875,0.0380859375,0.154435746483494,0.003614137460153481,0.0011481510467458364,0.1456060359132495,0.0228722484006236,0.011772750597447167,0.2002594278814892,16.654440800004522,13.392312399897492,49841786880,57831,13344524,768
19106,U3_R256_W256,8192,3,256,256,False,0.07603549137381667,0.04684002349774043,0.029195467876076242,0.65234375,0.66796875,0.015625,0.14784161586103717,0.007693800510504306,0.0016345447567938723,0.16265669264380656,0.0228722484006236,0.011772750597447167,0.2002594278814892,28.798656299972208,24.6260833000415,579235663872,572967,19526156,768
19106,exposure,8192,12,16,64,False,0.08141902739841841,0.04684002349774043,0.03457900390067799,0.642578125,0.66796875,0.025390625,0.1424580798364354,0.014370644521092872,0.007363385286461341,0.17949413537932876,0.0228722484006236,0.011772750597447167,0.2002594278814892,202.71606020003674,191.5730508002016,757039800320,57831,1509388,12288
19106,exposure,32768,12,16,64,False,0.08585379829558476,0.04684002349774043,0.03901377479784433,0.6337890625,0.66796875,0.0341796875,0.1380139000813921,0.011732547285541246,0.0017221682095792876,0.15813246047214433,0.0228722484006236,0.011772750597447167,0.2002594278814892,202.71606020003674,191.5730508002016,757039800320,57831,1509388,12288
19106,all_action,8192,12,16,64,True,0.06689038397607867,0.04684002349774043,0.020050360478338247,0.6591796875,0.66796875,0.0087890625,0.15698672325877516,0.02000678102952788,0.011601503531628914,0.1879924474866073,0.0228722484006236,0.011772750597447167,0.2002594278814892,51.01662860000215,48.33225870002934,189594685440,57831,1517068,3072
