seed,arm,chunk,chunk_end_arrivals,learner_brier,O_brier,excess
19301,ON-ref,0,1024,0.1442828452107921,0.04479849388202031,0.09948435132877179
19301,ON-ref,1,2048,0.09743039279525102,0.04247202922900518,0.054958363566245845
19301,ON-ref,2,3072,0.08168494970856893,0.04255919338514408,0.039125756323424854
19301,ON-ref,3,4096,0.08522037644661193,0.04545861973116795,0.03976175671544398
19301,ON-ref,4,5120,0.08633614130170886,0.041079341309765975,0.04525679999194288
19301,ON-ref,5,6144,0.08125100528637987,0.04454022503147523,0.03671078025490464
19301,ON-ref,6,7168,0.0847229874342462,0.04278332528968652,0.04193966214455967
19301,ON-ref,7,8192,0.08308346541259695,0.04290308418373267,0.04018038122886428
19301,ON-ref-EMA,0,1024,0.21699762354235683,0.04479849388202031,0.17219912966033651
19301,ON-ref-EMA,1,2048,0.11898028791358789,0.04247202922900518,0.07650825868458272
19301,ON-ref-EMA,2,3072,0.07627051767052877,0.04255919338514408,0.03371132428538469
19301,ON-ref-EMA,3,4096,0.07305000502434958,0.04545861973116795,0.027591385293181628
19301,ON-ref-EMA,4,5120,0.06678688673089234,0.041079341309765975,0.02570754542112636
19301,ON-ref-EMA,5,6144,0.06856066287123087,0.04454022503147523,0.024020437839755646
19301,ON-ref-EMA,6,7168,0.06615737441852107,0.04278332528968652,0.023374049128834548
19301,ON-ref-EMA,7,8192,0.06580305881134671,0.04290308418373267,0.02289997462761404
19301,ON-R256,0,1024,0.1450823528561,0.04479849388202031,0.10028385897407968
19301,ON-R256,1,2048,0.09357649597741631,0.04247202922900518,0.05110446674841113
19301,ON-R256,2,3072,0.0764951014539313,0.04255919338514408,0.03393590806878723
19301,ON-R256,3,4096,0.07459344326200311,0.04545861973116795,0.029134823530835158
19301,ON-R256,4,5120,0.07223606641649767,0.041079341309765975,0.031156725106731696
19301,ON-R256,5,6144,0.06885573186842808,0.04454022503147523,0.024315506836952855
19301,ON-R256,6,7168,0.06982316316226717,0.04278332528968652,0.027039837872580644
19301,ON-R256,7,8192,0.06798813014434639,0.04290308418373267,0.02508504596061372
19301,ON-R256-EMA,0,1024,0.217061520193383,0.04479849388202031,0.1722630263113627
19301,ON-R256-EMA,1,2048,0.11901318198145545,0.04247202922900518,0.07654115275245027
19301,ON-R256-EMA,2,3072,0.0755545447884315,0.04255919338514408,0.03299535140328742
19301,ON-R256-EMA,3,4096,0.06732453132104305,0.04545861973116795,0.021865911589875095
19301,ON-R256-EMA,4,5120,0.0591620982338259,0.041079341309765975,0.018082756924059924
19301,ON-R256-EMA,5,6144,0.057337950672613436,0.04454022503147523,0.012797725641138208
19301,ON-R256-EMA,6,7168,0.058222650713916864,0.04278332528968652,0.015439325424230342
19301,ON-R256-EMA,7,8192,0.05552937315607388,0.04290308418373267,0.012626288972341214
19302,ON-ref,0,1024,0.1459420979914764,0.04600620046257973,0.09993589752889667
19302,ON-ref,1,2048,0.09026997268934672,0.040889756629864375,0.04938021605948235
19302,ON-ref,2,3072,0.08421914942144361,0.043066031237443285,0.041153118184000324
19302,ON-ref,3,4096,0.08252704038561332,0.046662284433841704,0.03586475595177161
19302,ON-ref,4,5120,0.07625848067060437,0.041723019629716876,0.03453546104088749
19302,ON-ref,5,6144,0.08153053226194129,0.04285926868518193,0.03867126357675936
19302,ON-ref,6,7168,0.07745892902267454,0.04429705229898294,0.0331618767236916
19302,ON-ref,7,8192,0.07755930004885359,0.041448248239854976,0.03611105180899861
19302,ON-ref-EMA,0,1024,0.21505145660652727,0.04600620046257973,0.16904525614394755
19302,ON-ref-EMA,1,2048,0.11704379998079366,0.040889756629864375,0.07615404335092929
19302,ON-ref-EMA,2,3072,0.0736980164781421,0.043066031237443285,0.030631985240698816
19302,ON-ref-EMA,3,4096,0.07092275416087562,0.046662284433841704,0.02426046972703392
19302,ON-ref-EMA,4,5120,0.06455293041779436,0.041723019629716876,0.022829910788077487
19302,ON-ref-EMA,5,6144,0.0659786438382794,0.04285926868518193,0.023119375153097463
19302,ON-ref-EMA,6,7168,0.06658447749787233,0.04429705229898294,0.02228742519888939
19302,ON-ref-EMA,7,8192,0.06553412168501532,0.041448248239854976,0.024085873445160347
19302,ON-R256,0,1024,0.14524478326729987,0.04600620046257973,0.09923858280472014
19302,ON-R256,1,2048,0.08700737453599386,0.040889756629864375,0.046117617906129484
19302,ON-R256,2,3072,0.07751372953921046,0.043066031237443285,0.03444769830176717
19302,ON-R256,3,4096,0.07401782650517098,0.046662284433841704,0.02735554207132928
19302,ON-R256,4,5120,0.07154724147683399,0.041723019629716876,0.02982422184711711
19302,ON-R256,5,6144,0.07299361547316952,0.04285926868518193,0.030134346787987584
19302,ON-R256,6,7168,0.06739208137320489,0.04429705229898294,0.02309502907422195
19302,ON-R256,7,8192,0.0673379841639915,0.041448248239854976,0.025889735924136528
19302,ON-R256-EMA,0,1024,0.21514723757730184,0.04600620046257973,0.16914103711472211
19302,ON-R256-EMA,1,2048,0.1169968762507839,0.040889756629864375,0.07610711962091951
19302,ON-R256-EMA,2,3072,0.07308042528094415,0.043066031237443285,0.030014394043500862
19302,ON-R256-EMA,3,4096,0.06553217408817806,0.046662284433841704,0.018869889654336357
19302,ON-R256-EMA,4,5120,0.05830238567316445,0.041723019629716876,0.016579366043447577
19302,ON-R256-EMA,5,6144,0.05919980275496305,0.04285926868518193,0.016340534069781122
19302,ON-R256-EMA,6,7168,0.05845977106505716,0.04429705229898294,0.014162718766074223
19302,ON-R256-EMA,7,8192,0.05601602692553364,0.041448248239854976,0.014567778685678663
19303,ON-ref,0,1024,0.14981579622010555,0.042337189180155596,0.10747860703994995
19303,ON-ref,1,2048,0.0973609657904363,0.04562993515282869,0.0517310306376076
19303,ON-ref,2,3072,0.0863347446622676,0.04518552708129088,0.04114921758097673
19303,ON-ref,3,4096,0.08527436368326384,0.04730434163163105,0.03797002205163279
19303,ON-ref,4,5120,0.07900602616266415,0.04332650148620208,0.03567952467646207
19303,ON-ref,5,6144,0.08328051875523079,0.0451362041135629,0.03814431464166789
19303,ON-ref,6,7168,0.07763419165793531,0.041429636130730314,0.036204555527204994
19303,ON-ref,7,8192,0.07576691724539478,0.040171862269441284,0.03559505497595349
19303,ON-ref-EMA,0,1024,0.21817355956169585,0.042337189180155596,0.17583637038154026
19303,ON-ref-EMA,1,2048,0.12240574177815731,0.04562993515282869,0.07677580662532862
19303,ON-ref-EMA,2,3072,0.07827513792516338,0.04518552708129088,0.033089610843872505
19303,ON-ref-EMA,3,4096,0.07003250198184302,0.04730434163163105,0.022728160350211968
19303,ON-ref-EMA,4,5120,0.06712226139781491,0.04332650148620208,0.023795759911612827
19303,ON-ref-EMA,5,6144,0.06592121124787731,0.0451362041135629,0.020785007134314408
19303,ON-ref-EMA,6,7168,0.06480190278898082,0.041429636130730314,0.023372266658250505
19303,ON-ref-EMA,7,8192,0.0632611187955131,0.040171862269441284,0.02308925652607182
19303,ON-R256,0,1024,0.14804454533691014,0.042337189180155596,0.10570735615675454
19303,ON-R256,1,2048,0.09271834421141006,0.04562993515282869,0.047088409058581374
19303,ON-R256,2,3072,0.08071150897136553,0.04518552708129088,0.03552598189007465
19303,ON-R256,3,4096,0.07708448531043281,0.04730434163163105,0.02978014367880176
19303,ON-R256,4,5120,0.06832106734987833,0.04332650148620208,0.024994565863676252
19303,ON-R256,5,6144,0.07197942621609518,0.0451362041135629,0.02684322210253228
19303,ON-R256,6,7168,0.06728095101462422,0.041429636130730314,0.02585131488389391
19303,ON-R256,7,8192,0.06053501412196184,0.040171862269441284,0.020363151852520557
19303,ON-R256-EMA,0,1024,0.21819322249932127,0.042337189180155596,0.17585603331916566
19303,ON-R256-EMA,1,2048,0.12242322471249556,0.04562993515282869,0.07679328955966687
19303,ON-R256-EMA,2,3072,0.07714248728273002,0.04518552708129088,0.031956960201439136
19303,ON-R256-EMA,3,4096,0.0659119796739289,0.04730434163163105,0.01860763804229784
19303,ON-R256-EMA,4,5120,0.05995156235598337,0.04332650148620208,0.016625060869781286
19303,ON-R256-EMA,5,6144,0.057385611286261635,0.0451362041135629,0.012249407172698734
19303,ON-R256-EMA,6,7168,0.0536567162065761,0.041429636130730314,0.012227080075845782
19303,ON-R256-EMA,7,8192,0.053008980757880395,0.040171862269441284,0.01283711848843911
19304,ON-ref,0,1024,0.13104381052464853,0.042841772610942526,0.08820203791370601
19304,ON-ref,1,2048,0.09040833150052299,0.044003438639144105,0.04640489286137889
19304,ON-ref,2,3072,0.08551346371641516,0.04448203146457672,0.04103143225183844
19304,ON-ref,3,4096,0.0814348757719486,0.04623150390883286,0.03520337186311574
19304,ON-ref,4,5120,0.08256925818906688,0.04292385261505842,0.03964540557400846
19304,ON-ref,5,6144,0.0807591315251801,0.046931465590993565,0.03382766593418654
19304,ON-ref,6,7168,0.08167607532768532,0.04399160761386156,0.03768446771382376
19304,ON-ref,7,8192,0.0769054458630232,0.044077904211978124,0.032827541651045074
19304,ON-ref-EMA,0,1024,0.2086286207025276,0.042841772610942526,0.1657868480915851
19304,ON-ref-EMA,1,2048,0.11781192666498401,0.044003438639144105,0.0738084880258399
19304,ON-ref-EMA,2,3072,0.07801463674470668,0.04448203146457672,0.03353260528012996
19304,ON-ref-EMA,3,4096,0.06864228094306939,0.04623150390883286,0.022410777034236523
19304,ON-ref-EMA,4,5120,0.06763491198438326,0.04292385261505842,0.024711059369324842
19304,ON-ref-EMA,5,6144,0.0654572251812278,0.046931465590993565,0.01852575959023424
19304,ON-ref-EMA,6,7168,0.06806300231664729,0.04399160761386156,0.02407139470278573
19304,ON-ref-EMA,7,8192,0.06140661330999142,0.044077904211978124,0.017328709098013297
19304,ON-R256,0,1024,0.12936941391822682,0.042841772610942526,0.0865276413072843
19304,ON-R256,1,2048,0.08719128520595693,0.044003438639144105,0.04318784656681282
19304,ON-R256,2,3072,0.07899341452268065,0.04448203146457672,0.034511383058103924
19304,ON-R256,3,4096,0.0748818370909213,0.04623150390883286,0.02865033318208844
19304,ON-R256,4,5120,0.06894194407142482,0.04292385261505842,0.026018091456366396
19304,ON-R256,5,6144,0.07055132415712287,0.046931465590993565,0.023619858566129304
19304,ON-R256,6,7168,0.0688726672816644,0.04399160761386156,0.024881059667802838
19304,ON-R256,7,8192,0.06753064008726972,0.044077904211978124,0.0234527358752916
19304,ON-R256-EMA,0,1024,0.20853549895503112,0.042841772610942526,0.1656937263440886
19304,ON-R256-EMA,1,2048,0.11733893000893712,0.044003438639144105,0.07333549136979302
19304,ON-R256-EMA,2,3072,0.07698518613750592,0.04448203146457672,0.0325031546729292
19304,ON-R256-EMA,3,4096,0.06575796262856347,0.04623150390883286,0.019526458719730605
19304,ON-R256-EMA,4,5120,0.05785187693723705,0.04292385261505842,0.014928024322178629
19304,ON-R256-EMA,5,6144,0.059547153300551284,0.046931465590993565,0.012615687709557719
19304,ON-R256-EMA,6,7168,0.05766649327884727,0.04399160761386156,0.01367488566498571
19304,ON-R256-EMA,7,8192,0.05550394019264279,0.044077904211978124,0.011426035980664669
19305,ON-ref,0,1024,0.1458226377837136,0.043311829554537926,0.10251080822917567
19305,ON-ref,1,2048,0.09012763859679467,0.042032338616748655,0.04809529998004601
19305,ON-ref,2,3072,0.08257611399323797,0.04324770371119181,0.03932841028204616
19305,ON-ref,3,4096,0.08433506469641901,0.04526660044987997,0.039068464246539036
19305,ON-ref,4,5120,0.07482777413942888,0.041989726449052495,0.03283804769037639
19305,ON-ref,5,6144,0.07960192907920181,0.04341524305442969,0.036186686024772124
19305,ON-ref,6,7168,0.08240385348965505,0.04385729307929675,0.0385465604103583
19305,ON-ref,7,8192,0.08077170302024778,0.046776600740849966,0.03399510227939781
19305,ON-ref-EMA,0,1024,0.21448887378352466,0.043311829554537926,0.17117704422898672
19305,ON-ref-EMA,1,2048,0.12411370329839123,0.042032338616748655,0.08208136468164258
19305,ON-ref-EMA,2,3072,0.07952626619541203,0.04324770371119181,0.03627856248422022
19305,ON-ref-EMA,3,4096,0.06943691779705874,0.04526660044987997,0.02417031734717877
19305,ON-ref-EMA,4,5120,0.062192381969869676,0.041989726449052495,0.02020265552081718
19305,ON-ref-EMA,5,6144,0.0638085570868501,0.04341524305442969,0.02039331403242041
19305,ON-ref-EMA,6,7168,0.06531040020250412,0.04385729307929675,0.021453107123207367
19305,ON-ref-EMA,7,8192,0.0662548677902843,0.046776600740849966,0.01947826704943434
19305,ON-R256,0,1024,0.1444735377472174,0.043311829554537926,0.10116170819267949
19305,ON-R256,1,2048,0.08822365100348598,0.042032338616748655,0.04619131238673732
19305,ON-R256,2,3072,0.08110391489273622,0.04324770371119181,0.037856211181544405
19305,ON-R256,3,4096,0.0759997512340441,0.04526660044987997,0.030733150784164123
19305,ON-R256,4,5120,0.06517369268173206,0.041989726449052495,0.02318396623267957
19305,ON-R256,5,6144,0.0680684501361199,0.04341524305442969,0.024653207081690207
19305,ON-R256,6,7168,0.07095455176592613,0.04385729307929675,0.027097258686629384
19305,ON-R256,7,8192,0.07263153769819475,0.046776600740849966,0.025854936957344782
19305,ON-R256-EMA,0,1024,0.21435255601508568,0.043311829554537926,0.17104072646054774
19305,ON-R256-EMA,1,2048,0.12344732944966288,0.042032338616748655,0.08141499083291423
19305,ON-R256-EMA,2,3072,0.07978810993088653,0.04324770371119181,0.03654040621969472
19305,ON-R256-EMA,3,4096,0.06766019249159456,0.04526660044987997,0.022393592041714594
19305,ON-R256-EMA,4,5120,0.05623298422618975,0.041989726449052495,0.014243257777137253
19305,ON-R256-EMA,5,6144,0.057118918200898844,0.04341524305442969,0.013703675146469155
19305,ON-R256-EMA,6,7168,0.05697027433732593,0.04385729307929675,0.013112981258029184
19305,ON-R256-EMA,7,8192,0.05776190454964357,0.046776600740849966,0.010985303808793603
19306,ON-ref,0,1024,0.15618434610106166,0.04431012167284886,0.11187422442821279
19306,ON-ref,1,2048,0.09360588686441543,0.044331636962791285,0.04927424990162414
19306,ON-ref,2,3072,0.08258508056914386,0.041436338486770787,0.041148742082373076
19306,ON-ref,3,4096,0.07823984520793731,0.044457301559547587,0.03378254364838972
19306,ON-ref,4,5120,0.08123985760306573,0.04329822150369485,0.03794163609937089
19306,ON-ref,5,6144,0.07885754139096207,0.04452924765646458,0.03432829373449749
19306,ON-ref,6,7168,0.08016991156470842,0.043753279373049736,0.03641663219165868
19306,ON-ref,7,8192,0.07342820820493251,0.04034432986130317,0.03308387834362934
19306,ON-ref-EMA,0,1024,0.21959263417389302,0.04431012167284886,0.17528251250104415
19306,ON-ref-EMA,1,2048,0.12355192760845089,0.044331636962791285,0.07922029064565961
19306,ON-ref-EMA,2,3072,0.08128492334182946,0.041436338486770787,0.039848584855058676
19306,ON-ref-EMA,3,4096,0.06774049047085312,0.044457301559547587,0.023283188911305534
19306,ON-ref-EMA,4,5120,0.06438462323863324,0.04329822150369485,0.021086401734938393
19306,ON-ref-EMA,5,6144,0.06276383429988228,0.04452924765646458,0.018234586643417698
19306,ON-ref-EMA,6,7168,0.0665482870354189,0.043753279373049736,0.022795007662369166
19306,ON-ref-EMA,7,8192,0.059894184380368864,0.04034432986130317,0.01954985451906569
19306,ON-R256,0,1024,0.1547061988688042,0.04431012167284886,0.11039607719595534
19306,ON-R256,1,2048,0.09019099777947392,0.044331636962791285,0.04585936081668264
19306,ON-R256,2,3072,0.07629965029468397,0.041436338486770787,0.03486331180791318
19306,ON-R256,3,4096,0.07489640287756,0.044457301559547587,0.03043910131801241
19306,ON-R256,4,5120,0.067598248661553,0.04329822150369485,0.02430002715785816
19306,ON-R256,5,6144,0.06763050871354041,0.04452924765646458,0.023101261057075835
19306,ON-R256,6,7168,0.07018746900650652,0.043753279373049736,0.026434189633456784
19306,ON-R256,7,8192,0.06051498488975779,0.04034432986130317,0.020170655028454616
19306,ON-R256-EMA,0,1024,0.2195562740236572,0.04431012167284886,0.17524615235080834
19306,ON-R256-EMA,1,2048,0.12351916864930865,0.044331636962791285,0.07918753168651736
19306,ON-R256-EMA,2,3072,0.07994864056820819,0.041436338486770787,0.038512302081437404
19306,ON-R256-EMA,3,4096,0.0647963065854658,0.044457301559547587,0.020339005025918212
19306,ON-R256-EMA,4,5120,0.05702385427184316,0.04329822150369485,0.01372563276814831
19306,ON-R256-EMA,5,6144,0.0565133525447892,0.04452924765646458,0.011984104888324625
19306,ON-R256-EMA,6,7168,0.05639901448776674,0.043753279373049736,0.012645735114717005
19306,ON-R256-EMA,7,8192,0.05131648120842178,0.04034432986130317,0.010972151347118604
19307,ON-ref,0,1024,0.13782035323555625,0.04326065611094236,0.09455969712461389
19307,ON-ref,1,2048,0.09439028028270177,0.043752790056169034,0.05063749022653274
19307,ON-ref,2,3072,0.08815700890333322,0.045852093895276384,0.04230491500805684
19307,ON-ref,3,4096,0.0788200434350756,0.042479803599417214,0.03634023983565839
19307,ON-ref,4,5120,0.08410603318084454,0.044426529419918856,0.03967950376092569
19307,ON-ref,5,6144,0.08059072727344008,0.042990321169296894,0.03760040610414318
19307,ON-ref,6,7168,0.07996032033430779,0.04565751316646735,0.03430280716784044
19307,ON-ref,7,8192,0.07988364491266299,0.045502729651828604,0.03438091526083439
19307,ON-ref-EMA,0,1024,0.21414293505572182,0.04326065611094236,0.17088227894477948
19307,ON-ref-EMA,1,2048,0.1129808944950525,0.043752790056169034,0.06922810443888347
19307,ON-ref-EMA,2,3072,0.07698482395186435,0.045852093895276384,0.03113273005658796
19307,ON-ref-EMA,3,4096,0.06612308992620977,0.042479803599417214,0.023643286326792558
19307,ON-ref-EMA,4,5120,0.06880482042565031,0.044426529419918856,0.024378291005731453
19307,ON-ref-EMA,5,6144,0.06616607346647904,0.042990321169296894,0.023175752297182148
19307,ON-ref-EMA,6,7168,0.06706626279489114,0.04565751316646735,0.02140874962842379
19307,ON-ref-EMA,7,8192,0.06562221208136257,0.045502729651828604,0.020119482429533965
19307,ON-R256,0,1024,0.13791433052049604,0.04326065611094236,0.09465367440955368
19307,ON-R256,1,2048,0.0898349572347282,0.043752790056169034,0.04608216717855917
19307,ON-R256,2,3072,0.08011686592212,0.045852093895276384,0.034264772026843617
19307,ON-R256,3,4096,0.07179774460608324,0.042479803599417214,0.029317941006666022
19307,ON-R256,4,5120,0.07345853528177887,0.044426529419918856,0.029032005861860014
19307,ON-R256,5,6144,0.07005952270381038,0.042990321169296894,0.02706920153451349
19307,ON-R256,6,7168,0.07164521685192914,0.04565751316646735,0.025987703685461785
19307,ON-R256,7,8192,0.0675145064252393,0.045502729651828604,0.0220117767734107
19307,ON-R256-EMA,0,1024,0.21390593799059732,0.04326065611094236,0.17064528187965494
19307,ON-R256-EMA,1,2048,0.11275127368642421,0.043752790056169034,0.06899848363025518
19307,ON-R256-EMA,2,3072,0.07585747062595864,0.045852093895276384,0.030005376730682258
19307,ON-R256-EMA,3,4096,0.06169480370184584,0.042479803599417214,0.019215000102428624
19307,ON-R256-EMA,4,5120,0.060673648609125275,0.044426529419918856,0.01624711918920642
19307,ON-R256-EMA,5,6144,0.05751888606515727,0.042990321169296894,0.014528564895860373
19307,ON-R256-EMA,6,7168,0.05788169695821192,0.04565751316646735,0.012224183791744572
19307,ON-R256-EMA,7,8192,0.057291731397721174,0.045502729651828604,0.01178900174589257
19308,ON-ref,0,1024,0.14802641179102527,0.043098290823400026,0.10492812096762524
19308,ON-ref,1,2048,0.08809973299166625,0.04146853064497311,0.046631202346693136
19308,ON-ref,2,3072,0.08458881148364672,0.04560931057979663,0.03897950090385009
19308,ON-ref,3,4096,0.08295992918701782,0.042846049865086874,0.040113879321930945
19308,ON-ref,4,5120,0.07943155416003606,0.041746696519354975,0.03768485764068108
19308,ON-ref,5,6144,0.0829083081757561,0.04467393221954505,0.038234375956211056
19308,ON-ref,6,7168,0.07630844499150041,0.043268998029331374,0.03303944696216904
19308,ON-ref,7,8192,0.08470757586102756,0.04628294042001167,0.03842463544101589
19308,ON-ref-EMA,0,1024,0.21582569546586886,0.043098290823400026,0.17272740464246883
19308,ON-ref-EMA,1,2048,0.1228162624866845,0.04146853064497311,0.08134773184171137
19308,ON-ref-EMA,2,3072,0.0811879924917305,0.04560931057979663,0.035578681911933877
19308,ON-ref-EMA,3,4096,0.06896238665732468,0.042846049865086874,0.026116336792237807
19308,ON-ref-EMA,4,5120,0.06611180853520675,0.041746696519354975,0.024365112015851773
19308,ON-ref-EMA,5,6144,0.06445457326716603,0.04467393221954505,0.019780641047620978
19308,ON-ref-EMA,6,7168,0.06438508808283767,0.043268998029331374,0.0211160900535063
19308,ON-ref-EMA,7,8192,0.06955852139667565,0.04628294042001167,0.023275580976663976
19308,ON-R256,0,1024,0.14878680623266177,0.043098290823400026,0.10568851540926175
19308,ON-R256,1,2048,0.0850909027208809,0.04146853064497311,0.043622372075907793
19308,ON-R256,2,3072,0.07949697819755813,0.04560931057979663,0.033887667617761505
19308,ON-R256,3,4096,0.07446952484353653,0.042846049865086874,0.03162347497844965
19308,ON-R256,4,5120,0.07085873826399994,0.041746696519354975,0.029112041744644962
19308,ON-R256,5,6144,0.07319523633001698,0.04467393221954505,0.028521304110471934
19308,ON-R256,6,7168,0.0685230630901131,0.043268998029331374,0.025254065060781733
19308,ON-R256,7,8192,0.07228307860072156,0.04628294042001167,0.026000138180709884
19308,ON-R256-EMA,0,1024,0.21584210891183936,0.043098290823400026,0.17274381808843933
19308,ON-R256-EMA,1,2048,0.12271709942778802,0.04146853064497311,0.08124856878281492
19308,ON-R256-EMA,2,3072,0.08036766785094134,0.04560931057979663,0.03475835727114471
19308,ON-R256-EMA,3,4096,0.06414608820036802,0.042846049865086874,0.021300038335281143
19308,ON-R256-EMA,4,5120,0.0583243118955387,0.041746696519354975,0.016577615376183727
19308,ON-R256-EMA,5,6144,0.05634948304934201,0.04467393221954505,0.01167555082979696
19308,ON-R256-EMA,6,7168,0.05584674245075688,0.043268998029331374,0.012577744421425507
19308,ON-R256-EMA,7,8192,0.060236136348304624,0.04628294042001167,0.013953195928292951
19309,ON-ref,0,1024,0.14754673163200654,0.04559177954991658,0.10195495208208996
19309,ON-ref,1,2048,0.09887035392946501,0.042357519703606766,0.05651283422585825
19309,ON-ref,2,3072,0.08201446158051179,0.045135144827266535,0.03687931675324525
19309,ON-ref,3,4096,0.08077099147161496,0.04061490880946318,0.040156082662151774
19309,ON-ref,4,5120,0.07781552959936502,0.04188449649761121,0.035931033101753815
19309,ON-ref,5,6144,0.07980306222568537,0.04519473109394312,0.03460833113174225
19309,ON-ref,6,7168,0.07946637610672602,0.04275806794563929,0.03670830816108673
19309,ON-ref,7,8192,0.07986977579601498,0.044354233890771866,0.035515541905243114
19309,ON-ref-EMA,0,1024,0.2167466492768394,0.04559177954991658,0.17115486972692281
19309,ON-ref-EMA,1,2048,0.11832279812329563,0.042357519703606766,0.07596527841968886
19309,ON-ref-EMA,2,3072,0.08056445598074952,0.045135144827266535,0.03542931115348298
19309,ON-ref-EMA,3,4096,0.06527991902079144,0.04061490880946318,0.02466501021132826
19309,ON-ref-EMA,4,5120,0.06293198260427216,0.04188449649761121,0.021047486106660948
19309,ON-ref-EMA,5,6144,0.06616597464476609,0.04519473109394312,0.02097124355082297
19309,ON-ref-EMA,6,7168,0.06405297342617482,0.04275806794563929,0.021294905480535524
19309,ON-ref-EMA,7,8192,0.06369987238435575,0.044354233890771866,0.01934563849358388
19309,ON-R256,0,1024,0.14745910796811962,0.04559177954991658,0.10186732841820303
19309,ON-R256,1,2048,0.09671500038192155,0.042357519703606766,0.05435748067831478
19309,ON-R256,2,3072,0.08160192957326913,0.045135144827266535,0.036466784746002595
19309,ON-R256,3,4096,0.07182445068839464,0.04061490880946318,0.031209541878931463
19309,ON-R256,4,5120,0.06616725624748639,0.04188449649761121,0.024282759749875177
19309,ON-R256,5,6144,0.07063656024762754,0.04519473109394312,0.025441829153684425
19309,ON-R256,6,7168,0.06655799660175545,0.04275806794563929,0.023799928656116152
19309,ON-R256,7,8192,0.06945378850519693,0.044354233890771866,0.025099554614425063
19309,ON-R256-EMA,0,1024,0.21678771756828136,0.04559177954991658,0.17119593801836477
19309,ON-R256-EMA,1,2048,0.11892708349917253,0.042357519703606766,0.07656956379556576
19309,ON-R256-EMA,2,3072,0.0812760119355188,0.045135144827266535,0.03614086710825226
19309,ON-R256-EMA,3,4096,0.06294960271666127,0.04061490880946318,0.022334693907198083
19309,ON-R256-EMA,4,5120,0.05611468878252839,0.04188449649761121,0.014230192284917183
19309,ON-R256-EMA,5,6144,0.05898459682412899,0.04519473109394312,0.013789865730185868
19309,ON-R256-EMA,6,7168,0.05430480188974458,0.04275806794563929,0.01154673394410529
19309,ON-R256-EMA,7,8192,0.05635713308555623,0.044354233890771866,0.012002899194784367
19310,ON-ref,0,1024,0.13444318389306292,0.045769631800552206,0.08867355209251071
19310,ON-ref,1,2048,0.0948450183705202,0.04322971080740293,0.051615307563117274
19310,ON-ref,2,3072,0.08585306780169213,0.042044428860147795,0.04380863894154434
19310,ON-ref,3,4096,0.08308627784371869,0.042737145473559696,0.040349132370159
19310,ON-ref,4,5120,0.07911227173273683,0.04331540496399005,0.03579686676874678
19310,ON-ref,5,6144,0.07713877471008715,0.04427484665066004,0.03286392805942711
19310,ON-ref,6,7168,0.07684838377900999,0.044826566241681576,0.03202181753732841
19310,ON-ref,7,8192,0.07951613598862099,0.04411216527223587,0.035403970716385125
19310,ON-ref-EMA,0,1024,0.2113265012800715,0.045769631800552206,0.16555686947951928
19310,ON-ref-EMA,1,2048,0.11730317227728958,0.04322971080740293,0.07407346146988665
19310,ON-ref-EMA,2,3072,0.08188854341116215,0.042044428860147795,0.03984411455101436
19310,ON-ref-EMA,3,4096,0.06911556569525336,0.042737145473559696,0.026378420221693663
19310,ON-ref-EMA,4,5120,0.06751275652361349,0.04331540496399005,0.024197351559623444
19310,ON-ref-EMA,5,6144,0.06442413517258024,0.04427484665066004,0.020149288521920196
19310,ON-ref-EMA,6,7168,0.060001771114881405,0.044826566241681576,0.01517520487319983
19310,ON-ref-EMA,7,8192,0.06300938867680016,0.04411216527223587,0.01889722340456429
19310,ON-R256,0,1024,0.1344678635473257,0.045769631800552206,0.08869823174677349
19310,ON-R256,1,2048,0.0924059617041433,0.04322971080740293,0.04917625089674037
19310,ON-R256,2,3072,0.0775705557632386,0.042044428860147795,0.0355261269030908
19310,ON-R256,3,4096,0.07033220276651758,0.042737145473559696,0.027595057292957886
19310,ON-R256,4,5120,0.07081655516378711,0.04331540496399005,0.027501150199797063
19310,ON-R256,5,6144,0.07047802145270046,0.04427484665066004,0.026203174802040423
19310,ON-R256,6,7168,0.06630545095653763,0.044826566241681576,0.021478884714856053
19310,ON-R256,7,8192,0.07115074734166918,0.04411216527223587,0.027038582069433312
19310,ON-R256-EMA,0,1024,0.21139058264401267,0.045769631800552206,0.16562095084346046
19310,ON-R256-EMA,1,2048,0.11674251093185177,0.04322971080740293,0.07351280012444884
19310,ON-R256-EMA,2,3072,0.07945775183894677,0.042044428860147795,0.03741332297879897
19310,ON-R256-EMA,3,4096,0.06362827351905548,0.042737145473559696,0.020891128045495783
19310,ON-R256-EMA,4,5120,0.060687554529651716,0.04331540496399005,0.017372149565661667
19310,ON-R256-EMA,5,6144,0.05841321897056326,0.04427484665066004,0.014138372319903218
19310,ON-R256-EMA,6,7168,0.055504892441732415,0.044826566241681576,0.010678326200050839
19310,ON-R256-EMA,7,8192,0.05652957113520994,0.04411216527223587,0.012417405862974074
19311,ON-ref,0,1024,0.1282332623182723,0.04265484251081943,0.08557841980745289
19311,ON-ref,1,2048,0.09328306089293104,0.04043417448798815,0.05284888640494288
19311,ON-ref,2,3072,0.08887808959063101,0.0409070873633027,0.04797100222732831
19311,ON-ref,3,4096,0.08490635729837787,0.043744180165231225,0.04116217713314664
19311,ON-ref,4,5120,0.07799374795831066,0.04316034764051438,0.034833400317796276
19311,ON-ref,5,6144,0.08002498663723806,0.04315430062512557,0.03687068601211249
19311,ON-ref,6,7168,0.08055018680456852,0.04410617034882307,0.03644401645574545
19311,ON-ref,7,8192,0.08464547640937829,0.0468691123649478,0.037776364044430494
19311,ON-ref-EMA,0,1024,0.20976953861846181,0.04265484251081943,0.1671146961076424
19311,ON-ref-EMA,1,2048,0.11395063963383155,0.04043417448798815,0.0735164651458434
19311,ON-ref-EMA,2,3072,0.07753996994751122,0.0409070873633027,0.03663288258420852
19311,ON-ref-EMA,3,4096,0.06657973902602382,0.043744180165231225,0.022835558860792596
19311,ON-ref-EMA,4,5120,0.06492081195115558,0.04316034764051438,0.0217604643106412
19311,ON-ref-EMA,5,6144,0.06463964737615457,0.04315430062512557,0.021485346751029005
19311,ON-ref-EMA,6,7168,0.06565995502372218,0.04410617034882307,0.021553784674899115
19311,ON-ref-EMA,7,8192,0.06990317629316646,0.0468691123649478,0.023034063928218662
19311,ON-R256,0,1024,0.12772533516657383,0.04265484251081943,0.0850704926557544
19311,ON-R256,1,2048,0.08692625901516152,0.04043417448798815,0.046492084527173363
19311,ON-R256,2,3072,0.0761040436214939,0.0409070873633027,0.03519695625819119
19311,ON-R256,3,4096,0.07255709724562297,0.043744180165231225,0.028812917080391742
19311,ON-R256,4,5120,0.07100315563265733,0.04316034764051438,0.02784280799214295
19311,ON-R256,5,6144,0.06916212590271922,0.04315430062512557,0.026007825277593655
19311,ON-R256,6,7168,0.0735923519153755,0.04410617034882307,0.02948618156655243
19311,ON-R256,7,8192,0.07207245537094674,0.0468691123649478,0.02520334300599894
19311,ON-R256-EMA,0,1024,0.20989030589178084,0.04265484251081943,0.1672354633809614
19311,ON-R256-EMA,1,2048,0.11321677458741423,0.04043417448798815,0.07278260009942608
19311,ON-R256-EMA,2,3072,0.07298238231941989,0.0409070873633027,0.03207529495611719
19311,ON-R256-EMA,3,4096,0.06098444175384269,0.043744180165231225,0.017240261588611465
19311,ON-R256-EMA,4,5120,0.059177174858859226,0.04316034764051438,0.016016827218344847
19311,ON-R256-EMA,5,6144,0.05617186628304374,0.04315430062512557,0.013017565657918173
19311,ON-R256-EMA,6,7168,0.05749942488861014,0.04410617034882307,0.01339325453978707
19311,ON-R256-EMA,7,8192,0.05853592505506085,0.0468691123649478,0.011666812690113049
19312,ON-ref,0,1024,0.13802881052909058,0.045469572953879836,0.09255923757521074
19312,ON-ref,1,2048,0.09451116612638916,0.04399904757738113,0.05051211854900803
19312,ON-ref,2,3072,0.08032484341892251,0.04251654526839654,0.03780829815052598
19312,ON-ref,3,4096,0.080956811640193,0.04219063830872377,0.03876617333146923
19312,ON-ref,4,5120,0.0801215668605195,0.04349850577612718,0.03662306108439231
19312,ON-ref,5,6144,0.08146870085529416,0.044706275500357155,0.036762425354937005
19312,ON-ref,6,7168,0.08062563838637621,0.042075560738643006,0.0385500776477332
19312,ON-ref,7,8192,0.07872622100834649,0.042922118492424485,0.035804102515922004
19312,ON-ref-EMA,0,1024,0.2134433526081483,0.045469572953879836,0.16797377965426846
19312,ON-ref-EMA,1,2048,0.12060066924847263,0.04399904757738113,0.0766016216710915
19312,ON-ref-EMA,2,3072,0.0782718481397368,0.04251654526839654,0.03575530287134026
19312,ON-ref-EMA,3,4096,0.0665679539865348,0.04219063830872377,0.024377315677811026
19312,ON-ref-EMA,4,5120,0.0645710940072079,0.04349850577612718,0.021072588231080713
19312,ON-ref-EMA,5,6144,0.06481005004676026,0.044706275500357155,0.0201037745464031
19312,ON-ref-EMA,6,7168,0.06556360125617508,0.042075560738643006,0.023488040517532074
19312,ON-ref-EMA,7,8192,0.06523593876763273,0.042922118492424485,0.022313820275208243
19312,ON-R256,0,1024,0.13965406157127846,0.045469572953879836,0.09418448861739863
19312,ON-R256,1,2048,0.08938766755869483,0.04399904757738113,0.0453886199813137
19312,ON-R256,2,3072,0.07445279744568918,0.04251654526839654,0.031936252177292644
19312,ON-R256,3,4096,0.0703717741369947,0.04219063830872377,0.028181135828270934
19312,ON-R256,4,5120,0.07117353469690835,0.04349850577612718,0.027675028920781164
19312,ON-R256,5,6144,0.07096311404081722,0.044706275500357155,0.026256838540460063
19312,ON-R256,6,7168,0.06811064616913906,0.042075560738643006,0.026035085430496055
19312,ON-R256,7,8192,0.06742967492548617,0.042922118492424485,0.024507556433061684
19312,ON-R256-EMA,0,1024,0.21349787721346805,0.045469572953879836,0.1680283042595882
19312,ON-R256-EMA,1,2048,0.12191530050867623,0.04399904757738113,0.0779162529312951
19312,ON-R256-EMA,2,3072,0.07605178842524321,0.04251654526839654,0.033535243156846674
19312,ON-R256-EMA,3,4096,0.05989989014239962,0.04219063830872377,0.017709251833675846
19312,ON-R256-EMA,4,5120,0.05741392855088369,0.04349850577612718,0.013915422774756506
19312,ON-R256-EMA,5,6144,0.0580409331633878,0.044706275500357155,0.013334657663030644
19312,ON-R256-EMA,6,7168,0.05746636279823171,0.042075560738643006,0.015390802059588704
19312,ON-R256-EMA,7,8192,0.055744043210930336,0.042922118492424485,0.01282192471850585
