seed,arm,N,privileged,learner_brier,O_brier,excess,survival,O_survival,survival_regret,marginal_gain,cue0_benefit,cue1_benefit,cue2_benefit,O_cue0_benefit,O_cue1_benefit,O_cue2_benefit,elapsed_seconds,total_macs,memory_bytes,optimizer_steps
19301,ON-ref,8192,False,0.08349740294025547,0.04297733282825599,0.04052007011199948,0.625,0.662109375,0.037109375,0.14243711892127048,0.016602940865262934,0.008127275401210651,0.171178782066509,0.03831032497497898,0.01806486644782125,0.217204281884349,50.80468370000017,192852172800,1740712,3072
19301,ON-R256,8192,False,0.07036882383999518,0.04297733282825599,0.02739149101173919,0.623046875,0.662109375,0.0390625,0.15556569802153075,0.015916529438821617,0.003324253712908072,0.17592676300204782,0.03831032497497898,0.01806486644782125,0.217204281884349,51.79314359998534,192852172800,13575848,3072
19301,ON-ref-EMA,8192,False,0.06857936171297525,0.04297733282825599,0.025602028884719262,0.6435546875,0.662109375,0.0185546875,0.15735516014855067,0.015916058505856083,0.006782808663608655,0.1995001762909337,0.03831032497497898,0.01806486644782125,0.217204281884349,50.80468370000017,192852172800,1740712,3072
19301,ON-R256-EMA,8192,False,0.05751480477763744,0.04297733282825599,0.014537471949381452,0.6484375,0.662109375,0.013671875,0.16841971708388848,0.018090240705907288,0.0033866858318598,0.19985982218598014,0.03831032497497898,0.01806486644782125,0.217204281884349,51.79314359998534,192852172800,13575848,3072
19301,OFF-pixel,2048,False,0.0674161392156252,0.04297733282825599,0.024438806387369207,0.6279296875,0.662109375,0.0341796875,0.15842315215344938,0.005674745399073866,0.0023431547433673955,0.16987301811073874,0.03831032497497898,0.01806486644782125,0.217204281884349,17.93078710001282,67796152320,2506352,2040
19301,OFF-pixel,8192,False,0.057633689578318686,0.04297733282825599,0.014656356750062695,0.646484375,0.662109375,0.015625,0.16830083228320725,0.014895198481918968,0.0033136505807960827,0.1889721633484806,0.03831032497497898,0.01806486644782125,0.217204281884349,68.8352311000126,269984952320,7249520,8200
19301,OFF-pixel,32768,False,0.053510654154634345,0.04297733282825599,0.010533321326378353,0.6591796875,0.662109375,0.0029296875,0.17229091344389233,0.025040964215108222,0.007577244388824796,0.20605512103068685,0.03831032497497898,0.01806486644782125,0.217204281884349,274.6097651000018,1077122641920,26222192,32760
19301,OFF-feature,2048,True,0.06645590696359323,0.04297733282825599,0.023478574135337237,0.6171875,0.662109375,0.044921875,0.15938338440548133,0.01651051372865328,0.005080121805634705,0.15241544802689005,0.03831032497497898,0.01806486644782125,0.217204281884349,45.38798919998953,463636971520,737188,31570
19301,OFF-feature,8192,True,0.05259046701485452,0.04297733282825599,0.00961313418659853,0.642578125,0.662109375,0.01953125,0.17334405484667142,0.023493967013055145,0.007796296996536181,0.19395776496567693,0.03831032497497898,0.01806486644782125,0.217204281884349,137.838036000001,1521808171008,1302436,96018
19301,OFF-feature,32768,True,0.04850234347088489,0.04297733282825599,0.005525010642628898,0.65625,0.662109375,0.005859375,0.1772992241276418,0.03126858808018705,0.012897398628022368,0.20864369922482873,0.03831032497497898,0.01806486644782125,0.217204281884349,443.60226480002893,4972831539200,3563428,311060
19301,OFF-feature-all,2048,True,0.05160233591798759,0.04297733282825599,0.008625003089731596,0.65234375,0.662109375,0.009765625,0.17423695545108697,0.023120413926988187,0.007505951069894323,0.19287318117534843,0.03831032497497898,0.01806486644782125,0.217204281884349,55.05444520002493,571338153984,737188,38913
19301,OFF-feature-all,8192,True,0.04777822532335528,0.04297733282825599,0.004800892495099289,0.65234375,0.662109375,0.009765625,0.17815629653817067,0.029127933726957364,0.013811334663790378,0.20691678636188413,0.03831032497497898,0.01806486644782125,0.217204281884349,153.10998490001657,1698521137152,1302436,107172
19301,OFF-feature-all,32768,True,0.04477726706920856,0.04297733282825599,0.0017999342409525665,0.66015625,0.662109375,0.001953125,0.18102430052931812,0.03514728908244169,0.016621933524464574,0.21431267066830886,0.03831032497497898,0.01806486644782125,0.217204281884349,472.0280456999899,5288947318784,3563428,330836
19302,ON-ref,8192,False,0.07770438204411348,0.04584883638502409,0.031855545659089386,0.6640625,0.6953125,0.03125,0.14495187631806566,0.015923888631947346,-0.001142399092553134,0.19468763107965137,0.031729492948701005,0.017327666344741983,0.22389638577070503,50.54973880001489,192852172800,1740712,3072
19302,ON-R256,8192,False,0.06470621452120082,0.04584883638502409,0.018857378136176724,0.6787109375,0.6953125,0.0166015625,0.15795004384097833,0.018768027528222674,0.0012167983187665495,0.19794828978483148,0.031729492948701005,0.017327666344741983,0.22389638577070503,51.62102990000858,192852172800,13575848,3072
19302,ON-ref-EMA,8192,False,0.06652971513262909,0.04584883638502409,0.020680878747605,0.6826171875,0.6953125,0.0126953125,0.15612654322955005,0.01618435392175034,0.0030995199459586606,0.21889687436703806,0.031729492948701005,0.017327666344741983,0.22389638577070503,50.54973880001489,192852172800,1740712,3072
19302,ON-R256-EMA,8192,False,0.0566847393688688,0.04584883638502409,0.010835902983844709,0.6787109375,0.6953125,0.0166015625,0.16597151899331034,0.017664157813814467,0.00369145577972195,0.21970666951662582,0.031729492948701005,0.017327666344741983,0.22389638577070503,51.62102990000858,192852172800,13575848,3072
19302,OFF-pixel,2048,False,0.0770565859729655,0.04584883638502409,0.031207749587941404,0.662109375,0.6953125,0.033203125,0.14641857938846536,-0.0014276929699199373,0.002101682052385506,0.17140296802749694,0.031729492948701005,0.017327666344741983,0.22389638577070503,17.6922138000009,67796152320,2506352,2040
19302,OFF-pixel,8192,False,0.05788094990089626,0.04584883638502409,0.012032113515872168,0.673828125,0.6953125,0.021484375,0.16477530846128288,0.010755179963970712,0.004654402490017879,0.19404692175565108,0.031729492948701005,0.017327666344741983,0.22389638577070503,69.6673755000229,269984952320,7249520,8200
19302,OFF-pixel,32768,False,0.05352669435393907,0.04584883638502409,0.007677857968914979,0.6865234375,0.6953125,0.0087890625,0.1688615863450746,0.02158793971768509,0.00793568103255968,0.20724071161820928,0.031729492948701005,0.017327666344741983,0.22389638577070503,272.95271000003413,1077122641920,26222192,32760
19302,OFF-feature,2048,True,0.06432826985415158,0.04584883638502409,0.018479433469127483,0.6640625,0.6953125,0.03125,0.15914689550727928,0.00830016917266721,0.006141330008341626,0.1797236624556408,0.031729492948701005,0.017327666344741983,0.22389638577070503,43.63309110001137,446183014400,737188,30380
19302,OFF-feature,8192,True,0.050404287932343195,0.04584883638502409,0.004555451547319102,0.681640625,0.6953125,0.013671875,0.17225197042983595,0.02347561531347042,0.009542760028333257,0.2093770689748437,0.031729492948701005,0.017327666344741983,0.22389638577070503,121.97753650003142,1337268756480,1302436,84370
19302,OFF-feature,32768,True,0.0478461942032075,0.04584883638502409,0.001997357818183408,0.69140625,0.6953125,0.00390625,0.17454208649580616,0.02732362079731905,0.013438675149993022,0.21645717493892372,0.031729492948701005,0.017327666344741983,0.22389638577070503,461.799317399993,5135828738048,3563428,321257
19302,OFF-feature-all,2048,True,0.053830315755216504,0.04584883638502409,0.007981479370192411,0.6796875,0.6953125,0.015625,0.16964484960621434,0.01783143103908874,0.010460485608960839,0.20792263364137406,0.031729492948701005,0.017327666344741983,0.22389638577070503,54.06330349997734,564253900800,737188,38430
19302,OFF-feature-all,8192,True,0.04807358353410728,0.04584883638502409,0.0022247471490831894,0.689453125,0.6953125,0.005859375,0.17458267482807185,0.026625418100130617,0.011183914413681606,0.21845997126320857,0.031729492948701005,0.017327666344741983,0.22389638577070503,160.72909799998888,1787083579392,1302436,112762
19302,OFF-feature-all,32768,True,0.047092768901801516,0.04584883638502409,0.0012439325167774226,0.693359375,0.6953125,0.001953125,0.17529551179721214,0.030333275889377703,0.016285038648300852,0.2203330206298502,0.031729492948701005,0.017327666344741983,0.22389638577070503,519.417495499998,5830624878592,3563428,364723
19303,ON-ref,8192,False,0.0860648567284314,0.04500187747956564,0.041062979248865754,0.650390625,0.67578125,0.025390625,0.13824183768268097,0.01506881063907764,0.0029884537770758918,0.1852140763598852,0.03121860502287746,0.01677918027465542,0.2173046286942231,52.16838740000094,192852172800,1740712,3072
19303,ON-R256,8192,False,0.06975132199928219,0.04500187747956564,0.02474944451971655,0.658203125,0.67578125,0.017578125,0.15455537241183018,0.012391956603609276,0.0009795235370317623,0.18840299986898965,0.03121860502287746,0.01677918027465542,0.2173046286942231,51.901311599998735,192852172800,13575848,3072
19303,ON-ref-EMA,8192,False,0.06848008264735814,0.04500187747956564,0.023478205167792497,0.6533203125,0.67578125,0.0224609375,0.15582661176375423,0.01262838453168856,0.006486099598729041,0.20274771435765032,0.03121860502287746,0.01677918027465542,0.2173046286942231,52.16838740000094,192852172800,1740712,3072
19303,ON-R256-EMA,8192,False,0.05834048799398782,0.04500187747956564,0.01333861051442218,0.6630859375,0.67578125,0.0126953125,0.16596620641712456,0.014058353349213432,0.003527158733319942,0.20287161729136488,0.03121860502287746,0.01677918027465542,0.2173046286942231,51.901311599998735,192852172800,13575848,3072
19303,OFF-pixel,2048,False,0.07401593200266814,0.04500187747956564,0.029014054523102496,0.625,0.67578125,0.05078125,0.15067170140176256,0.008551912718255054,-0.00047998898043609406,0.16508865709636758,0.03121860502287746,0.01677918027465542,0.2173046286942231,17.98617610000656,67796152320,2506352,2040
19303,OFF-pixel,8192,False,0.0605062417876312,0.04500187747956564,0.015504364308065559,0.6591796875,0.67578125,0.0166015625,0.16380045262348117,0.013761969440570607,0.003145070864824906,0.1914024439810022,0.03121860502287746,0.01677918027465542,0.2173046286942231,69.57954660000541,269984952320,7249520,8200
19303,OFF-pixel,32768,False,0.05261420090890013,0.04500187747956564,0.007612323429334489,0.662109375,0.67578125,0.013671875,0.17176953021623684,0.02368009645101808,0.011216335073205352,0.20738531500365487,0.03121860502287746,0.01677918027465542,0.2173046286942231,279.0095898000218,1077122641920,26222192,32760
19303,OFF-feature,2048,True,0.06714132497331285,0.04500187747956564,0.02213944749374721,0.6328125,0.67578125,0.04296875,0.15754630843111786,0.014363736004927755,-0.00036082871660093885,0.1621187461810511,0.03121860502287746,0.01677918027465542,0.2173046286942231,43.80025329999626,452137893888,737188,30786
19303,OFF-feature,8192,True,0.05243889447996855,0.04500187747956564,0.007437017000402911,0.658203125,0.67578125,0.017578125,0.17186779993114382,0.019838167815068128,0.008637426340837008,0.19178366706263167,0.03121860502287746,0.01677918027465542,0.2173046286942231,138.11934270001075,1523867762688,1302436,96148
19303,OFF-feature,32768,True,0.04909632341369258,0.04500187747956564,0.004094445934126938,0.6640625,0.67578125,0.01171875,0.17528740771144438,0.02623106076072479,0.0114995900637316,0.20912835561463708,0.03121860502287746,0.01677918027465542,0.2173046286942231,405.8769212999905,4549697396736,3563428,284589
19303,OFF-feature-all,2048,True,0.05361960176977973,0.04500187747956564,0.008617724290214089,0.658203125,0.67578125,0.017578125,0.17106803163465098,0.022589354693114724,0.004546308084462533,0.19590137802203875,0.03121860502287746,0.01677918027465542,0.2173046286942231,48.622344699993846,504602435584,737188,34363
19303,OFF-feature-all,8192,True,0.048126911128443084,0.04500187747956564,0.003125033648877444,0.66015625,0.67578125,0.015625,0.17617978328266928,0.02835332531742908,0.012052816696705777,0.2101188501584187,0.03121860502287746,0.01677918027465542,0.2173046286942231,170.39456860000791,1893358510080,1302436,119470
19303,OFF-feature-all,32768,True,0.04701174906703938,0.04500187747956564,0.0020098715874737397,0.662109375,0.67578125,0.013671875,0.17737198205809757,0.029932536339672133,0.01385351964854236,0.21444611294561458,0.03121860502287746,0.01677918027465542,0.2173046286942231,433.18126650001795,4882277539840,3563428,305395
19304,ON-ref,8192,False,0.07851517474375336,0.044566300231963396,0.03394887451178996,0.6630859375,0.69140625,0.0283203125,0.14358516508416633,0.004757901858666765,0.0011902019601956193,0.18942817957733424,0.030392815622811507,0.010546244898190102,0.21248296465103828,51.426937199998065,192852172800,1740712,3072
19304,ON-R256,8192,False,0.06410787606734474,0.044566300231963396,0.01954157583538134,0.673828125,0.69140625,0.017578125,0.15799246376057496,0.017221809370304722,0.003385872528603652,0.19128660479192244,0.030392815622811507,0.010546244898190102,0.21248296465103828,52.16793919999327,192852172800,13575848,3072
19304,ON-ref-EMA,8192,False,0.06313363995771029,0.044566300231963396,0.018567339725746895,0.6796875,0.69140625,0.01171875,0.1589666998702094,0.013568760514611304,0.00041314451057607865,0.20999385334989007,0.030392815622811507,0.010546244898190102,0.21248296465103828,51.426937199998065,192852172800,1740712,3072
19304,ON-R256-EMA,8192,False,0.054662440472059,0.044566300231963396,0.010096140240095607,0.6845703125,0.69140625,0.0068359375,0.16743789935586068,0.014705967176380223,0.0028051855462414566,0.2055456375194731,0.030392815622811507,0.010546244898190102,0.21248296465103828,52.16793919999327,192852172800,13575848,3072
19304,OFF-pixel,2048,False,0.06857679075824026,0.044566300231963396,0.024010490526276865,0.6669921875,0.69140625,0.0244140625,0.15406253583724577,0.001650882258949861,-0.0004696025192425096,0.1706953907399077,0.030392815622811507,0.010546244898190102,0.21248296465103828,17.963639600020542,67796152320,2506352,2040
19304,OFF-pixel,8192,False,0.05686008277699387,0.044566300231963396,0.012293782545030475,0.68359375,0.69140625,0.0078125,0.16524025705092582,0.013113053759949214,0.0022972731380028998,0.20071675626396174,0.030392815622811507,0.010546244898190102,0.21248296465103828,70.52126369995676,269984952320,7249520,8200
19304,OFF-pixel,32768,False,0.05049112952874699,0.044566300231963396,0.005924829296783597,0.69140625,0.69140625,0.0,0.17147392748834267,0.02856007148393223,0.0076071949264991424,0.20223676842035654,0.030392815622811507,0.010546244898190102,0.21248296465103828,279.1621032999901,1077122641920,26222192,32760
19304,OFF-feature,2048,True,0.06598900265650406,0.044566300231963396,0.02142270242454067,0.662109375,0.69140625,0.029296875,0.15665032393898198,0.012593742708183128,0.0027640147435902956,0.168080956649091,0.030392815622811507,0.010546244898190102,0.21248296465103828,40.94762840000476,419899408384,737188,28588
19304,OFF-feature,8192,True,0.05217115435031302,0.044566300231963396,0.007604854118349623,0.68359375,0.69140625,0.0078125,0.16992918547760666,0.02056295863702426,0.005518095179672763,0.19742565327876863,0.030392815622811507,0.010546244898190102,0.21248296465103828,133.63557720002427,1483087847424,1302436,93574
19304,OFF-feature,32768,True,0.04656832371589556,0.044566300231963396,0.002002023483932164,0.6875,0.69140625,0.00390625,0.1753967333011941,0.027814846552744542,0.008942123329243032,0.20870722083607363,0.030392815622811507,0.010546244898190102,0.21248296465103828,454.6085416999995,5114425065472,3563428,319918
19304,OFF-feature-all,2048,True,0.05243838060190979,0.044566300231963396,0.007872080369946396,0.685546875,0.69140625,0.005859375,0.17020094599357627,0.02320759332268997,0.0072421427176016795,0.19617191719964155,0.030392815622811507,0.010546244898190102,0.21248296465103828,47.99827219999861,503062380544,737188,34258
19304,OFF-feature-all,8192,True,0.04655712356432594,0.044566300231963396,0.001990823332362543,0.6875,0.69140625,0.00390625,0.17554321626359376,0.026579118659945555,0.01014508021012376,0.20772819434175774,0.030392815622811507,0.010546244898190102,0.21248296465103828,164.60606880000705,1823744311296,1302436,115076
19304,OFF-feature-all,32768,True,0.04495770344762798,0.044566300231963396,0.0003914032156645819,0.69140625,0.69140625,0.0,0.17700735356946168,0.029936935859155328,0.010557383573333544,0.21083105681990458,0.030392815622811507,0.010546244898190102,0.21248296465103828,513.9861826999913,5799342587904,3563428,362766
19305,ON-ref,8192,False,0.08377603158950386,0.04570459867051492,0.03807143291898894,0.62890625,0.6640625,0.03515625,0.14148702861630838,0.013767423738297806,0.012272595775984545,0.18436670521853232,0.031002882309258004,0.015407175508638224,0.22665419077707663,51.07650869998179,192852172800,1740712,3072
19305,ON-R256,8192,False,0.07566807069540078,0.04570459867051492,0.029963472024885862,0.6416015625,0.6640625,0.0224609375,0.14959498951041145,0.008150512026087658,0.004791561893701654,0.18190730349268558,0.031002882309258004,0.015407175508638224,0.22665419077707663,51.41665479999938,192852172800,13575848,3072
19305,ON-ref-EMA,8192,False,0.06880314238011616,0.04570459867051492,0.023098543709601238,0.6455078125,0.6640625,0.0185546875,0.15645991782569607,0.01284156443964568,0.0062362647205383495,0.2064927525306967,0.031002882309258004,0.015407175508638224,0.22665419077707663,51.07650869998179,192852172800,1740712,3072
19305,ON-R256-EMA,8192,False,0.057036816609215404,0.04570459867051492,0.011332217938700484,0.662109375,0.6640625,0.001953125,0.16822624359659683,0.01190721464207254,0.0029227456288038293,0.21415260769132838,0.031002882309258004,0.015407175508638224,0.22665419077707663,51.41665479999938,192852172800,13575848,3072
19305,OFF-pixel,2048,False,0.07628893760656036,0.04570459867051492,0.030584338936045438,0.619140625,0.6640625,0.044921875,0.15030718792152947,0.009051235802889496,0.003433632802919105,0.1722339383722131,0.031002882309258004,0.015407175508638224,0.22665419077707663,17.85195510003541,67796152320,2506352,2040
19305,OFF-pixel,8192,False,0.05854504687182206,0.04570459867051492,0.012840448201307142,0.6591796875,0.6640625,0.0048828125,0.16671801333399017,0.006238913216472415,0.003679185182942621,0.19689515001469451,0.031002882309258004,0.015407175508638224,0.22665419077707663,71.11367830004019,269984952320,7249520,8200
19305,OFF-pixel,32768,False,0.05258964308892497,0.04570459867051492,0.0068850444184100495,0.6591796875,0.6640625,0.0048828125,0.1727613489170024,0.0269645887205508,0.009925837203939126,0.2262072208160949,0.031002882309258004,0.015407175508638224,0.22665419077707663,277.5241778000418,1077122641920,26222192,32760
19305,OFF-feature,2048,True,0.06732906238614676,0.04570459867051492,0.021624463715631842,0.642578125,0.6640625,0.021484375,0.15926706314194305,0.01668218872516146,0.004737166914613372,0.17972503704201326,0.031002882309258004,0.015407175508638224,0.22665419077707663,44.806771800002025,460043509760,737188,31325
19305,OFF-feature,8192,True,0.05412923790634889,0.04570459867051492,0.008424639235833968,0.662109375,0.6640625,0.001953125,0.17113382229946336,0.02080713991875944,0.009075107224220613,0.20450135285890872,0.031002882309258004,0.015407175508638224,0.22665419077707663,141.96996109998872,1570002616320,1302436,99060
19305,OFF-feature,32768,True,0.0490220269733186,0.04570459867051492,0.003317428302803682,0.658203125,0.6640625,0.005859375,0.17632896503260875,0.025824852058818765,0.009519297621041332,0.2111553990640473,0.031002882309258004,0.015407175508638224,0.22665419077707663,441.5937511999655,4964599357440,3563428,310545
19305,OFF-feature-all,2048,True,0.05350678847114672,0.04570459867051492,0.007802189800631798,0.654296875,0.6640625,0.009765625,0.17308933705694313,0.021045489224835123,0.008975911424509778,0.20646385125117925,0.031002882309258004,0.015407175508638224,0.22665419077707663,51.91963380001107,541255745536,737188,36862
19305,OFF-feature-all,8192,True,0.04787011513942041,0.04570459867051492,0.00216551646890549,0.662109375,0.6640625,0.001953125,0.17739294506639183,0.0276999657647684,0.013540871837308302,0.22058003550963357,0.031002882309258004,0.015407175508638224,0.22665419077707663,168.39268209999864,1879765204992,1302436,118612
19305,OFF-feature-all,32768,True,0.04752345015385699,0.04570459867051492,0.001818851483342071,0.666015625,0.6640625,-0.001953125,0.1778275418520704,0.02927293186839014,0.013169310767581557,0.2238619208499033,0.031002882309258004,0.015407175508638224,0.22665419077707663,373.86603200000536,4203945762816,3563428,262959
19306,ON-ref,8192,False,0.07764667591697648,0.04154935374390334,0.03609732217307314,0.7021484375,0.724609375,0.0224609375,0.1435461509471191,0.013254380453633675,0.004833631967435775,0.20468301207574088,0.02571013894242545,0.017628710499654213,0.22269557983511018,52.34537139999156,192852172800,1740712,3072
19306,ON-R256,8192,False,0.06607648500939194,0.04154935374390334,0.024527131265488597,0.7080078125,0.724609375,0.0166015625,0.15511634185470363,0.007750534073451214,0.005283179556163663,0.20169976880728208,0.02571013894242545,0.017628710499654213,0.22269557983511018,51.943654199989396,192852172800,13575848,3072
19306,ON-ref-EMA,8192,False,0.06336123477604924,0.04154935374390334,0.021811881032145902,0.7158203125,0.724609375,0.0087890625,0.15783159208804634,0.011940414909075561,0.004340551790375447,0.213296618441333,0.02571013894242545,0.017628710499654213,0.22269557983511018,52.34537139999156,192852172800,1740712,3072
19306,ON-R256-EMA,8192,False,0.05319448794108812,0.04154935374390334,0.011645134197184784,0.7216796875,0.724609375,0.0029296875,0.16799833892300747,0.004779243360885484,0.005301976782139398,0.21727304700995653,0.02571013894242545,0.017628710499654213,0.22269557983511018,51.943654199989396,192852172800,13575848,3072
19306,OFF-pixel,2048,False,0.06690737387421689,0.04154935374390334,0.025358020130313547,0.6796875,0.724609375,0.044921875,0.15464390971696196,0.0032763951587387596,0.0033576793167219843,0.1651458270023048,0.02571013894242545,0.017628710499654213,0.22269557983511018,18.06567750000977,67796152320,2506352,2040
19306,OFF-pixel,8192,False,0.055628755289500564,0.04154935374390334,0.014079401545597225,0.7138671875,0.724609375,0.0107421875,0.16556407157459502,0.004312372669377649,0.005979873998403495,0.19806376673419213,0.02571013894242545,0.017628710499654213,0.22269557983511018,70.92580119999184,269984952320,7249520,8200
19306,OFF-pixel,32768,False,0.04955016268465811,0.04154935374390334,0.00800080894075477,0.7236328125,0.724609375,0.0009765625,0.1716188163928058,0.021185228132379424,0.012530101688345657,0.2117755745781577,0.02571013894242545,0.017628710499654213,0.22269557983511018,274.32341130002897,1077122641920,26222192,32760
19306,OFF-feature,2048,True,0.06131623157856937,0.04154935374390334,0.019766877834666033,0.705078125,0.724609375,0.01953125,0.16023505201260946,0.00782461332191195,0.004788219910512731,0.16816936710006167,0.02571013894242545,0.017628710499654213,0.22269557983511018,46.699453700006416,484273709056,737188,32977
19306,OFF-feature,8192,True,0.050722563067583756,0.04154935374390334,0.009173209323680417,0.716796875,0.724609375,0.0078125,0.1704702637965118,0.012940983965843478,0.006693443984759191,0.20303688155555558,0.02571013894242545,0.017628710499654213,0.22269557983511018,144.0390306999834,1589774696448,1302436,100308
19306,OFF-feature,32768,True,0.0450876707029665,0.04154935374390334,0.003538316959063162,0.720703125,0.724609375,0.00390625,0.17608130837449743,0.019437363746229716,0.012755563969924923,0.21438343407148763,0.02571013894242545,0.017628710499654213,0.22269557983511018,450.7910177000231,5058446229504,3563428,316416
19306,OFF-feature-all,2048,True,0.04908874278380415,0.04154935374390334,0.007539389039900812,0.72265625,0.724609375,0.001953125,0.1724625408073747,0.012687592966419414,0.007296861673360605,0.2009894203477961,0.02571013894242545,0.017628710499654213,0.22269557983511018,52.859710499993525,551214768128,737188,37541
19306,OFF-feature-all,8192,True,0.04599915126224349,0.04154935374390334,0.004449797518340154,0.72265625,0.724609375,0.001953125,0.1751936756018521,0.018359115418802315,0.010802882926178314,0.2156215105990587,0.02571013894242545,0.017628710499654213,0.22269557983511018,171.59009859997605,1914778263552,1302436,120822
19306,OFF-feature-all,32768,True,0.04336993398810948,0.04154935374390334,0.0018205802442061436,0.71875,0.724609375,0.005859375,0.17779904508935443,0.023496837004286474,0.01683079529439497,0.2189396076007896,0.02571013894242545,0.017628710499654213,0.22269557983511018,465.3287979000088,5214857682944,3563428,326201
19307,ON-ref,8192,False,0.07950191851964805,0.04836310145134728,0.031138817068300774,0.669921875,0.689453125,0.01953125,0.14452898040189235,0.019304274463553726,0.003976470537610716,0.18714130619914254,0.03163045519031585,0.011784031397352623,0.21511128837656646,51.409525600014604,192852172800,1740712,3072
19307,ON-R256,8192,False,0.07229704979340816,0.04836310145134728,0.023933948342060883,0.6552734375,0.689453125,0.0341796875,0.15173384912813226,0.016490958965540106,0.006182414233418886,0.18036337786506484,0.03163045519031585,0.011784031397352623,0.21511128837656646,51.50171849999606,192852172800,13575848,3072
19307,ON-ref-EMA,8192,False,0.06983965262462195,0.04836310145134728,0.021476551173274676,0.6669921875,0.689453125,0.0224609375,0.15419124629691844,0.01992370402142281,0.0066178292263212105,0.1981637531586777,0.03163045519031585,0.011784031397352623,0.21511128837656646,51.409525600014604,192852172800,1740712,3072
19307,ON-R256-EMA,8192,False,0.06135570296447854,0.04836310145134728,0.01299260151313126,0.6748046875,0.689453125,0.0146484375,0.16267519595706187,0.014336059680107711,0.006698485852123286,0.19843774987320711,0.03163045519031585,0.011784031397352623,0.21511128837656646,51.50171849999606,192852172800,13575848,3072
19307,OFF-pixel,2048,False,0.07359554465675106,0.04836310145134728,0.025232443205403778,0.6455078125,0.689453125,0.0439453125,0.15058634981600003,0.00949185617161892,0.002886773614815895,0.17516209053289594,0.03163045519031585,0.011784031397352623,0.21511128837656646,18.07204970002931,67796152320,2506352,2040
19307,OFF-pixel,8192,False,0.0589957777773593,0.04836310145134728,0.010632676326012024,0.681640625,0.689453125,0.0078125,0.16503512114418112,0.016567232103718337,0.005907119457922869,0.202594090086639,0.03163045519031585,0.011784031397352623,0.21511128837656646,69.59022730003198,269984952320,7249520,8200
19307,OFF-pixel,32768,False,0.05719954578047803,0.04836310145134728,0.00883644432913075,0.6806640625,0.689453125,0.0087890625,0.1669185178643941,0.01832344153841163,0.005070142414439382,0.19456149607555678,0.03163045519031585,0.011784031397352623,0.21511128837656646,276.86131260001275,1077122641920,26222192,32760
19307,OFF-feature,2048,True,0.06439024240495522,0.04836310145134728,0.016027140953607945,0.6640625,0.689453125,0.025390625,0.15979165206779586,0.013767251227386701,0.004741057980391747,0.1674194540773278,0.03163045519031585,0.011784031397352623,0.21511128837656646,44.16113560000667,455320674304,737188,31003
19307,OFF-feature,8192,True,0.05508236185675393,0.04836310145134728,0.00671926040540665,0.677734375,0.689453125,0.01171875,0.16894853706478646,0.020846834937868805,0.007092928446681329,0.19537315188418958,0.03163045519031585,0.011784031397352623,0.21511128837656646,147.38411040002393,1638792978432,1302436,103402
19307,OFF-feature,32768,True,0.051931506716048605,0.04836310145134728,0.003568405264701327,0.68359375,0.689453125,0.005859375,0.17218655692882354,0.024225834856042405,0.009762165818348031,0.2007905881375109,0.03163045519031585,0.011784031397352623,0.21511128837656646,466.7291354999761,5213211246592,3563428,326098
19307,OFF-feature-all,2048,True,0.0561562157233491,0.04836310145134728,0.007793114272001821,0.68359375,0.689453125,0.005859375,0.168025678749402,0.018235612483979244,0.005698471288587172,0.1980448405431429,0.03163045519031585,0.011784031397352623,0.21511128837656646,53.130097300010675,555424251904,737188,37828
19307,OFF-feature-all,8192,True,0.05088641313387196,0.04836310145134728,0.002523311682524683,0.6875,0.689453125,0.001953125,0.17314448578766845,0.026361804952351693,0.009926298062118505,0.20742241518472196,0.03163045519031585,0.011784031397352623,0.21511128837656646,165.49124939999456,1835689943040,1302436,115830
19307,OFF-feature-all,32768,True,0.04986493011692217,0.04836310145134728,0.0015018286655748905,0.6875,0.689453125,0.001953125,0.17425313352794997,0.0282741787266444,0.01207775266523635,0.21167761882038738,0.03163045519031585,0.011784031397352623,0.21511128837656646,488.4139730999959,5517801971712,3563428,345153
19308,ON-ref,8192,False,0.08776748122383957,0.042330027503582335,0.04543745372025723,0.6513671875,0.693359375,0.0419921875,0.13254586703455315,0.010520035287905224,0.004044852449030974,0.1587162066896719,0.0320913909934461,0.01777529646642506,0.20551302047032446,51.963730800009216,192852172800,1740712,3072
19308,ON-R256,8192,False,0.0643726347175772,0.042330027503582335,0.02204260721399487,0.6708984375,0.693359375,0.0224609375,0.1559407135408155,0.016941075245739318,0.003233412374828843,0.17514737144497855,0.0320913909934461,0.01777529646642506,0.20551302047032446,51.75347780001175,192852172800,13575848,3072
19308,ON-ref-EMA,8192,False,0.0665874534498399,0.042330027503582335,0.02425742594625757,0.671875,0.693359375,0.021484375,0.1537258948085528,0.01234767547087949,0.006605296356542285,0.19401344029302872,0.0320913909934461,0.01777529646642506,0.20551302047032446,51.963730800009216,192852172800,1740712,3072
19308,ON-R256-EMA,8192,False,0.05572698249228164,0.042330027503582335,0.013396954988699306,0.67578125,0.693359375,0.017578125,0.16458636576611108,0.018320454203256814,0.0030667463995046676,0.1957074826690705,0.0320913909934461,0.01777529646642506,0.20551302047032446,51.75347780001175,192852172800,13575848,3072
19308,OFF-pixel,2048,False,0.06974864734337129,0.042330027503582335,0.027418619839788952,0.6396484375,0.693359375,0.0537109375,0.1509834161130093,0.005174873622323953,-2.3017014553809723e-05,0.15984099397249146,0.0320913909934461,0.01777529646642506,0.20551302047032446,17.99033570002939,67796152320,2506352,2040
19308,OFF-pixel,8192,False,0.05463447563025949,0.042330027503582335,0.012304448126677157,0.6767578125,0.693359375,0.0166015625,0.16567887262813322,0.014563318260929343,0.0038306842677441055,0.19125648004780002,0.0320913909934461,0.01777529646642506,0.20551302047032446,69.23220689999289,269984952320,7249520,8200
19308,OFF-pixel,32768,False,0.04990841752793487,0.042330027503582335,0.007578390024352538,0.689453125,0.693359375,0.00390625,0.1703730504532455,0.029642850542308384,0.011368100392164713,0.19830304583945596,0.0320913909934461,0.01777529646642506,0.20551302047032446,275.25174850002077,1077122641920,26222192,32760
19308,OFF-feature,2048,True,0.06227790204184305,0.042330027503582335,0.019947874538260718,0.666015625,0.693359375,0.02734375,0.15845416141453755,0.014177146309401423,0.005916630593497743,0.15451423994137037,0.0320913909934461,0.01777529646642506,0.20551302047032446,43.33898529999715,445566992384,737188,30338
19308,OFF-feature,8192,True,0.050201790490756175,0.042330027503582335,0.00787176298717384,0.685546875,0.693359375,0.0078125,0.17011155776763653,0.019685266600995843,0.008381351992265924,0.18433006976649832,0.0320913909934461,0.01777529646642506,0.20551302047032446,137.0002479999821,1518100905984,1302436,95784
19308,OFF-feature,32768,True,0.04582106583910432,0.042330027503582335,0.003491038335521987,0.689453125,0.693359375,0.00390625,0.17446040214207603,0.025081046806740004,0.011953684955949534,0.19841400178167684,0.0320913909934461,0.01777529646642506,0.20551302047032446,422.53166060003423,4739037577216,3563428,296434
19308,OFF-feature-all,2048,True,0.05199130089590369,0.042330027503582335,0.009661273392321354,0.685546875,0.693359375,0.0078125,0.16874076256047693,0.022868358548490737,0.012149427172376541,0.18660970817640044,0.0320913909934461,0.01777529646642506,0.20551302047032446,50.642576999991434,531399393280,737188,36190
19308,OFF-feature-all,8192,True,0.045780236066233965,0.042330027503582335,0.00345020856265163,0.6875,0.693359375,0.005859375,0.17453311219215875,0.026571749979266424,0.01584057354530044,0.20002070715641843,0.0320913909934461,0.01777529646642506,0.20551302047032446,145.46582239999407,1615313633280,1302436,101920
19308,OFF-feature-all,32768,True,0.0440156476471845,0.042330027503582335,0.0016856201436021637,0.6953125,0.693359375,-0.001953125,0.17626582033399588,0.02835342918427594,0.016643806457997373,0.20222051658201523,0.0320913909934461,0.01777529646642506,0.20551302047032446,534.5829107000172,5980450586624,3563428,374096
19309,ON-ref,8192,False,0.0840687801651718,0.039649938039171204,0.0444188421260006,0.68359375,0.701171875,0.017578125,0.1408856190530236,0.026523621813820134,0.00400322066676901,0.16891453543612905,0.036207884177565576,0.014595299524565536,0.21700071964619885,52.188811100008024,192852172800,1740712,3072
19309,ON-R256,8192,False,0.06358177569532841,0.039649938039171204,0.02393183765615721,0.689453125,0.701171875,0.01171875,0.161372623522867,0.020462221640464948,0.003364461410907925,0.1980687625448143,0.036207884177565576,0.014595299524565536,0.21700071964619885,51.88924330001464,192852172800,13575848,3072
19309,ON-ref-EMA,8192,False,0.06353786112295101,0.039649938039171204,0.023887923083779808,0.6923828125,0.701171875,0.0087890625,0.1614165380952444,0.019232092140927616,0.0013520429551148738,0.20184780732145174,0.036207884177565576,0.014595299524565536,0.21700071964619885,52.188811100008024,192852172800,1740712,3072
19309,ON-R256-EMA,8192,False,0.053792518585662905,0.039649938039171204,0.014142580546491701,0.6953125,0.701171875,0.005859375,0.17116188063253251,0.01906452126314842,0.003092324869106284,0.2063494561347366,0.036207884177565576,0.014595299524565536,0.21700071964619885,51.88924330001464,192852172800,13575848,3072
19309,OFF-pixel,2048,False,0.06913350023223981,0.039649938039171204,0.029483562193068608,0.6376953125,0.701171875,0.0634765625,0.1563371459736177,0.0028414139778905126,0.000318019310677084,0.1599252011156603,0.036207884177565576,0.014595299524565536,0.21700071964619885,19.534559700005047,67796152320,2506352,2040
19309,OFF-pixel,8192,False,0.05715381718129179,0.039649938039171204,0.017503879142120586,0.693359375,0.701171875,0.0078125,0.16780058203690362,0.01233089771167432,0.0016067980669750362,0.18565447791057543,0.036207884177565576,0.014595299524565536,0.21700071964619885,69.80400060000102,269984952320,7249520,8200
19309,OFF-pixel,32768,False,0.05183875622487781,0.039649938039171204,0.012188818185706607,0.6953125,0.701171875,0.005859375,0.1730904624654266,0.02989952254711676,0.008989157593162336,0.20512412568433575,0.036207884177565576,0.014595299524565536,0.21700071964619885,281.3718010000157,1077122641920,26222192,32760
19309,OFF-feature,2048,True,0.061497114285854554,0.039649938039171204,0.02184717624668335,0.6796875,0.701171875,0.021484375,0.16397353192000297,0.017243407726407298,0.004566971851098139,0.16597690185546513,0.036207884177565576,0.014595299524565536,0.21700071964619885,42.45681709999917,437558706176,737188,29792
19309,OFF-feature,8192,True,0.04868283173063324,0.039649938039171204,0.009032893691462034,0.6953125,0.701171875,0.005859375,0.17627156748756218,0.02512942349647579,0.008563012424557266,0.19526822247104728,0.036207884177565576,0.014595299524565536,0.21700071964619885,130.11015510001744,1440248340480,1302436,90870
19309,OFF-feature,32768,True,0.04403224861205586,0.039649938039171204,0.004382310572884657,0.701171875,0.701171875,0.0,0.18089697007824856,0.030209817353601023,0.009035628194364417,0.20656113957017383,0.036207884177565576,0.014595299524565536,0.21700071964619885,423.1572647000139,4722573213696,3563428,295404
19309,OFF-feature-all,2048,True,0.04871929353354781,0.039649938039171204,0.009069355494376603,0.69921875,0.701171875,0.001953125,0.1767513526723097,0.021593238678697613,0.007772698309646442,0.19719957626427356,0.036207884177565576,0.014595299524565536,0.21700071964619885,54.21339899999293,563432538112,737188,38374
19309,OFF-feature-all,8192,True,0.043766862262895584,0.039649938039171204,0.00411692422372438,0.701171875,0.701171875,0.0,0.18118753695529982,0.029219498718245848,0.011635158783291577,0.21003263295823438,0.036207884177565576,0.014595299524565536,0.21700071964619885,167.6615089999832,1864936144896,1302436,117676
19309,OFF-feature-all,32768,True,0.042004836297455675,0.039649938039171204,0.0023548982582844713,0.701171875,0.701171875,0.0,0.18292438239284875,0.03262765114272531,0.012748782969359655,0.2127910793497522,0.036207884177565576,0.014595299524565536,0.21700071964619885,458.4037106999749,5145707356160,3563428,321875
19310,ON-ref,8192,False,0.07639133447877572,0.041860230010934175,0.03453110446784154,0.6572265625,0.689453125,0.0322265625,0.1473910606527585,0.010423345780705695,0.005753150993482406,0.18933051358437467,0.03185674846172333,0.01672480800189078,0.22049663584265444,51.640390600012324,192852172800,1740712,3072
19310,ON-R256,8192,False,0.06518760295137388,0.041860230010934175,0.023327372940439704,0.6640625,0.689453125,0.025390625,0.15859479218016034,0.010336757575926142,0.004409890123560328,0.1863685070370879,0.03185674846172333,0.01672480800189078,0.22049663584265444,51.31801360000827,192852172800,13575848,3072
19310,ON-ref-EMA,8192,False,0.06401668070745861,0.041860230010934175,0.022156450696524436,0.66796875,0.689453125,0.021484375,0.1597657144240756,0.012759286165186172,0.0052519180835036705,0.21065083428281156,0.03185674846172333,0.01672480800189078,0.22049663584265444,51.640390600012324,192852172800,1740712,3072
19310,ON-R256-EMA,8192,False,0.05396738394833966,0.041860230010934175,0.012107153937405482,0.67578125,0.689453125,0.013671875,0.16981501118319456,0.013207172162968867,0.005050843302769371,0.21293619099662753,0.03185674846172333,0.01672480800189078,0.22049663584265444,51.31801360000827,192852172800,13575848,3072
19310,OFF-pixel,2048,False,0.0712445144775557,0.041860230010934175,0.029384284466621523,0.61328125,0.689453125,0.076171875,0.15301413988897886,0.0016520526161998492,0.0013785800865804484,0.1740752749599103,0.03185674846172333,0.01672480800189078,0.22049663584265444,20.329136899999867,67796152320,2506352,2040
19310,OFF-pixel,8192,False,0.05534204484281412,0.041860230010934175,0.013481814831879942,0.6591796875,0.689453125,0.0302734375,0.16844035028872012,0.01705066725484214,0.007379110793884484,0.20532609201850247,0.03185674846172333,0.01672480800189078,0.22049663584265444,69.58682590003446,269984952320,7249520,8200
19310,OFF-pixel,32768,False,0.05085648386600787,0.041860230010934175,0.008996253855073695,0.6787109375,0.689453125,0.0107421875,0.17280636743358685,0.026911153271700766,0.013518250749774197,0.21413754874915192,0.03185674846172333,0.01672480800189078,0.22049663584265444,276.67673909993755,1077122641920,26222192,32760
19310,OFF-feature,2048,True,0.06085178325303166,0.041860230010934175,0.018991553242097482,0.642578125,0.689453125,0.046875,0.16340687111350288,0.015093209416612685,0.0046026936243720035,0.18020680612230866,0.03185674846172333,0.01672480800189078,0.22049663584265444,45.57656360000692,472466620416,737188,32172
19310,OFF-feature,8192,True,0.04803098246674738,0.041860230010934175,0.006170752455813201,0.66796875,0.689453125,0.021484375,0.17575141266478683,0.023060366709538475,0.011845064071311015,0.2033293241423518,0.03185674846172333,0.01672480800189078,0.22049663584265444,139.6312413000196,1547759026176,1302436,97656
19310,OFF-feature,32768,True,0.04470357856649258,0.041860230010934175,0.0028433485555584073,0.6796875,0.689453125,0.009765625,0.17895927273310214,0.026903674667701438,0.013685621505052127,0.21457293107949976,0.03185674846172333,0.01672480800189078,0.22049663584265444,435.03067480000755,4832884449280,3563428,302305
19310,OFF-feature-all,2048,True,0.049795089741995036,0.041860230010934175,0.00793485973106086,0.67578125,0.689453125,0.013671875,0.17446356462453952,0.018934586623366466,0.006836393904327866,0.19537602395184106,0.03185674846172333,0.01672480800189078,0.22049663584265444,49.57780510000157,520105656320,737188,35420
19310,OFF-feature-all,8192,True,0.04517399395240833,0.041860230010934175,0.003313763941474153,0.68359375,0.689453125,0.005859375,0.1786084011791259,0.025256916917072388,0.01312042801204654,0.20912511523154878,0.03185674846172333,0.01672480800189078,0.22049663584265444,162.22990179997578,1797381537792,1302436,113412
19310,OFF-feature-all,32768,True,0.042788968319349495,0.041860230010934175,0.0009287383084153195,0.69140625,0.689453125,-0.001953125,0.18087388298024523,0.030222105478434513,0.016184774480596402,0.2163084358328744,0.03185674846172333,0.01672480800189078,0.22049663584265444,460.65778909998335,5116071501824,3563428,320021
19311,ON-ref,8192,False,0.08020901486587176,0.04373641670681536,0.036472598159056395,0.689453125,0.70703125,0.017578125,0.14058515570178678,0.010496021490770377,0.003111720897379801,0.18636964798873293,0.028837790014222264,0.015777604840695868,0.2126368253595299,51.86773250000988,192852172800,1740712,3072
19311,ON-R256,8192,False,0.07059600205219585,0.04373641670681536,0.026859585345380486,0.69140625,0.70703125,0.015625,0.1501981685154627,0.01222510515312046,0.0023878468099141834,0.18083360723015107,0.028837790014222264,0.015777604840695868,0.2126368253595299,51.58705919999193,192852172800,13575848,3072
19311,ON-ref-EMA,8192,False,0.0669268697260959,0.04373641670681536,0.023190453019280542,0.6923828125,0.70703125,0.0146484375,0.15386730084156264,0.010835170448323002,0.009929698330645054,0.2035254139367471,0.028837790014222264,0.015777604840695868,0.2126368253595299,51.86773250000988,192852172800,1740712,3072
19311,ON-R256-EMA,8192,False,0.05810218687187194,0.04373641670681536,0.01436577016505658,0.7001953125,0.70703125,0.0068359375,0.1626919836957866,0.009129252826911724,0.00523877580848266,0.19963877634809524,0.028837790014222264,0.015777604840695868,0.2126368253595299,51.58705919999193,192852172800,13575848,3072
19311,OFF-pixel,2048,False,0.06934685462286183,0.04373641670681536,0.025610437916046468,0.65234375,0.70703125,0.0546875,0.15218513207043635,0.004175635665120539,0.003899472655134441,0.17961806077133963,0.028837790014222264,0.015777604840695868,0.2126368253595299,21.139369699980307,67796152320,2506352,2040
19311,OFF-pixel,8192,False,0.05818664901702801,0.04373641670681536,0.014450232310212648,0.6923828125,0.70703125,0.0146484375,0.16260752155063052,0.012604700356797383,0.005708812062091322,0.19558665689827082,0.028837790014222264,0.015777604840695868,0.2126368253595299,71.00860030002514,269984952320,7249520,8200
19311,OFF-pixel,32768,False,0.05002412612936708,0.04373641670681536,0.006287709422551718,0.70703125,0.70703125,0.0,0.17104256475945917,0.02506689648071362,0.011480304380034008,0.20644877023412886,0.028837790014222264,0.015777604840695868,0.2126368253595299,274.6695817999789,1077122641920,26222192,32760
19311,OFF-feature,2048,True,0.0638383240917034,0.04373641670681536,0.020101907384888033,0.66796875,0.70703125,0.0390625,0.1576936626015948,0.006941621472699361,0.004854474712750745,0.17074845425425095,0.028837790014222264,0.015777604840695868,0.2126368253595299,46.09261589998641,473801334784,737188,32263
19311,OFF-feature,8192,True,0.05371162136512004,0.04373641670681536,0.009975204658304676,0.701171875,0.70703125,0.005859375,0.1670825492025385,0.015530600647274864,0.009745136232976667,0.19684975570781854,0.028837790014222264,0.015777604840695868,0.2126368253595299,128.72012089998316,1414297485312,1302436,89232
19311,OFF-feature,32768,True,0.04753988158928647,0.04373641670681536,0.0038034648824711095,0.703125,0.70703125,0.00390625,0.17352680929953979,0.02419452595569605,0.012333046471576514,0.20738796418971045,0.028837790014222264,0.015777604840695868,0.2126368253595299,411.4713386000076,4561222451200,3563428,285310
19311,OFF-feature-all,2048,True,0.052739194044107984,0.04373641670681536,0.009002777337292621,0.697265625,0.70703125,0.009765625,0.1687927926491902,0.012735001020971033,0.007025985444858378,0.2008384866741865,0.028837790014222264,0.015777604840695868,0.2126368253595299,53.2641971000121,549058691072,737188,37394
19311,OFF-feature-all,8192,True,0.04718447863566928,0.04373641670681536,0.0034480619288539197,0.69921875,0.70703125,0.0078125,0.17360969193198927,0.02295298551862257,0.012117734869969018,0.20757620433823465,0.028837790014222264,0.015777604840695868,0.2126368253595299,174.59274439997535,1919309365248,1302436,121108
19311,OFF-feature-all,32768,True,0.044362918846518544,0.04373641670681536,0.0006265021397031806,0.705078125,0.70703125,0.001953125,0.1767037720423077,0.0278324052197442,0.014505371758860804,0.21164992298038843,0.028837790014222264,0.015777604840695868,0.2126368253595299,441.05657839997,4923438448640,3563428,307970
19312,ON-ref,8192,False,0.08357783373308986,0.04231847557239234,0.041259358160697514,0.62109375,0.666015625,0.044921875,0.14077779630850085,0.01089744437657085,0.007814840548117825,0.18608584958888327,0.02979424089814227,0.015635142351190248,0.2165767115954724,52.39833699999872,192852172800,1740712,3072
19312,ON-R256,8192,False,0.06217438941932959,0.04231847557239234,0.019855913846937245,0.6484375,0.666015625,0.017578125,0.1621812406222611,0.013872867937252974,0.005481364073429508,0.20758988650707078,0.02979424089814227,0.015635142351190248,0.2165767115954724,51.797328100015875,192852172800,13575848,3072
19312,ON-ref-EMA,8192,False,0.06429870952530528,0.04231847557239234,0.021980233952912938,0.642578125,0.666015625,0.0234375,0.16005692051628542,0.017890567559731327,0.008944962965496742,0.20069103643488345,0.02979424089814227,0.015635142351190248,0.2165767115954724,52.39833699999872,192852172800,1740712,3072
19312,ON-R256-EMA,8192,False,0.052301016296755584,0.04231847557239234,0.009982540724363241,0.658203125,0.666015625,0.0078125,0.1720546137448351,0.014529178661711283,0.006186000836898145,0.21180709763607936,0.02979424089814227,0.015635142351190248,0.2165767115954724,51.797328100015875,192852172800,13575848,3072
19312,OFF-pixel,2048,False,0.06805847100682053,0.04231847557239234,0.025739995434428183,0.6103515625,0.666015625,0.0556640625,0.1562960547801748,0.004918657235023036,0.001397696328663857,0.1677199890362636,0.02979424089814227,0.015635142351190248,0.2165767115954724,21.459347799980605,67796152320,2506352,2040
19312,OFF-pixel,8192,False,0.05624103064915921,0.04231847557239234,0.013922555076766867,0.6474609375,0.666015625,0.0185546875,0.1681145993924315,0.012688052433646024,0.00455998344698964,0.19729514061491754,0.02979424089814227,0.015635142351190248,0.2165767115954724,69.19717909998144,269984952320,7249520,8200
19312,OFF-pixel,32768,False,0.053161094392547625,0.04231847557239234,0.010842618820155282,0.6494140625,0.666015625,0.0166015625,0.17118746955856712,0.02310823302640641,0.010664972205469657,0.20538143908437634,0.02979424089814227,0.015635142351190248,0.2165767115954724,269.77098589999514,1077122641920,26222192,32760
19312,OFF-feature,2048,True,0.061199983921618906,0.04231847557239234,0.018881508349226563,0.625,0.666015625,0.041015625,0.16315454186537642,0.014982276065273692,0.003257862935762669,0.17861325063596123,0.02979424089814227,0.015635142351190248,0.2165767115954724,43.10420889999659,469899862016,737188,31997
19312,OFF-feature,8192,True,0.049615471105344804,0.04231847557239234,0.0072969955329524605,0.654296875,0.666015625,0.01171875,0.1747401589362459,0.01934328786256958,0.010912277781412932,0.1988192241235291,0.02979424089814227,0.015635142351190248,0.2165767115954724,140.23954429998412,1530046537728,1302436,96538
19312,OFF-feature,32768,True,0.0451093812644818,0.04231847557239234,0.0027909056920894584,0.65625,0.666015625,0.009765625,0.17923918268663294,0.024615077120665095,0.012413835470832205,0.20724572455439158,0.02979424089814227,0.015635142351190248,0.2165767115954724,423.13965259998804,4683058741248,3563428,292932
19312,OFF-feature-all,2048,True,0.050686468267630166,0.04231847557239234,0.008367992695237823,0.65625,0.666015625,0.009765625,0.17366805751936515,0.01862539783543915,0.007738500036418662,0.19712209234896716,0.02979424089814227,0.015635142351190248,0.2165767115954724,52.66879080001672,546594603008,737188,37226
19312,OFF-feature-all,8192,True,0.045813840759463216,0.04231847557239234,0.003495365187070873,0.658203125,0.666015625,0.0078125,0.1785417892821275,0.02614611810608388,0.012079575319230422,0.21086406185993714,0.02979424089814227,0.015635142351190248,0.2165767115954724,167.73748820000765,1825391984640,1302436,115180
19312,OFF-feature-all,32768,True,0.04345416379210509,0.04231847557239234,0.0011356882197127438,0.66015625,0.666015625,0.005859375,0.18089440015900965,0.02889565250043165,0.014807058211094015,0.21426567429438234,0.02979424089814227,0.015635142351190248,0.2165767115954724,481.2255906999999,5343279718400,3563428,334235
