method,n_seeds,information_access,final_accuracy,final_accuracy_sd,forgetting,forgetting_sd,late_early_auc,late_early_auc_sd,late_plasticity_gap,late_plasticity_gap_sd,wall_seconds,replay_bytes,peak_cuda_bytes,reopening_events
acp,3,training stream only,0.3974609375,0.012667111104563327,0.065625,0.05295878818975919,0.3966471354166667,0.004403564211741108,0.13045247395833334,0.01461856763621869,8.214768566666558,788480.0,89103360.0,0.0
acp_v2_learned_sensor,3,training stream only,0.4025065104166667,0.03868325833356216,0.06614583333333333,0.03646949233986919,0.3794759114583333,0.02795205809830012,0.11328125,0.03682641012336748,10.045758766670284,788480.0,89503744.0,5.333333333333333
acp_v2_no_newborn,3,training stream only,0.38671875,0.028053871918404735,0.060763888888888895,0.050239048062552714,0.3683268229166667,0.025233245603878383,0.10213216145833333,0.0294392833345023,9.75853416667087,788480.0,88915968.0,7.333333333333333
acp_v2_no_reopening,3,training stream only,0.40673828125,0.022709015535612276,0.08003472222222223,0.0718473175354309,0.3873697916666667,0.020002155982477163,0.12117513020833333,0.030370086293412465,9.7010017666762,788480.0,89716736.0,0.0
acp_v2_oracle,3,true signal-domain change times; diagnostic only,0.4033203125,0.023725645729016292,0.052256944444444446,0.03828154525585306,0.3942057291666667,0.009803191092335944,0.12801106770833334,0.02422575490409785,10.208697666666316,788480.0,90313045.33333333,8.0
acp_v2,3,training stream only,0.3946940104166667,0.01691690774880491,0.05225694444444443,0.04094867496612658,0.375244140625,0.011726376912619949,0.10904947916666667,0.024756308807968357,10.379669999994803,788480.0,89316352.0,7.0
er_recycle,3,training stream only,0.3984375,0.02873401363243066,0.05607638888888889,0.02552260481380146,0.3900553385416667,0.0035238663890968373,0.12386067708333333,0.011044046877181133,7.65264123333327,788480.0,88903168.0,0.0
er_recycle_yoked_gain,3,offline ACP-v2 allocation trace; diagnostic only,0.4235026041666667,0.042571106311801166,0.096875,0.10290380317720688,0.3902994791666667,0.03783497082251692,0.12410481770833333,0.04016564681049775,7.8502890666665435,788480.0,90504704.0,0.0
er_recycle_yoked,3,offline ACP-v2 allocation trace; diagnostic only,0.4178059895833333,0.022494525949955383,0.04270833333333333,0.019605760650748656,0.3927408854166667,0.004933412944735572,0.12654622395833334,0.013672601589695728,7.794094066664305,788480.0,90304512.0,0.0
er,3,training stream only,0.3955078125,0.021467722594707625,0.07239583333333334,0.06984411897118549,0.4098307291666667,0.009181548667154548,0.14363606770833334,0.006819933367689879,7.435399800000596,788480.0,88502784.0,0.0
