cell,seed,effect_mean,se_mean,effect_h4,effect_h8,effect_h12,n
interleaved/delay_first/model,18101,0.000062,0.004085,0.003144,-0.003038,0.000080,4096
interleaved/delay_first/model,18102,0.003885,0.004158,0.004390,0.002498,0.004767,4096
interleaved/delay_first/model,18103,0.004530,0.004377,0.001515,0.003593,0.008482,4096
interleaved/delay_first/model,18104,0.010627,0.004850,0.021768,0.008958,0.001155,4096
interleaved/delay_first/model,18105,-0.000470,0.004440,-0.000719,0.000489,-0.001180,4096
interleaved/delay_first/model,18106,0.010559,0.004478,0.006594,0.008785,0.016299,4096
interleaved/delay_first/io,18101,0.028310,0.004282,0.056638,0.015531,0.012761,4096
interleaved/delay_first/io,18102,0.041523,0.004309,0.070174,0.029307,0.025089,4096
interleaved/delay_first/io,18103,0.030478,0.004371,0.056467,0.021719,0.013250,4096
interleaved/delay_first/io,18104,0.032642,0.004563,0.065853,0.019050,0.013023,4096
interleaved/delay_first/io,18105,0.030837,0.004533,0.061933,0.017967,0.012611,4096
interleaved/delay_first/io,18106,0.034132,0.004356,0.063072,0.024676,0.014647,4096
interleaved/delay_first/truth,18101,0.029548,0.005005,0.054517,0.016184,0.017944,4096
interleaved/delay_first/truth,18102,0.043877,0.005017,0.071392,0.032769,0.027469,4096
interleaved/delay_first/truth,18103,0.029621,0.005044,0.057597,0.020492,0.010772,4096
interleaved/delay_first/truth,18104,0.038315,0.005104,0.069374,0.023946,0.021625,4096
interleaved/delay_first/truth,18105,0.031782,0.005665,0.063676,0.016944,0.014725,4096
interleaved/delay_first/truth,18106,0.033422,0.005003,0.063199,0.023048,0.014018,4096
interleaved/delay_first/post,18101,0.018903,0.004299,0.037096,0.009995,0.009618,4096
interleaved/delay_first/post,18102,0.022397,0.004167,0.037640,0.015482,0.014069,4096
interleaved/delay_first/post,18103,0.018945,0.004271,0.033008,0.014219,0.009607,4096
interleaved/delay_first/post,18104,0.024406,0.004471,0.048110,0.014986,0.010121,4096
interleaved/delay_first/post,18105,0.016800,0.004409,0.035536,0.009286,0.005577,4096
interleaved/delay_first/post,18106,0.019872,0.004359,0.035022,0.015243,0.009350,4096
interleaved/delay_first/mix,18101,0.012565,0.003016,0.023603,0.007371,0.006720,4096
interleaved/delay_first/mix,18102,0.017310,0.002832,0.029879,0.012247,0.009804,4096
interleaved/delay_first/mix,18103,0.005742,0.002924,0.010620,0.003399,0.003205,4096
interleaved/delay_first/mix,18104,0.018676,0.003065,0.038486,0.010316,0.007225,4096
interleaved/delay_first/mix,18105,0.019317,0.002870,0.035207,0.013630,0.009113,4096
interleaved/delay_first/mix,18106,0.008755,0.002967,0.013956,0.007291,0.005020,4096
interleaved/delay_first/model/position1,18101,-0.006993,0.024972,0.001621,-0.028940,0.006340,128
interleaved/delay_first/model/position1,18102,0.037217,0.026563,0.038778,0.037683,0.035191,128
interleaved/delay_first/model/position1,18103,0.048970,0.010836,0.047732,0.050383,0.048796,128
interleaved/delay_first/model/position1,18104,-0.037868,0.008955,-0.029623,-0.037501,-0.046479,128
interleaved/delay_first/model/position1,18105,0.007039,0.023823,0.019695,0.000219,0.001205,128
interleaved/delay_first/model/position1,18106,-0.030073,0.021931,0.002988,-0.056798,-0.036410,128
interleaved/delay_first/model/positions_2_32,18101,0.000133,0.004151,0.003063,-0.002377,-0.000288,3968
interleaved/delay_first/model/positions_2_32,18102,0.002436,0.004162,0.003142,0.000867,0.003299,3968
interleaved/delay_first/model/positions_2_32,18103,0.003556,0.004456,0.000141,0.003118,0.007409,3968
interleaved/delay_first/model/positions_2_32,18104,0.012500,0.004933,0.023677,0.010710,0.003112,3968
interleaved/delay_first/model/positions_2_32,18105,-0.000680,0.004546,-0.001359,0.000347,-0.001029,3968
interleaved/delay_first/model/positions_2_32,18106,0.011537,0.004580,0.006546,0.010286,0.017779,3968
interleaved/delay_first/model/cycles_5_8,18101,0.003687,0.005672,0.016287,-0.001761,-0.003464,2048
interleaved/delay_first/model/cycles_5_8,18102,0.009335,0.005974,0.010298,0.007998,0.009709,2048
interleaved/delay_first/model/cycles_5_8,18103,0.008241,0.006034,0.002159,0.011303,0.011260,2048
interleaved/delay_first/model/cycles_5_8,18104,0.008869,0.006713,0.021721,0.004236,0.000650,2048
interleaved/delay_first/model/cycles_5_8,18105,0.003868,0.005840,-0.000196,0.008055,0.003745,2048
interleaved/delay_first/model/cycles_5_8,18106,0.013776,0.006423,0.007999,0.009934,0.023394,2048
interleaved/delay_first/model/cycles_1_4,18101,-0.004341,0.005829,-0.009794,-0.005300,0.002071,2048
interleaved/delay_first/model/cycles_1_4,18102,-0.000133,0.005756,-0.000025,-0.001638,0.001262,2048
interleaved/delay_first/model/cycles_1_4,18103,0.000465,0.006376,0.001215,-0.004385,0.004566,2048
interleaved/delay_first/model/cycles_1_4,18104,0.012598,0.007099,0.023033,0.014365,0.000395,2048
interleaved/delay_first/model/cycles_1_4,18105,-0.005378,0.006528,-0.002317,-0.007384,-0.006433,2048
interleaved/delay_first/model/cycles_1_4,18106,0.006904,0.006190,0.005510,0.007511,0.007691,2048
interleaved/delay_first/model/nondelayed_placebo,18101,0.009002,0.004245,0.011820,0.008443,0.006744,4096
interleaved/delay_first/model/nondelayed_placebo,18102,0.000336,0.004160,0.002590,-0.000815,-0.000767,4096
interleaved/delay_first/model/nondelayed_placebo,18103,0.002772,0.004077,-0.000048,0.005611,0.002754,4096
interleaved/delay_first/model/nondelayed_placebo,18104,0.010322,0.004362,0.013355,0.009133,0.008478,4096
interleaved/delay_first/model/nondelayed_placebo,18105,0.002488,0.004509,0.002397,0.003793,0.001274,4096
interleaved/delay_first/model/nondelayed_placebo,18106,0.003219,0.004092,0.002984,0.003441,0.003231,4096
interleaved/delay_first/io/nondelayed_placebo,18101,0.001296,0.003930,0.006064,-0.000387,-0.001790,4096
interleaved/delay_first/io/nondelayed_placebo,18102,-0.006127,0.003829,-0.004334,-0.006863,-0.007186,4096
interleaved/delay_first/io/nondelayed_placebo,18103,-0.000333,0.004069,-0.000197,-0.000674,-0.000129,4096
interleaved/delay_first/io/nondelayed_placebo,18104,-0.004600,0.003895,-0.004160,-0.007555,-0.002085,4096
interleaved/delay_first/io/nondelayed_placebo,18105,0.000517,0.004045,0.000184,0.001998,-0.000630,4096
interleaved/delay_first/io/nondelayed_placebo,18106,-0.001035,0.003689,-0.000813,-0.001902,-0.000390,4096
interleaved/delay_first/truth/nondelayed_placebo,18101,0.000494,0.004714,0.004162,-0.003806,0.001127,4096
interleaved/delay_first/truth/nondelayed_placebo,18102,-0.003146,0.004747,-0.000631,-0.003445,-0.005363,4096
interleaved/delay_first/truth/nondelayed_placebo,18103,0.003495,0.004754,0.002503,0.002706,0.005277,4096
interleaved/delay_first/truth/nondelayed_placebo,18104,-0.002544,0.004682,-0.004193,-0.002738,-0.000701,4096
interleaved/delay_first/truth/nondelayed_placebo,18105,-0.001984,0.004505,0.000973,-0.001702,-0.005221,4096
interleaved/delay_first/truth/nondelayed_placebo,18106,-0.001007,0.004692,0.000210,-0.004600,0.001368,4096
interleaved/delay_first/model/nondelayed_placebo/cycles_5_8,18101,0.004370,0.005746,0.010190,0.002014,0.000907,2048
interleaved/delay_first/model/nondelayed_placebo/cycles_5_8,18102,0.005617,0.005961,0.005053,0.004016,0.007784,2048
interleaved/delay_first/model/nondelayed_placebo/cycles_5_8,18103,0.011479,0.005761,0.010697,0.014703,0.009037,2048
interleaved/delay_first/model/nondelayed_placebo/cycles_5_8,18104,0.006843,0.005775,0.009499,0.005155,0.005876,2048
interleaved/delay_first/model/nondelayed_placebo/cycles_5_8,18105,-0.007992,0.006046,-0.003355,-0.006938,-0.013682,2048
interleaved/delay_first/model/nondelayed_placebo/cycles_5_8,18106,-0.003357,0.006079,-0.004910,-0.003024,-0.002138,2048
interleaved/predecessor/model,18101,-0.006085,0.003906,0.006258,-0.009263,-0.015250,4096
interleaved/predecessor/model,18102,0.005426,0.004187,0.007282,0.006061,0.002935,4096
interleaved/predecessor/model,18103,0.003874,0.003885,0.001329,0.004932,0.005360,4096
interleaved/predecessor/model,18104,0.007354,0.004538,0.016913,0.001224,0.003926,4096
interleaved/predecessor/model,18105,0.000878,0.005607,0.009051,0.000810,-0.007228,4096
interleaved/predecessor/model,18106,-0.000907,0.004167,-0.003308,0.000954,-0.000366,4096
interleaved/predecessor/io,18101,-0.009478,0.004304,-0.003889,-0.020126,-0.004418,4096
interleaved/predecessor/io,18102,0.002318,0.004394,0.005470,0.000720,0.000764,4096
interleaved/predecessor/io,18103,0.000147,0.004408,0.002523,-0.003142,0.001061,4096
interleaved/predecessor/io,18104,-0.003704,0.003797,-0.001396,-0.006240,-0.003476,4096
interleaved/predecessor/io,18105,-0.002829,0.004310,0.004065,-0.006445,-0.006108,4096
interleaved/predecessor/io,18106,-0.006825,0.004245,-0.008067,-0.005419,-0.006988,4096
interleaved/predecessor/truth,18101,-0.010619,0.005136,-0.004176,-0.025111,-0.002569,4096
interleaved/predecessor/truth,18102,0.001743,0.005091,0.005539,0.000523,-0.000832,4096
interleaved/predecessor/truth,18103,0.002790,0.005331,0.006174,-0.003306,0.005501,4096
interleaved/predecessor/truth,18104,-0.001543,0.004614,0.004904,-0.007466,-0.002068,4096
interleaved/predecessor/truth,18105,-0.005867,0.004934,0.002773,-0.009204,-0.011169,4096
interleaved/predecessor/truth,18106,-0.009306,0.005084,-0.011719,-0.009955,-0.006245,4096
interleaved/predecessor/post,18101,0.002696,0.004433,0.022112,-0.012045,-0.001978,4096
interleaved/predecessor/post,18102,0.014309,0.004391,0.025516,0.009655,0.007757,4096
interleaved/predecessor/post,18103,0.008580,0.004488,0.023191,0.001524,0.001024,4096
interleaved/predecessor/post,18104,0.014383,0.004023,0.031588,0.006116,0.005444,4096
interleaved/predecessor/post,18105,0.017034,0.005468,0.034614,0.010155,0.006334,4096
interleaved/predecessor/post,18106,0.003135,0.004342,0.012065,0.001297,-0.003957,4096
interleaved/predecessor/mix,18101,0.004071,0.003091,0.018947,-0.006332,-0.000403,4096
interleaved/predecessor/mix,18102,0.014803,0.003177,0.029941,0.008648,0.005821,4096
interleaved/predecessor/mix,18103,0.006073,0.002964,0.012840,0.003157,0.002222,4096
interleaved/predecessor/mix,18104,0.017626,0.002820,0.037707,0.009248,0.005923,4096
interleaved/predecessor/mix,18105,0.015380,0.002754,0.036696,0.005869,0.003575,4096
interleaved/predecessor/mix,18106,0.000908,0.003026,0.006313,-0.000430,-0.003161,4096
interleaved/predecessor/model/position1,18101,-0.028399,0.019540,-0.018207,-0.046437,-0.020552,128
interleaved/predecessor/model/position1,18102,0.058902,0.013819,0.019159,0.088959,0.068588,128
interleaved/predecessor/model/position1,18103,-0.006656,0.026459,-0.011542,-0.007090,-0.001334,128
interleaved/predecessor/model/position1,18104,-0.032158,0.017067,-0.028783,-0.037468,-0.030224,128
interleaved/predecessor/model/position1,18105,0.040273,0.027287,0.052938,0.038651,0.029231,128
interleaved/predecessor/model/position1,18106,0.010668,0.013420,0.009054,0.007636,0.015312,128
interleaved/predecessor/model/positions_2_32,18101,-0.005053,0.003951,0.007420,-0.007827,-0.014752,3968
interleaved/predecessor/model/positions_2_32,18102,0.003626,0.004261,0.006807,0.003387,0.000684,3968
interleaved/predecessor/model/positions_2_32,18103,0.003774,0.003938,0.001232,0.004849,0.005241,3968
interleaved/predecessor/model/positions_2_32,18104,0.007029,0.004497,0.017252,0.000342,0.003493,3968
interleaved/predecessor/model/positions_2_32,18105,-0.004502,0.004858,0.002811,-0.005108,-0.011211,3968
interleaved/predecessor/model/positions_2_32,18106,-0.001126,0.004233,-0.003537,0.000947,-0.000787,3968
interleaved/predecessor/model/cycles_5_8,18101,-0.007333,0.005967,0.005282,-0.010698,-0.016584,2048
interleaved/predecessor/model/cycles_5_8,18102,0.010973,0.006035,0.007112,0.011921,0.013884,2048
interleaved/predecessor/model/cycles_5_8,18103,-0.000315,0.005710,0.002303,0.000215,-0.003462,2048
interleaved/predecessor/model/cycles_5_8,18104,0.008632,0.006849,0.018487,0.000468,0.006942,2048
interleaved/predecessor/model/cycles_5_8,18105,-0.008365,0.008477,0.002942,-0.009169,-0.018867,2048
interleaved/predecessor/model/cycles_5_8,18106,0.009527,0.006178,-0.000715,0.010814,0.018481,2048
interleaved/predecessor/model/cycles_1_4,18101,-0.004140,0.005097,0.007926,-0.007134,-0.013211,2048
interleaved/predecessor/model/cycles_1_4,18102,-0.001071,0.005904,0.006614,-0.001001,-0.008826,2048
interleaved/predecessor/model/cycles_1_4,18103,0.008013,0.005300,0.000279,0.009841,0.013918,2048
interleaved/predecessor/model/cycles_1_4,18104,0.006107,0.005759,0.015381,0.001882,0.001059,2048
interleaved/predecessor/model/cycles_1_4,18105,0.008386,0.007464,0.011479,0.009692,0.003987,2048
interleaved/predecessor/model/cycles_1_4,18106,-0.010248,0.005512,-0.005138,-0.007590,-0.018016,2048
interleaved/predecessor/model/nondelayed_placebo,18101,0.008137,0.004115,0.005967,0.013367,0.005077,4096
interleaved/predecessor/model/nondelayed_placebo,18102,0.001460,0.004590,-0.002150,0.003140,0.003390,4096
interleaved/predecessor/model/nondelayed_placebo,18103,0.003890,0.004104,0.000724,0.005355,0.005590,4096
interleaved/predecessor/model/nondelayed_placebo,18104,0.004120,0.005129,0.009911,0.001551,0.000899,4096
interleaved/predecessor/model/nondelayed_placebo,18105,-0.004514,0.005077,0.001490,-0.007911,-0.007121,4096
interleaved/predecessor/model/nondelayed_placebo,18106,0.000541,0.004287,0.005371,-0.001331,-0.002416,4096
interleaved/predecessor/io/nondelayed_placebo,18101,0.007005,0.004204,0.001581,0.010232,0.009201,4096
interleaved/predecessor/io/nondelayed_placebo,18102,-0.001221,0.004325,-0.001499,-0.001924,-0.000241,4096
interleaved/predecessor/io/nondelayed_placebo,18103,-0.000098,0.004061,0.001657,-0.002796,0.000846,4096
interleaved/predecessor/io/nondelayed_placebo,18104,-0.002638,0.004376,0.002253,-0.003532,-0.006635,4096
interleaved/predecessor/io/nondelayed_placebo,18105,-0.000085,0.004070,-0.002691,-0.001023,0.003458,4096
interleaved/predecessor/io/nondelayed_placebo,18106,-0.002079,0.004116,-0.001281,-0.004202,-0.000753,4096
interleaved/predecessor/truth/nondelayed_placebo,18101,0.000806,0.004913,-0.001262,0.001511,0.002169,4096
interleaved/predecessor/truth/nondelayed_placebo,18102,-0.002801,0.005004,0.000079,-0.002497,-0.005985,4096
interleaved/predecessor/truth/nondelayed_placebo,18103,-0.002342,0.004887,-0.003244,-0.004154,0.000372,4096
interleaved/predecessor/truth/nondelayed_placebo,18104,-0.000626,0.005517,0.006606,-0.003047,-0.005438,4096
interleaved/predecessor/truth/nondelayed_placebo,18105,-0.002086,0.004918,-0.006553,-0.002176,0.002470,4096
interleaved/predecessor/truth/nondelayed_placebo,18106,0.001210,0.005119,-0.000840,0.001780,0.002691,4096
interleaved/predecessor/model/nondelayed_placebo/cycles_5_8,18101,0.004871,0.006184,0.000771,0.010750,0.003091,2048
interleaved/predecessor/model/nondelayed_placebo/cycles_5_8,18102,0.006563,0.006064,-0.000018,0.009900,0.009808,2048
interleaved/predecessor/model/nondelayed_placebo/cycles_5_8,18103,0.003539,0.005735,0.000319,0.005162,0.005137,2048
interleaved/predecessor/model/nondelayed_placebo/cycles_5_8,18104,0.005262,0.007375,0.008038,0.002341,0.005407,2048
interleaved/predecessor/model/nondelayed_placebo/cycles_5_8,18105,-0.002809,0.006519,0.007989,-0.008118,-0.008298,2048
interleaved/predecessor/model/nondelayed_placebo/cycles_5_8,18106,-0.003568,0.006686,0.005924,-0.007483,-0.009147,2048
interleaved/delay_later/model,18101,0.000572,0.004004,0.003638,0.002336,-0.004258,4096
interleaved/delay_later/model,18102,0.012808,0.004163,0.014484,0.012446,0.011495,4096
interleaved/delay_later/model,18104,0.015409,0.003270,0.021816,0.014302,0.010109,8192
interleaved/delay_later/model,18105,0.005505,0.002798,0.008162,0.006960,0.001393,8192
interleaved/delay_later/io,18101,0.029127,0.004199,0.059990,0.018541,0.008851,4096
interleaved/delay_later/io,18102,0.035664,0.004134,0.065687,0.025663,0.015643,4096
interleaved/delay_later/io,18104,0.038199,0.003204,0.063188,0.028665,0.022745,8192
interleaved/delay_later/io,18105,0.033647,0.002913,0.063733,0.023990,0.013217,8192
interleaved/delay_later/truth,18101,0.027511,0.004761,0.056160,0.018469,0.007904,4096
interleaved/delay_later/truth,18102,0.037528,0.005201,0.067752,0.025979,0.018852,4096
interleaved/delay_later/truth,18104,0.037831,0.003816,0.065943,0.029959,0.017590,8192
interleaved/delay_later/truth,18105,0.036999,0.003316,0.063830,0.030235,0.016930,8192
interleaved/delay_later/post,18101,0.022793,0.004133,0.046577,0.014753,0.007048,4096
interleaved/delay_later/post,18102,0.035955,0.004219,0.065295,0.026405,0.016166,4096
interleaved/delay_later/post,18104,0.033245,0.003208,0.056026,0.024269,0.019442,8192
interleaved/delay_later/post,18105,0.032694,0.002908,0.063312,0.022226,0.012544,8192
interleaved/delay_later/mix,18101,0.011612,0.002892,0.023208,0.007887,0.003742,4096
interleaved/delay_later/mix,18102,0.015307,0.003023,0.028182,0.011505,0.006233,4096
interleaved/delay_later/mix,18104,0.023207,0.002092,0.039760,0.016720,0.013140,8192
interleaved/delay_later/mix,18105,0.022704,0.001956,0.040554,0.016849,0.010709,8192
interleaved/delay_later/model/position1,18101,0.017182,0.019221,-0.017565,0.036502,0.032610,128
interleaved/delay_later/model/position1,18102,0.016903,0.022767,0.005061,0.017402,0.028247,128
interleaved/delay_later/model/position1,18104,-0.011998,0.022834,0.022957,-0.020721,-0.038229,256
interleaved/delay_later/model/position1,18105,-0.024635,0.011796,-0.000378,-0.032284,-0.041243,256
interleaved/delay_later/model/positions_2_32,18101,0.000029,0.004057,0.004016,0.001196,-0.005125,3968
interleaved/delay_later/model/positions_2_32,18102,0.012753,0.004232,0.014670,0.012250,0.011340,3968
interleaved/delay_later/model/positions_2_32,18104,0.016605,0.003280,0.022320,0.015747,0.011747,7936
interleaved/delay_later/model/positions_2_32,18105,0.006382,0.002865,0.008400,0.008258,0.002488,7936
interleaved/delay_later/model/cycles_5_8,18101,-0.000380,0.005488,0.003941,0.001487,-0.006568,2048
interleaved/delay_later/model/cycles_5_8,18102,0.018797,0.006442,0.016886,0.022037,0.017468,2048
interleaved/delay_later/model/cycles_5_8,18104,0.024514,0.004742,0.034314,0.020571,0.018656,4096
interleaved/delay_later/model/cycles_5_8,18105,0.003830,0.004174,0.008931,0.003002,-0.000444,4096
interleaved/delay_later/model/cycles_1_4,18101,0.002137,0.005739,0.002906,0.003692,-0.000188,2048
interleaved/delay_later/model/cycles_1_4,18102,0.008365,0.005379,0.013332,0.004712,0.007051,2048
interleaved/delay_later/model/cycles_1_4,18104,0.006297,0.004398,0.008925,0.008035,0.001929,4096
interleaved/delay_later/model/cycles_1_4,18105,0.007326,0.003740,0.006233,0.011934,0.003812,4096
interleaved/delay_later/model/nondelayed_placebo,18101,0.004881,0.004101,0.010154,0.007345,-0.002854,4096
interleaved/delay_later/model/nondelayed_placebo,18102,0.016819,0.004180,0.013689,0.021035,0.015734,4096
interleaved/delay_later/model/nondelayed_placebo,18104,0.007490,0.002929,0.011822,0.005576,0.005073,8192
interleaved/delay_later/model/nondelayed_placebo,18105,0.000466,0.002988,0.005812,0.000416,-0.004830,8192
interleaved/delay_later/io/nondelayed_placebo,18101,-0.000187,0.003771,0.003628,-0.000757,-0.003431,4096
interleaved/delay_later/io/nondelayed_placebo,18102,0.002343,0.003883,0.002364,0.001785,0.002881,4096
interleaved/delay_later/io/nondelayed_placebo,18104,-0.002058,0.002726,-0.001896,-0.003231,-0.001049,8192
interleaved/delay_later/io/nondelayed_placebo,18105,-0.000515,0.002924,0.000490,-0.000156,-0.001878,8192
interleaved/delay_later/truth/nondelayed_placebo,18101,0.005541,0.004722,0.002913,0.008192,0.005517,4096
interleaved/delay_later/truth/nondelayed_placebo,18102,0.006844,0.004786,0.001308,0.008470,0.010753,4096
interleaved/delay_later/truth/nondelayed_placebo,18104,-0.003028,0.003268,-0.004580,-0.003723,-0.000780,8192
interleaved/delay_later/truth/nondelayed_placebo,18105,0.001600,0.003338,0.003283,0.001885,-0.000368,8192
interleaved/delay_later/model/nondelayed_placebo/cycles_5_8,18101,-0.005197,0.005538,0.009007,-0.009383,-0.015215,2048
interleaved/delay_later/model/nondelayed_placebo/cycles_5_8,18102,0.022209,0.005777,0.018164,0.028318,0.020144,2048
interleaved/delay_later/model/nondelayed_placebo/cycles_5_8,18104,0.008712,0.004045,0.017555,0.004365,0.004215,4096
interleaved/delay_later/model/nondelayed_placebo/cycles_5_8,18105,-0.005552,0.004310,0.001329,-0.005934,-0.012051,4096
interleaved/baseA/model,18101,0.004372,0.004321,-0.000608,0.008192,0.005531,4096
interleaved/baseA/model,18102,0.010294,0.004512,0.004187,0.012835,0.013860,4096
interleaved/baseA/model,18103,-0.000314,0.005032,0.001239,-0.003933,0.001751,4096
interleaved/baseA/model,18104,-0.004357,0.004815,-0.006451,-0.002369,-0.004252,4096
interleaved/baseA/model,18105,0.000645,0.004042,0.013199,-0.000799,-0.010465,4096
interleaved/baseA/model,18106,-0.002543,0.004772,0.001319,-0.002606,-0.006342,4096
interleaved/baseA/io,18101,-0.003955,0.004577,-0.003356,-0.005244,-0.003264,4096
interleaved/baseA/io,18102,0.000347,0.004560,0.000448,-0.001519,0.002113,4096
interleaved/baseA/io,18103,0.001503,0.004135,0.002993,0.001603,-0.000087,4096
interleaved/baseA/io,18104,-0.001113,0.004337,-0.003014,0.000060,-0.000386,4096
interleaved/baseA/io,18105,0.002790,0.004355,0.009528,-0.000884,-0.000273,4096
interleaved/baseA/io,18106,0.000595,0.004203,0.000908,0.003790,-0.002911,4096
interleaved/baseA/truth,18101,-0.000519,0.005116,-0.001448,-0.000175,0.000066,4096
interleaved/baseA/truth,18102,0.002169,0.005573,0.003831,0.001152,0.001524,4096
interleaved/baseA/truth,18103,0.001441,0.005022,0.002151,0.001057,0.001114,4096
interleaved/baseA/truth,18104,-0.002547,0.005131,-0.005116,-0.003975,0.001450,4096
interleaved/baseA/truth,18105,0.006381,0.004962,0.008486,0.004699,0.005956,4096
interleaved/baseA/truth,18106,0.004381,0.005112,0.004422,0.008929,-0.000209,4096
interleaved/baseA/post,18101,-0.004074,0.004548,-0.004433,-0.004865,-0.002924,4096
interleaved/baseA/post,18102,-0.000195,0.004677,0.003268,-0.003126,-0.000728,4096
interleaved/baseA/post,18103,0.000203,0.004538,0.002952,-0.001612,-0.000732,4096
interleaved/baseA/post,18104,0.000423,0.004496,-0.001496,0.002108,0.000656,4096
interleaved/baseA/post,18105,0.003285,0.004259,0.010604,0.000482,-0.001229,4096
interleaved/baseA/post,18106,-0.002611,0.004488,-0.004473,0.000401,-0.003761,4096
interleaved/baseA/mix,18101,0.008321,0.003100,0.017877,0.006418,0.000666,4096
interleaved/baseA/mix,18102,0.011531,0.002793,0.024562,0.005641,0.004391,4096
interleaved/baseA/mix,18103,0.007940,0.002981,0.012497,0.005729,0.005593,4096
interleaved/baseA/mix,18104,0.021488,0.002801,0.038620,0.014924,0.010920,4096
interleaved/baseA/mix,18105,0.016837,0.002927,0.036112,0.008234,0.006163,4096
interleaved/baseA/mix,18106,0.009929,0.002985,0.009610,0.009876,0.010301,4096
interleaved/baseA/model/position1,18101,0.017964,0.028030,-0.005081,0.035320,0.023654,128
interleaved/baseA/model/position1,18102,0.008689,0.015985,0.009918,0.019316,-0.003167,128
interleaved/baseA/model/position1,18103,-0.023623,0.011475,-0.017838,-0.043255,-0.009774,128
interleaved/baseA/model/position1,18104,0.031085,0.021941,0.016214,0.052497,0.024543,128
interleaved/baseA/model/position1,18105,0.033573,0.023621,0.035817,0.064643,0.000257,128
interleaved/baseA/model/position1,18106,0.004115,0.021195,-0.014774,0.004919,0.022200,128
interleaved/baseA/model/positions_2_32,18101,0.004752,0.004381,0.001078,0.007814,0.005365,3968
interleaved/baseA/model/positions_2_32,18102,0.009417,0.004361,0.002185,0.011725,0.014340,3968
interleaved/baseA/model/positions_2_32,18103,0.001781,0.004970,0.002827,-0.000401,0.002916,3968
interleaved/baseA/model/positions_2_32,18104,-0.005930,0.004842,-0.007681,-0.004515,-0.005593,3968
interleaved/baseA/model/positions_2_32,18105,0.000916,0.004095,0.013553,-0.001312,-0.009494,3968
interleaved/baseA/model/positions_2_32,18106,0.000974,0.004628,0.006222,0.001455,-0.004755,3968
interleaved/baseA/model/cycles_5_8,18101,0.008894,0.006101,0.002318,0.012565,0.011800,2048
interleaved/baseA/model/cycles_5_8,18102,0.006470,0.005924,0.000206,0.009616,0.009589,2048
interleaved/baseA/model/cycles_5_8,18103,-0.012123,0.006970,-0.008830,-0.020134,-0.007406,2048
interleaved/baseA/model/cycles_5_8,18104,-0.009020,0.007378,-0.009311,-0.007085,-0.010664,2048
interleaved/baseA/model/cycles_5_8,18105,-0.005985,0.006113,0.013246,-0.009108,-0.022093,2048
interleaved/baseA/model/cycles_5_8,18106,-0.004740,0.007109,0.001210,-0.004625,-0.010806,2048
interleaved/baseA/model/cycles_1_4,18101,0.000048,0.006041,-0.003086,0.003908,-0.000679,2048
interleaved/baseA/model/cycles_1_4,18102,0.013552,0.006842,0.008571,0.015016,0.017069,2048
interleaved/baseA/model/cycles_1_4,18103,0.012330,0.006929,0.013519,0.013034,0.010436,2048
interleaved/baseA/model/cycles_1_4,18104,-0.000664,0.006224,-0.004063,0.001778,0.000294,2048
interleaved/baseA/model/cycles_1_4,18105,0.008584,0.005189,0.015204,0.009119,0.001428,2048
interleaved/baseA/model/cycles_1_4,18106,-0.000438,0.006366,0.000736,-0.000724,-0.001326,2048
interleaved/baseA/model/nondelayed_placebo,18101,0.000076,0.004900,0.000870,0.000260,-0.000902,4096
interleaved/baseA/model/nondelayed_placebo,18102,-0.001974,0.004783,0.005148,-0.005384,-0.005685,4096
interleaved/baseA/model/nondelayed_placebo,18103,0.003710,0.004612,0.002000,0.003267,0.005861,4096
interleaved/baseA/model/nondelayed_placebo,18104,-0.001500,0.004414,0.003706,-0.002414,-0.005791,4096
interleaved/baseA/model/nondelayed_placebo,18105,-0.003959,0.004347,0.001006,-0.004129,-0.008753,4096
interleaved/baseA/model/nondelayed_placebo,18106,0.000187,0.005111,0.004623,-0.000808,-0.003254,4096
interleaved/baseA/io/nondelayed_placebo,18101,0.001472,0.003843,0.001141,0.002732,0.000545,4096
interleaved/baseA/io/nondelayed_placebo,18102,-0.011797,0.004078,-0.004214,-0.018282,-0.012893,4096
interleaved/baseA/io/nondelayed_placebo,18103,0.000718,0.004092,0.004553,0.000444,-0.002841,4096
interleaved/baseA/io/nondelayed_placebo,18104,-0.003523,0.003865,-0.003185,-0.004006,-0.003377,4096
interleaved/baseA/io/nondelayed_placebo,18105,-0.000096,0.004033,0.005086,-0.002087,-0.003289,4096
interleaved/baseA/io/nondelayed_placebo,18106,-0.001960,0.004106,-0.000794,-0.002586,-0.002500,4096
interleaved/baseA/truth/nondelayed_placebo,18101,0.000574,0.004810,-0.002575,0.002031,0.002264,4096
interleaved/baseA/truth/nondelayed_placebo,18102,-0.014864,0.004917,-0.003304,-0.023153,-0.018136,4096
interleaved/baseA/truth/nondelayed_placebo,18103,0.007700,0.005086,0.008271,0.008771,0.006059,4096
interleaved/baseA/truth/nondelayed_placebo,18104,0.001565,0.004712,0.003065,0.000150,0.001480,4096
interleaved/baseA/truth/nondelayed_placebo,18105,-0.002256,0.004522,0.005356,-0.005841,-0.006283,4096
interleaved/baseA/truth/nondelayed_placebo,18106,-0.001449,0.004959,-0.000477,-0.003677,-0.000194,4096
interleaved/baseA/model/nondelayed_placebo/cycles_5_8,18101,-0.005058,0.007330,-0.009044,-0.006042,-0.000088,2048
interleaved/baseA/model/nondelayed_placebo/cycles_5_8,18102,-0.001248,0.006617,0.009747,-0.005348,-0.008142,2048
interleaved/baseA/model/nondelayed_placebo/cycles_5_8,18103,-0.000626,0.006535,0.002677,-0.002181,-0.002375,2048
interleaved/baseA/model/nondelayed_placebo/cycles_5_8,18104,-0.008313,0.006069,0.001950,-0.010215,-0.016673,2048
interleaved/baseA/model/nondelayed_placebo/cycles_5_8,18105,0.002105,0.006032,0.009590,0.003235,-0.006509,2048
interleaved/baseA/model/nondelayed_placebo/cycles_5_8,18106,0.002572,0.008415,0.012564,0.001918,-0.006767,2048
interleaved/delay_first/model/cycle_1,18101,0.001977,0.008061,0.000247,0.001796,0.003888,512
interleaved/delay_first/model/cycle_1,18102,0.004884,0.011879,0.001841,0.005713,0.007098,512
interleaved/delay_first/model/cycle_1,18103,-0.005218,0.011503,-0.009899,-0.004410,-0.001344,512
interleaved/delay_first/model/cycle_1,18104,0.012898,0.013137,0.012121,0.016760,0.009814,512
interleaved/delay_first/model/cycle_1,18105,-0.007112,0.010578,0.001721,-0.012685,-0.010371,512
interleaved/delay_first/model/cycle_1,18106,-0.001524,0.009620,0.006402,-0.008743,-0.002229,512
interleaved/delay_first/model/cycle_2,18101,0.006734,0.012815,-0.001870,0.010271,0.011800,512
interleaved/delay_first/model/cycle_2,18102,-0.010720,0.012510,-0.010436,-0.016220,-0.005504,512
interleaved/delay_first/model/cycle_2,18103,0.024932,0.015662,0.017478,0.024659,0.032659,512
interleaved/delay_first/model/cycle_2,18104,-0.017353,0.012882,-0.002950,-0.019103,-0.030005,512
interleaved/delay_first/model/cycle_2,18105,0.011119,0.011607,0.008083,0.011640,0.013634,512
interleaved/delay_first/model/cycle_2,18106,0.015049,0.011444,-0.005482,0.025906,0.024723,512
interleaved/delay_first/model/cycle_3,18101,-0.024016,0.012695,-0.014726,-0.041103,-0.016218,512
interleaved/delay_first/model/cycle_3,18102,-0.001762,0.011404,0.012027,-0.005177,-0.012136,512
interleaved/delay_first/model/cycle_3,18103,-0.001211,0.010370,-0.006181,-0.008639,0.011186,512
interleaved/delay_first/model/cycle_3,18104,0.008269,0.012692,0.024691,0.011819,-0.011702,512
interleaved/delay_first/model/cycle_3,18105,-0.017508,0.011789,-0.013437,-0.017079,-0.022009,512
interleaved/delay_first/model/cycle_3,18106,0.011440,0.013406,0.009633,0.009888,0.014800,512
interleaved/delay_first/model/cycle_4,18101,0.001489,0.011727,-0.016299,0.011790,0.008976,512
interleaved/delay_first/model/cycle_4,18102,0.009767,0.008997,0.002545,0.008281,0.018474,512
interleaved/delay_first/model/cycle_4,18103,-0.012639,0.012004,0.004647,-0.020450,-0.022114,512
interleaved/delay_first/model/cycle_4,18104,0.048177,0.014241,0.058910,0.049806,0.035815,512
interleaved/delay_first/model/cycle_4,18105,0.004053,0.013832,0.005278,0.003701,0.003182,512
interleaved/delay_first/model/cycle_4,18106,-0.000344,0.013847,0.012193,0.001021,-0.014246,512
interleaved/delay_first/model/cycle_5,18101,-0.000509,0.011190,0.016855,-0.005255,-0.013126,512
interleaved/delay_first/model/cycle_5,18102,0.000036,0.012097,0.014811,-0.010383,-0.004318,512
interleaved/delay_first/model/cycle_5,18103,0.003376,0.012590,0.000715,0.003509,0.005906,512
interleaved/delay_first/model/cycle_5,18104,0.006005,0.014149,0.019022,0.008242,-0.009249,512
interleaved/delay_first/model/cycle_5,18105,-0.000862,0.011321,0.005702,-0.005572,-0.002715,512
interleaved/delay_first/model/cycle_5,18106,0.005100,0.014309,0.000633,-0.002182,0.016849,512
interleaved/delay_first/model/cycle_6,18101,0.017842,0.012608,0.026095,0.018812,0.008618,512
interleaved/delay_first/model/cycle_6,18102,-0.008206,0.008697,-0.008330,-0.007367,-0.008921,512
interleaved/delay_first/model/cycle_6,18103,0.005074,0.010368,-0.010061,0.003669,0.021615,512
interleaved/delay_first/model/cycle_6,18104,0.001517,0.013915,0.009453,-0.007510,0.002607,512
interleaved/delay_first/model/cycle_6,18105,0.005270,0.012990,-0.001183,0.016903,0.000089,512
interleaved/delay_first/model/cycle_6,18106,0.015623,0.010351,0.007966,0.014159,0.024743,512
interleaved/delay_first/model/cycle_7,18101,0.001838,0.010921,0.011951,-0.007030,0.000595,512
interleaved/delay_first/model/cycle_7,18102,0.026780,0.012373,0.018820,0.027433,0.034088,512
interleaved/delay_first/model/cycle_7,18103,0.014217,0.010985,0.007917,0.024980,0.009753,512
interleaved/delay_first/model/cycle_7,18104,0.029612,0.012044,0.053473,0.018857,0.016507,512
interleaved/delay_first/model/cycle_7,18105,0.000222,0.013582,0.001280,-0.000146,-0.000470,512
interleaved/delay_first/model/cycle_7,18106,0.013701,0.014120,0.002779,0.013870,0.024453,512
interleaved/delay_first/model/cycle_8,18101,-0.007455,0.009829,0.009140,-0.017969,-0.013534,512
interleaved/delay_first/model/cycle_8,18102,0.015284,0.012741,0.015227,0.017476,0.013150,512
interleaved/delay_first/model/cycle_8,18103,0.008424,0.012741,0.007624,0.012169,0.005478,512
interleaved/delay_first/model/cycle_8,18104,0.004919,0.012410,0.006464,0.006196,0.002097,512
interleaved/delay_first/model/cycle_8,18105,0.008495,0.009997,-0.001576,0.014412,0.012650,512
interleaved/delay_first/model/cycle_8,18106,0.020144,0.009967,0.016374,0.016549,0.027508,512
interleaved/predecessor/model/cycle_1,18101,-0.002965,0.007804,-0.000707,-0.003485,-0.004703,512
interleaved/predecessor/model/cycle_1,18102,-0.016865,0.009527,-0.010453,-0.024072,-0.016071,512
interleaved/predecessor/model/cycle_1,18103,-0.006755,0.009411,-0.002455,-0.009826,-0.007983,512
interleaved/predecessor/model/cycle_1,18104,-0.003381,0.009531,0.001362,-0.008182,-0.003322,512
interleaved/predecessor/model/cycle_1,18105,-0.004162,0.006350,-0.007131,-0.004182,-0.001173,512
interleaved/predecessor/model/cycle_1,18106,-0.039553,0.009854,-0.019217,-0.050874,-0.048566,512
interleaved/predecessor/model/cycle_2,18101,-0.012468,0.007744,0.002647,-0.017185,-0.022865,512
interleaved/predecessor/model/cycle_2,18102,0.008041,0.012781,0.011160,0.010257,0.002705,512
interleaved/predecessor/model/cycle_2,18103,0.029221,0.009955,-0.004441,0.044053,0.048050,512
interleaved/predecessor/model/cycle_2,18104,-0.009824,0.008916,0.003662,-0.012528,-0.020605,512
interleaved/predecessor/model/cycle_2,18105,0.005420,0.010011,0.022625,0.005951,-0.012316,512
interleaved/predecessor/model/cycle_2,18106,0.007341,0.010114,0.011096,0.007561,0.003366,512
interleaved/predecessor/model/cycle_3,18101,0.006116,0.011786,0.014040,0.003613,0.000694,512
interleaved/predecessor/model/cycle_3,18102,-0.006937,0.011527,0.012356,-0.010313,-0.022853,512
interleaved/predecessor/model/cycle_3,18103,-0.002700,0.010155,0.002527,-0.004485,-0.006141,512
interleaved/predecessor/model/cycle_3,18104,0.014703,0.010039,0.041953,0.006422,-0.004267,512
interleaved/predecessor/model/cycle_3,18105,0.029754,0.014973,0.025513,0.033850,0.029898,512
interleaved/predecessor/model/cycle_3,18106,0.003353,0.009906,-0.009672,0.019794,-0.000061,512
interleaved/predecessor/model/cycle_4,18101,-0.007562,0.010624,0.011126,-0.010051,-0.023762,512
interleaved/predecessor/model/cycle_4,18102,0.015222,0.011956,0.023465,0.020213,0.001988,512
interleaved/predecessor/model/cycle_4,18103,0.008290,0.010244,-0.002230,0.007966,0.019136,512
interleaved/predecessor/model/cycle_4,18104,0.019603,0.011500,0.008730,0.018337,0.031743,512
interleaved/predecessor/model/cycle_4,18105,0.005147,0.017163,0.006323,0.011064,-0.001945,512
interleaved/predecessor/model/cycle_4,18106,-0.007637,0.012333,-0.010146,0.002079,-0.014843,512
interleaved/predecessor/model/cycle_5,18101,-0.019254,0.013725,-0.006638,-0.012887,-0.038237,512
interleaved/predecessor/model/cycle_5,18102,-0.004942,0.010845,-0.005195,-0.002936,-0.006695,512
interleaved/predecessor/model/cycle_5,18103,-0.002628,0.011603,0.017571,-0.012538,-0.012916,512
interleaved/predecessor/model/cycle_5,18104,0.012559,0.010818,0.022867,0.004735,0.010076,512
interleaved/predecessor/model/cycle_5,18105,0.000960,0.013534,0.000731,0.006260,-0.004110,512
interleaved/predecessor/model/cycle_5,18106,0.002188,0.014704,0.002878,-0.001981,0.005668,512
interleaved/predecessor/model/cycle_6,18101,0.009621,0.008455,0.014592,0.003076,0.011194,512
interleaved/predecessor/model/cycle_6,18102,0.036681,0.011731,0.026600,0.046531,0.036911,512
interleaved/predecessor/model/cycle_6,18103,-0.013494,0.008721,-0.009542,-0.012548,-0.018393,512
interleaved/predecessor/model/cycle_6,18104,0.002355,0.015675,0.016644,-0.015967,0.006390,512
interleaved/predecessor/model/cycle_6,18105,-0.001064,0.011871,0.012179,-0.005086,-0.010285,512
interleaved/predecessor/model/cycle_6,18106,0.016888,0.009898,0.016831,0.022810,0.011024,512
interleaved/predecessor/model/cycle_7,18101,0.001925,0.012359,0.024899,-0.006395,-0.012729,512
interleaved/predecessor/model/cycle_7,18102,0.017274,0.012336,0.004416,0.018869,0.028537,512
interleaved/predecessor/model/cycle_7,18103,0.015828,0.011284,0.015501,0.024110,0.007872,512
interleaved/predecessor/model/cycle_7,18104,0.031587,0.011320,0.035975,0.031793,0.026995,512
interleaved/predecessor/model/cycle_7,18105,-0.027299,0.025181,0.000705,-0.027925,-0.054676,512
interleaved/predecessor/model/cycle_7,18106,0.018022,0.012404,-0.002051,0.024221,0.031898,512
interleaved/predecessor/model/cycle_8,18101,-0.021777,0.012293,-0.008028,-0.028790,-0.028512,512
interleaved/predecessor/model/cycle_8,18102,-0.013201,0.012083,0.001378,-0.024379,-0.016601,512
interleaved/predecessor/model/cycle_8,18103,-0.000434,0.011799,-0.009825,0.001411,0.007112,512
interleaved/predecessor/model/cycle_8,18104,-0.002542,0.015246,0.004313,-0.008553,-0.003386,512
interleaved/predecessor/model/cycle_8,18105,-0.011518,0.015212,-0.010724,-0.011149,-0.012680,512
interleaved/predecessor/model/cycle_8,18106,-0.003459,0.009751,-0.019152,-0.008382,0.017157,512
control/efficiency_first/model,18101,0.012709,0.004141,0.003885,0.017172,0.017069,4096
control/efficiency_first/model,18102,0.015500,0.004216,0.016617,0.016226,0.013658,4096
control/efficiency_first/model,18103,0.011003,0.004084,0.010751,0.012577,0.009681,4096
control/efficiency_first/model,18104,0.016320,0.004505,0.016726,0.016545,0.015688,4096
control/efficiency_first/model,18105,0.009927,0.003776,0.010566,0.008578,0.010636,4096
control/efficiency_first/model,18106,0.001562,0.004380,-0.000180,0.005304,-0.000437,4096
control/efficiency_first/io,18101,0.072372,0.003731,0.044688,0.080238,0.092191,4096
control/efficiency_first/io,18102,0.080475,0.004079,0.068004,0.094624,0.078798,4096
control/efficiency_first/io,18103,0.078205,0.004069,0.062057,0.093908,0.078648,4096
control/efficiency_first/io,18104,0.070833,0.004212,0.055660,0.085418,0.071420,4096
control/efficiency_first/io,18105,0.067839,0.003820,0.054898,0.067873,0.080745,4096
control/efficiency_first/io,18106,0.063056,0.004214,0.045376,0.067819,0.075973,4096
control/efficiency_first/post,18101,0.041818,0.003893,0.024186,0.046346,0.054923,4096
control/efficiency_first/post,18102,0.057586,0.004146,0.047947,0.067880,0.056931,4096
control/efficiency_first/post,18103,0.053618,0.004150,0.040806,0.065202,0.054846,4096
control/efficiency_first/post,18104,0.040039,0.004460,0.030620,0.049084,0.040413,4096
control/efficiency_first/post,18105,0.046443,0.003853,0.039156,0.045429,0.054744,4096
control/efficiency_first/post,18106,0.046714,0.004321,0.031783,0.051358,0.057001,4096
control/efficiency_first/model/nonlossy_placebo,18101,0.002819,0.004308,0.003299,0.004185,0.000972,4096
control/efficiency_first/model/nonlossy_placebo,18102,0.017093,0.004438,0.012283,0.018085,0.020909,4096
control/efficiency_first/model/nonlossy_placebo,18103,0.002004,0.004496,0.002165,0.002876,0.000971,4096
control/efficiency_first/model/nonlossy_placebo,18104,0.003268,0.004340,0.003562,0.002870,0.003373,4096
control/efficiency_first/model/nonlossy_placebo,18105,0.009628,0.004101,0.004892,0.013506,0.010484,4096
control/efficiency_first/model/nonlossy_placebo,18106,0.002684,0.004051,-0.000953,0.004200,0.004805,4096
control/efficiency_first/io/nonlossy_placebo,18101,-0.006614,0.004287,-0.004547,-0.007306,-0.007990,4096
control/efficiency_first/io/nonlossy_placebo,18102,0.008605,0.004158,0.006657,0.008485,0.010672,4096
control/efficiency_first/io/nonlossy_placebo,18103,-0.002552,0.003993,-0.003712,-0.003003,-0.000940,4096
control/efficiency_first/io/nonlossy_placebo,18104,-0.007886,0.003629,-0.004772,-0.008800,-0.010087,4096
control/efficiency_first/io/nonlossy_placebo,18105,0.004293,0.004483,0.004699,0.006790,0.001391,4096
control/efficiency_first/io/nonlossy_placebo,18106,0.000418,0.004527,-0.002330,0.003498,0.000086,4096
control/efficiency_predecessor/model,18101,0.012844,0.004027,0.008534,0.023148,0.006850,4096
control/efficiency_predecessor/model,18102,0.011109,0.004522,0.007746,0.013986,0.011596,4096
control/efficiency_predecessor/model,18103,0.006934,0.004345,0.011971,0.004677,0.004154,4096
control/efficiency_predecessor/model,18104,0.008014,0.004595,0.007372,0.009587,0.007084,4096
control/efficiency_predecessor/model,18105,0.010684,0.004117,0.005669,0.015680,0.010703,4096
control/efficiency_predecessor/model,18106,0.010006,0.004258,0.006394,0.010527,0.013097,4096
control/efficiency_predecessor/io,18101,0.007358,0.004023,0.003750,0.014412,0.003911,4096
control/efficiency_predecessor/io,18102,0.004431,0.004446,0.003565,0.005001,0.004727,4096
control/efficiency_predecessor/io,18103,-0.001959,0.004104,0.000403,-0.005581,-0.000699,4096
control/efficiency_predecessor/io,18104,-0.001798,0.004285,-0.000795,-0.001612,-0.002986,4096
control/efficiency_predecessor/io,18105,0.004833,0.004191,0.003798,0.005014,0.005689,4096
control/efficiency_predecessor/io,18106,0.003727,0.003945,0.000976,0.002777,0.007428,4096
control/efficiency_predecessor/post,18101,0.023529,0.004116,0.015275,0.031337,0.023974,4096
control/efficiency_predecessor/post,18102,0.035261,0.004842,0.031196,0.041960,0.032626,4096
control/efficiency_predecessor/post,18103,0.021959,0.004487,0.020078,0.022623,0.023177,4096
control/efficiency_predecessor/post,18104,0.017058,0.004425,0.013534,0.021099,0.016541,4096
control/efficiency_predecessor/post,18105,0.026995,0.004207,0.019824,0.028845,0.032316,4096
control/efficiency_predecessor/post,18106,0.030416,0.004168,0.021895,0.030446,0.038908,4096
control/efficiency_predecessor/model/nonlossy_placebo,18101,0.001328,0.003961,-0.000350,0.000863,0.003470,4096
control/efficiency_predecessor/model/nonlossy_placebo,18102,0.005844,0.004653,-0.001023,0.008187,0.010368,4096
control/efficiency_predecessor/model/nonlossy_placebo,18103,-0.006886,0.005083,0.001506,-0.006270,-0.015894,4096
control/efficiency_predecessor/model/nonlossy_placebo,18104,0.000019,0.004690,-0.000247,-0.003741,0.004046,4096
control/efficiency_predecessor/model/nonlossy_placebo,18105,0.007896,0.004359,0.008879,0.012208,0.002600,4096
control/efficiency_predecessor/model/nonlossy_placebo,18106,0.007072,0.004199,0.001387,0.011871,0.007960,4096
control/efficiency_predecessor/io/nonlossy_placebo,18101,-0.002923,0.004216,-0.002067,-0.005125,-0.001577,4096
control/efficiency_predecessor/io/nonlossy_placebo,18102,-0.002663,0.003845,-0.002812,-0.004406,-0.000772,4096
control/efficiency_predecessor/io/nonlossy_placebo,18103,0.004372,0.003838,0.001036,0.007009,0.005070,4096
control/efficiency_predecessor/io/nonlossy_placebo,18104,-0.005572,0.004000,-0.002171,-0.007763,-0.006782,4096
control/efficiency_predecessor/io/nonlossy_placebo,18105,-0.002713,0.004576,-0.000038,-0.004548,-0.003554,4096
control/efficiency_predecessor/io/nonlossy_placebo,18106,0.003162,0.004092,0.000199,0.006570,0.002717,4096
fresh/delay_fit/model,18101,0.005966,0.004033,0.008498,0.005438,0.003961,4096
fresh/delay_fit/model,18102,0.019403,0.004948,0.019000,0.022095,0.017116,4096
fresh/delay_fit/model,18103,0.016736,0.004452,0.020494,0.017161,0.012551,4096
fresh/delay_fit/model,18104,-0.000838,0.004482,-0.000150,-0.002295,-0.000068,4096
fresh/delay_fit/model,18105,0.019087,0.004383,0.018140,0.021981,0.017140,4096
fresh/delay_fit/model,18106,0.008297,0.004343,0.009443,0.012910,0.002539,4096
fresh/delay_fit/io,18101,0.028717,0.004048,0.059590,0.014242,0.012318,4096
fresh/delay_fit/io,18102,0.045422,0.004713,0.074261,0.034756,0.027248,4096
fresh/delay_fit/io,18103,0.032139,0.004012,0.060134,0.023912,0.012371,4096
fresh/delay_fit/io,18104,0.024670,0.004448,0.053876,0.011556,0.008578,4096
fresh/delay_fit/io,18105,0.041436,0.004112,0.066623,0.030639,0.027046,4096
fresh/delay_fit/io,18106,0.029873,0.004037,0.064832,0.020511,0.004275,4096
fresh/delay_fit/truth,18101,0.030638,0.004687,0.061562,0.015451,0.014901,4096
fresh/delay_fit/truth,18102,0.048505,0.005515,0.079502,0.039246,0.026767,4096
fresh/delay_fit/truth,18103,0.031876,0.004800,0.064020,0.022516,0.009093,4096
fresh/delay_fit/truth,18104,0.022170,0.005232,0.049920,0.011478,0.005113,4096
fresh/delay_fit/truth,18105,0.041929,0.005033,0.068566,0.027630,0.029590,4096
fresh/delay_fit/truth,18106,0.027785,0.004750,0.065387,0.020877,-0.002910,4096
fresh/delay_fit/io_predecessor,18101,-0.000813,0.003970,0.000133,-0.005418,0.002845,4096
fresh/delay_fit/io_predecessor,18102,0.006995,0.004554,0.008619,0.006841,0.005525,4096
fresh/delay_fit/io_predecessor,18103,0.002634,0.003921,0.001177,0.004307,0.002417,4096
fresh/delay_fit/io_predecessor,18104,-0.007984,0.004249,-0.008391,-0.008428,-0.007132,4096
fresh/delay_fit/io_predecessor,18105,0.006830,0.004046,0.001209,0.009134,0.010148,4096
fresh/delay_fit/io_predecessor,18106,-0.000636,0.003978,0.002366,0.000990,-0.005263,4096
fresh/delay_fit/model/nondelayed_placebo,18101,-0.000688,0.003720,0.003468,0.000368,-0.005901,4096
fresh/delay_fit/model/nondelayed_placebo,18102,0.018767,0.003838,0.018286,0.021651,0.016363,4096
fresh/delay_fit/model/nondelayed_placebo,18103,0.011437,0.004555,0.011548,0.011579,0.011183,4096
fresh/delay_fit/model/nondelayed_placebo,18104,0.002300,0.004653,0.004044,0.001274,0.001581,4096
fresh/delay_fit/model/nondelayed_placebo,18105,0.005782,0.004455,0.005601,0.003562,0.008184,4096
fresh/delay_fit/model/nondelayed_placebo,18106,0.009598,0.004261,0.007161,0.009930,0.011703,4096
fresh/delay_fit/model/nondelayed_placebo/chunks_5_8,18101,-0.004142,0.005101,-0.004266,-0.001448,-0.006713,2048
fresh/delay_fit/model/nondelayed_placebo/chunks_5_8,18102,0.026785,0.005363,0.029104,0.030512,0.020740,2048
fresh/delay_fit/model/nondelayed_placebo/chunks_5_8,18103,0.013269,0.006588,0.015520,0.011580,0.012708,2048
fresh/delay_fit/model/nondelayed_placebo/chunks_5_8,18104,0.009799,0.006882,0.008547,0.008616,0.012234,2048
fresh/delay_fit/model/nondelayed_placebo/chunks_5_8,18105,0.009881,0.006435,0.006511,0.009673,0.013461,2048
fresh/delay_fit/model/nondelayed_placebo/chunks_5_8,18106,0.015640,0.006342,0.008945,0.019077,0.018900,2048
fresh/delay_fit/io/nondelayed_placebo,18101,-0.004272,0.003764,-0.002933,-0.003159,-0.006724,4096
fresh/delay_fit/io/nondelayed_placebo,18102,0.001302,0.003615,-0.000049,0.004340,-0.000385,4096
fresh/delay_fit/io/nondelayed_placebo,18103,-0.004671,0.003900,-0.001769,-0.007006,-0.005238,4096
fresh/delay_fit/io/nondelayed_placebo,18104,-0.000744,0.004015,0.002685,-0.002089,-0.002828,4096
fresh/delay_fit/io/nondelayed_placebo,18105,0.001571,0.004059,-0.000544,0.000817,0.004439,4096
fresh/delay_fit/io/nondelayed_placebo,18106,-0.002100,0.003907,0.000287,-0.005108,-0.001479,4096
fresh/delay_fit/io/nondelayed_placebo/chunks_5_8,18101,-0.007656,0.005541,-0.008524,-0.007499,-0.006946,2048
fresh/delay_fit/io/nondelayed_placebo/chunks_5_8,18102,0.002631,0.004787,0.003796,0.003159,0.000937,2048
fresh/delay_fit/io/nondelayed_placebo/chunks_5_8,18103,-0.005871,0.005511,-0.002149,-0.008491,-0.006973,2048
fresh/delay_fit/io/nondelayed_placebo/chunks_5_8,18104,0.004110,0.006076,0.000178,0.004425,0.007729,2048
fresh/delay_fit/io/nondelayed_placebo/chunks_5_8,18105,0.003700,0.006037,0.000186,0.003420,0.007495,2048
fresh/delay_fit/io/nondelayed_placebo/chunks_5_8,18106,0.005169,0.005879,-0.001618,0.005096,0.012027,2048
fresh/delay_fit/model/chunk_1,18101,-0.001785,0.008038,0.000621,-0.002719,-0.003258,512
fresh/delay_fit/model/chunk_1,18102,-0.005780,0.010850,-0.019496,-0.004479,0.006634,512
fresh/delay_fit/model/chunk_1,18103,0.006969,0.012007,0.005579,0.003481,0.011847,512
fresh/delay_fit/model/chunk_1,18104,0.003110,0.009420,0.001989,0.007324,0.000018,512
fresh/delay_fit/model/chunk_1,18105,0.007888,0.010948,-0.005474,0.002096,0.027043,512
fresh/delay_fit/model/chunk_1,18106,-0.004925,0.010083,0.000211,-0.010704,-0.004282,512
fresh/delay_fit/model/chunk_2,18101,0.015589,0.009061,0.015456,0.020835,0.010477,512
fresh/delay_fit/model/chunk_2,18102,0.010186,0.015418,0.014486,0.011085,0.004986,512
fresh/delay_fit/model/chunk_2,18103,0.041964,0.009259,0.038161,0.050464,0.037268,512
fresh/delay_fit/model/chunk_2,18104,-0.011028,0.012927,-0.014296,-0.008736,-0.010051,512
fresh/delay_fit/model/chunk_2,18105,0.010787,0.009908,0.010531,0.021512,0.000318,512
fresh/delay_fit/model/chunk_2,18106,0.000874,0.009996,-0.012106,0.006355,0.008371,512
fresh/delay_fit/model/chunk_3,18101,0.002824,0.010062,-0.001242,0.004786,0.004927,512
fresh/delay_fit/model/chunk_3,18102,0.005308,0.014589,0.015362,0.006294,-0.005733,512
fresh/delay_fit/model/chunk_3,18103,0.028907,0.011487,0.028534,0.033054,0.025133,512
fresh/delay_fit/model/chunk_3,18104,-0.016177,0.012201,-0.006497,-0.025110,-0.016925,512
fresh/delay_fit/model/chunk_3,18105,-0.001558,0.013473,0.015441,-0.010682,-0.009432,512
fresh/delay_fit/model/chunk_3,18106,0.016833,0.012717,0.022365,0.021498,0.006635,512
fresh/delay_fit/model/chunk_4,18101,-0.027992,0.011374,-0.031570,-0.029636,-0.022770,512
fresh/delay_fit/model/chunk_4,18102,0.032077,0.012615,0.033223,0.033092,0.029917,512
fresh/delay_fit/model/chunk_4,18103,0.016009,0.012935,0.016638,0.021653,0.009737,512
fresh/delay_fit/model/chunk_4,18104,-0.005701,0.012279,-0.012396,-0.011185,0.006479,512
fresh/delay_fit/model/chunk_4,18105,0.028535,0.012576,0.022656,0.033488,0.029461,512
fresh/delay_fit/model/chunk_4,18106,0.007072,0.010245,0.018998,0.007242,-0.005024,512
fresh/delay_fit/model/chunk_5,18101,0.012432,0.011129,0.014628,0.006645,0.016024,512
fresh/delay_fit/model/chunk_5,18102,0.007808,0.011714,0.005573,0.009904,0.007948,512
fresh/delay_fit/model/chunk_5,18103,0.005505,0.012631,0.021522,0.006756,-0.011764,512
fresh/delay_fit/model/chunk_5,18104,-0.000171,0.011774,-0.007140,-0.000382,0.007009,512
fresh/delay_fit/model/chunk_5,18105,0.033791,0.013418,0.018514,0.041094,0.041765,512
fresh/delay_fit/model/chunk_5,18106,0.000678,0.010999,0.002854,0.003709,-0.004529,512
fresh/delay_fit/model/chunk_6,18101,0.003585,0.013686,0.022921,-0.004001,-0.008164,512
fresh/delay_fit/model/chunk_6,18102,0.033681,0.014122,0.025012,0.042600,0.033430,512
fresh/delay_fit/model/chunk_6,18103,0.005542,0.012125,0.027127,-0.002149,-0.008351,512
fresh/delay_fit/model/chunk_6,18104,0.005747,0.013573,0.013184,0.003738,0.000319,512
fresh/delay_fit/model/chunk_6,18105,0.015816,0.009720,0.019868,0.024410,0.003171,512
fresh/delay_fit/model/chunk_6,18106,0.013331,0.012267,0.006138,0.024177,0.009678,512
fresh/delay_fit/model/chunk_7,18101,0.009962,0.011178,0.020413,0.011254,-0.001780,512
fresh/delay_fit/model/chunk_7,18102,0.014906,0.015642,0.019650,0.009981,0.015087,512
fresh/delay_fit/model/chunk_7,18103,-0.002319,0.011483,-0.003182,0.006733,-0.010507,512
fresh/delay_fit/model/chunk_7,18104,0.006459,0.010168,-0.000580,0.012189,0.007767,512
fresh/delay_fit/model/chunk_7,18105,0.033358,0.014141,0.025759,0.042066,0.032248,512
fresh/delay_fit/model/chunk_7,18106,0.013188,0.012357,0.008581,0.022325,0.008658,512
fresh/delay_fit/model/chunk_8,18101,0.032046,0.010071,0.023956,0.036612,0.035571,512
fresh/delay_fit/model/chunk_8,18102,0.048997,0.013983,0.042689,0.048532,0.055770,512
fresh/delay_fit/model/chunk_8,18103,0.018849,0.013028,0.009574,0.005978,0.040995,512
fresh/delay_fit/model/chunk_8,18104,-0.003511,0.016803,0.011299,-0.011003,-0.010829,512
fresh/delay_fit/model/chunk_8,18105,0.021735,0.013453,0.034316,0.020707,0.010181,512
fresh/delay_fit/model/chunk_8,18106,0.014702,0.015925,0.019605,0.020328,0.004174,512
fresh/delay_fit/model/chunks_5_8,18101,0.015350,0.005941,0.019667,0.013556,0.012827,2048
fresh/delay_fit/model/chunks_5_8,18102,0.026544,0.007146,0.023787,0.028521,0.027324,2048
fresh/delay_fit/model/chunks_5_8,18103,0.007895,0.006035,0.014375,0.006096,0.003213,2048
fresh/delay_fit/model/chunks_5_8,18104,0.004237,0.006677,0.006397,0.003660,0.002655,2048
fresh/delay_fit/model/chunks_5_8,18105,0.023766,0.006517,0.022554,0.028664,0.020081,2048
fresh/delay_fit/model/chunks_5_8,18106,0.010210,0.006423,0.008934,0.017861,0.003836,2048
fresh/delay_inactive_fit/model/stage_1,18101,0.004217,0.004074,0.004340,0.006320,0.001991,4096
fresh/delay_inactive_fit/model/stage_1,18102,-0.003256,0.004357,-0.004524,0.000913,-0.006157,4096
fresh/delay_inactive_fit/model/stage_1,18103,0.007189,0.004723,0.003025,0.008299,0.010242,4096
fresh/delay_inactive_fit/model/stage_1,18106,0.002769,0.004148,0.001215,0.004874,0.002218,4096
fresh/delay_later_fit/model/stage_3,18101,0.010100,0.004516,0.014170,0.011421,0.004709,4096
fresh/delay_later_fit/model/stage_3,18102,0.010754,0.004309,0.015993,0.013609,0.002660,4096
fresh/delay_later_fit/model/stage_3,18104,0.007401,0.004435,0.004597,0.010234,0.007374,4096
fresh/delay_later_fit/model/stage_3,18105,0.004752,0.004333,0.013877,0.007995,-0.007615,4096
fresh/delay_inactive_fit/model/stage_2,18103,-0.004042,0.003933,-0.004681,-0.005853,-0.001591,4096
fresh/delay_inactive_fit/model/stage_2,18106,-0.002162,0.004199,-0.003233,-0.001791,-0.001461,4096
fresh/delay_later_fit/model/stage_2,18104,0.022545,0.004329,0.029331,0.020652,0.017653,4096
fresh/delay_later_fit/model/stage_2,18105,0.009253,0.004306,0.013078,0.010669,0.004013,4096
