seed,law,cycle,model,model_pos2plus,io,post,mix,marginal,io_as_baseB
18101,baseA,1,0.101230,0.096415,0.043808,0.051299,0.242085,0.226711,0.398158
18101,baseA,2,0.159840,0.153516,0.046678,0.056461,0.252704,0.227508,0.411134
18101,baseA,3,0.117290,0.109427,0.045064,0.054443,0.246671,0.232230,0.407242
18101,baseA,4,0.137463,0.128767,0.043914,0.054791,0.238254,0.222996,0.396124
18101,baseA,5,0.115017,0.108626,0.040975,0.049807,0.243055,0.228179,0.402179
18101,baseA,6,0.126019,0.115894,0.043257,0.054555,0.249210,0.226223,0.409797
18101,baseA,7,0.127557,0.117757,0.043327,0.055124,0.245604,0.229257,0.410703
18101,baseA,8,0.110394,0.102435,0.043316,0.053220,0.250313,0.233270,0.413941
18101,baseB,1,0.158219,0.150047,0.044728,0.056852,0.104948,0.231985,0.044728
18101,baseB,2,0.104434,0.098738,0.043188,0.052616,0.100342,0.220109,0.043188
18101,baseB,3,0.107051,0.098085,0.043851,0.055154,0.097731,0.225317,0.043851
18101,baseB,4,0.117845,0.108498,0.043920,0.055171,0.104563,0.233717,0.043920
18101,baseB,5,0.110983,0.103067,0.044781,0.054861,0.103629,0.230282,0.044781
18101,baseB,6,0.103277,0.094220,0.043170,0.054526,0.101894,0.229439,0.043170
18101,baseB,7,0.114965,0.107569,0.048577,0.059140,0.109711,0.220285,0.048577
18101,baseB,8,0.116037,0.106928,0.043870,0.055014,0.103896,0.221769,0.043870
18101,stage1,1,0.124399,0.124478,0.046860,0.050597,0.065844,0.224236,0.126460
18101,stage1,2,0.105030,0.103832,0.047571,0.051796,0.066348,0.223132,0.133637
18101,stage1,3,0.104158,0.103356,0.046434,0.050045,0.065757,0.224031,0.134545
18101,stage1,4,0.096649,0.096114,0.045259,0.048672,0.063210,0.223151,0.127738
18101,stage1,5,0.092316,0.091507,0.044386,0.048169,0.064949,0.224067,0.129589
18101,stage1,6,0.097133,0.097195,0.044248,0.048983,0.064394,0.225047,0.129082
18101,stage1,7,0.098617,0.098174,0.045240,0.047150,0.063977,0.223394,0.126948
18101,stage1,8,0.092553,0.090628,0.042203,0.046720,0.061017,0.221145,0.128140
18101,stage2,1,0.100080,0.100010,0.043114,0.044198,0.062416,0.230289,0.127567
18101,stage2,2,0.089109,0.088103,0.041691,0.042148,0.060716,0.224971,0.124332
18101,stage2,3,0.088292,0.087312,0.045106,0.045752,0.062231,0.225448,0.128662
18101,stage2,4,0.080026,0.080074,0.042494,0.043850,0.061939,0.225225,0.128641
18101,stage2,5,0.087597,0.087354,0.043306,0.044497,0.064410,0.227747,0.125470
18101,stage2,6,0.090402,0.090405,0.044780,0.045702,0.063815,0.224872,0.127965
18101,stage2,7,0.087425,0.087913,0.045146,0.045620,0.065041,0.223178,0.130869
18101,stage2,8,0.088205,0.088446,0.046376,0.047362,0.063796,0.224035,0.125171
18101,stage3,1,0.099940,0.100117,0.046268,0.048099,0.066197,0.228755,0.132157
18101,stage3,2,0.086636,0.086501,0.043037,0.045348,0.063691,0.226031,0.128993
18101,stage3,3,0.090781,0.090963,0.044262,0.046107,0.065527,0.223957,0.136275
18101,stage3,4,0.088059,0.088003,0.041872,0.043867,0.062087,0.225479,0.122953
18101,stage3,5,0.088493,0.087862,0.043548,0.044618,0.063865,0.224302,0.126320
18101,stage3,6,0.090706,0.090895,0.042537,0.044142,0.064332,0.226940,0.127958
18101,stage3,7,0.084587,0.084185,0.044171,0.045610,0.064394,0.224484,0.127251
18101,stage3,8,0.086665,0.086841,0.045229,0.047110,0.064279,0.225123,0.127421
18102,baseA,1,0.112907,0.108361,0.043411,0.049645,0.260661,0.229270,0.405596
18102,baseA,2,0.098905,0.090428,0.044477,0.053882,0.259485,0.227889,0.407226
18102,baseA,3,0.103188,0.094521,0.046828,0.057610,0.266168,0.227940,0.415825
18102,baseA,4,0.109245,0.101878,0.044262,0.053834,0.260393,0.228410,0.408499
18102,baseA,5,0.116109,0.105830,0.043687,0.056185,0.258734,0.226763,0.405741
18102,baseA,6,0.105066,0.101414,0.043827,0.054095,0.260626,0.228378,0.403583
18102,baseA,7,0.116449,0.108640,0.044182,0.053001,0.259135,0.226268,0.406389
18102,baseA,8,0.117184,0.106761,0.043797,0.055595,0.261143,0.226824,0.409428
18102,baseB,1,0.171389,0.164431,0.044640,0.058064,0.068264,0.229876,0.044640
18102,baseB,2,0.090765,0.081242,0.045298,0.058008,0.070056,0.226155,0.045298
18102,baseB,3,0.095602,0.087374,0.046690,0.059976,0.071602,0.232979,0.046690
18102,baseB,4,0.094157,0.082644,0.044278,0.059383,0.070565,0.231583,0.044278
18102,baseB,5,0.095838,0.085431,0.044846,0.058870,0.069313,0.224438,0.044846
18102,baseB,6,0.098655,0.089104,0.046609,0.059275,0.069711,0.227004,0.046609
18102,baseB,7,0.104715,0.095569,0.044845,0.059462,0.068314,0.229706,0.044845
18102,baseB,8,0.103259,0.091189,0.046258,0.061519,0.072374,0.233518,0.046258
18102,stage1,1,0.121397,0.120894,0.045041,0.046703,0.070340,0.237756,0.052312
18102,stage1,2,0.074467,0.074231,0.041922,0.043114,0.065716,0.226946,0.047546
18102,stage1,3,0.077221,0.076994,0.045184,0.046233,0.069220,0.227333,0.050943
18102,stage1,4,0.078079,0.078559,0.042062,0.043519,0.068525,0.227211,0.048827
18102,stage1,5,0.080721,0.080897,0.043304,0.044556,0.067579,0.225864,0.049684
18102,stage1,6,0.081736,0.081696,0.044104,0.045858,0.067735,0.228204,0.050737
18102,stage1,7,0.086722,0.086800,0.042177,0.043167,0.066154,0.225370,0.048058
18102,stage1,8,0.083539,0.084253,0.045233,0.046209,0.068561,0.230080,0.050654
18102,stage2,1,0.080533,0.081022,0.043202,0.044678,0.066932,0.231891,0.052439
18102,stage2,2,0.077657,0.077267,0.043679,0.044919,0.068813,0.224468,0.051042
18102,stage2,3,0.080959,0.081489,0.044433,0.046717,0.069333,0.229726,0.053897
18102,stage2,4,0.091204,0.091486,0.046752,0.048019,0.071356,0.231369,0.056492
18102,stage2,5,0.075866,0.075355,0.040763,0.042137,0.065405,0.230092,0.051587
18102,stage2,6,0.083951,0.084421,0.047355,0.049426,0.072048,0.225082,0.055888
18102,stage2,7,0.078786,0.078724,0.040329,0.042228,0.064407,0.227271,0.049989
18102,stage2,8,0.081826,0.081676,0.043401,0.044574,0.067397,0.229016,0.051449
18102,stage3,1,0.124669,0.123344,0.043464,0.046671,0.091969,0.228863,0.127169
18102,stage3,2,0.130968,0.129347,0.044446,0.048041,0.094054,0.225087,0.132902
18102,stage3,3,0.120519,0.119359,0.046533,0.049330,0.092096,0.225557,0.127951
18102,stage3,4,0.118453,0.116923,0.041155,0.044790,0.087080,0.224765,0.123499
18102,stage3,5,0.123737,0.123943,0.042441,0.044340,0.090006,0.227331,0.124506
18102,stage3,6,0.116507,0.115667,0.040129,0.042572,0.087841,0.225998,0.123240
18102,stage3,7,0.118497,0.116458,0.044144,0.047773,0.090920,0.224132,0.127658
18102,stage3,8,0.118400,0.118103,0.040939,0.043432,0.090036,0.222154,0.129190
18103,baseA,1,0.113399,0.108932,0.042312,0.048336,0.252151,0.230125,0.412490
18103,baseA,2,0.147908,0.140567,0.045796,0.057149,0.256332,0.230060,0.416154
18103,baseA,3,0.118880,0.109015,0.045256,0.055524,0.251867,0.229459,0.406616
18103,baseA,4,0.116521,0.108469,0.044389,0.054621,0.251346,0.227789,0.408441
18103,baseA,5,0.103438,0.095219,0.043463,0.053785,0.253093,0.227725,0.412227
18103,baseA,6,0.101264,0.093241,0.044608,0.054840,0.248115,0.224317,0.403456
18103,baseA,7,0.112095,0.105686,0.044575,0.052906,0.260743,0.231199,0.426110
18103,baseA,8,0.110713,0.103320,0.045332,0.054416,0.253867,0.227769,0.411488
18103,baseB,1,0.171347,0.165245,0.046063,0.058192,0.083126,0.232815,0.046063
18103,baseB,2,0.091992,0.082870,0.044910,0.057827,0.083434,0.230720,0.044910
18103,baseB,3,0.096893,0.085610,0.042912,0.055923,0.080001,0.230244,0.042912
18103,baseB,4,0.097278,0.086375,0.043124,0.056430,0.083122,0.226162,0.043124
18103,baseB,5,0.104358,0.092988,0.047491,0.059261,0.083850,0.227109,0.047491
18103,baseB,6,0.100271,0.087183,0.046556,0.061101,0.085252,0.230743,0.046556
18103,baseB,7,0.106060,0.095872,0.042043,0.054377,0.082214,0.227099,0.042043
18103,baseB,8,0.098662,0.086753,0.043745,0.058281,0.081703,0.227302,0.043745
18103,stage1,1,0.102834,0.102065,0.041301,0.042006,0.081071,0.230652,0.047912
18103,stage1,2,0.075958,0.075958,0.043449,0.044362,0.081268,0.226549,0.048457
18103,stage1,3,0.083750,0.083805,0.043331,0.044850,0.082685,0.228184,0.050490
18103,stage1,4,0.079588,0.079821,0.042078,0.043291,0.082126,0.227271,0.048043
18103,stage1,5,0.081399,0.081560,0.044894,0.046108,0.083085,0.228815,0.052572
18103,stage1,6,0.086981,0.087422,0.043122,0.044659,0.081352,0.225817,0.049110
18103,stage1,7,0.084496,0.085194,0.045186,0.045897,0.080072,0.228131,0.051594
18103,stage1,8,0.082182,0.081936,0.044729,0.046711,0.083010,0.225714,0.051126
18103,stage2,1,0.126380,0.124926,0.043557,0.046643,0.075163,0.225959,0.133725
18103,stage2,2,0.112624,0.110690,0.043755,0.047288,0.073240,0.223864,0.128140
18103,stage2,3,0.114084,0.113311,0.045637,0.047814,0.073737,0.218707,0.127621
18103,stage2,4,0.117667,0.117757,0.043960,0.046506,0.074105,0.225180,0.125538
18103,stage2,5,0.118205,0.116720,0.042961,0.046688,0.073290,0.222966,0.128957
18103,stage2,6,0.116258,0.115020,0.044952,0.048511,0.073773,0.224186,0.125570
18103,stage2,7,0.120858,0.119794,0.046092,0.049102,0.075778,0.221172,0.134288
18103,stage2,8,0.115347,0.113327,0.041703,0.045453,0.069982,0.226557,0.119269
18103,stage3,1,0.106031,0.105847,0.042659,0.043716,0.074212,0.226617,0.131948
18103,stage3,2,0.097564,0.098480,0.042954,0.043486,0.075068,0.226933,0.130632
18103,stage3,3,0.101700,0.100977,0.042871,0.043220,0.074481,0.226224,0.126851
18103,stage3,4,0.110360,0.109642,0.042899,0.043662,0.074862,0.223127,0.129541
18103,stage3,5,0.095932,0.095969,0.041558,0.041895,0.070424,0.226241,0.121803
18103,stage3,6,0.103577,0.103307,0.044940,0.045463,0.074327,0.224222,0.129276
18103,stage3,7,0.101721,0.101930,0.045474,0.045573,0.076217,0.220150,0.129782
18103,stage3,8,0.100734,0.100150,0.042473,0.042778,0.071038,0.225973,0.124734
18104,baseA,1,0.112750,0.108213,0.045876,0.053088,0.264543,0.231299,0.411727
18104,baseA,2,0.112510,0.107398,0.044301,0.053541,0.266754,0.229806,0.416460
18104,baseA,3,0.111259,0.101179,0.045572,0.056480,0.269678,0.225154,0.419959
18104,baseA,4,0.115890,0.109527,0.043275,0.052037,0.252447,0.230527,0.399178
18104,baseA,5,0.112369,0.106658,0.042060,0.052761,0.257309,0.226911,0.401689
18104,baseA,6,0.125932,0.116647,0.044026,0.054234,0.262698,0.228256,0.410596
18104,baseA,7,0.109760,0.102307,0.043727,0.052612,0.261378,0.223537,0.411406
18104,baseA,8,0.107187,0.100441,0.043320,0.053119,0.261743,0.225863,0.411183
18104,baseB,1,0.158532,0.151634,0.045598,0.057610,0.071180,0.231382,0.045598
18104,baseB,2,0.096593,0.087285,0.041839,0.053870,0.065682,0.233565,0.041839
18104,baseB,3,0.086473,0.083134,0.043805,0.056560,0.067279,0.229530,0.043805
18104,baseB,4,0.100150,0.091376,0.047827,0.060518,0.072656,0.227585,0.047827
18104,baseB,5,0.098246,0.088524,0.045939,0.059263,0.069724,0.227230,0.045939
18104,baseB,6,0.089970,0.083407,0.046545,0.056712,0.068684,0.224692,0.046545
18104,baseB,7,0.095277,0.083605,0.044188,0.059451,0.068782,0.226130,0.044188
18104,baseB,8,0.101689,0.094979,0.044089,0.055204,0.068093,0.229917,0.044089
18104,stage1,1,0.100048,0.099596,0.043118,0.044176,0.067076,0.235185,0.047384
18104,stage1,2,0.076670,0.075956,0.044517,0.044971,0.070078,0.229621,0.046788
18104,stage1,3,0.079993,0.079464,0.045105,0.046306,0.069068,0.234491,0.049409
18104,stage1,4,0.083933,0.084505,0.043662,0.044613,0.068394,0.229484,0.047436
18104,stage1,5,0.079736,0.079767,0.044842,0.045909,0.067560,0.231449,0.047919
18104,stage1,6,0.079537,0.079371,0.045391,0.047036,0.070201,0.229842,0.049822
18104,stage1,7,0.079525,0.079112,0.044530,0.045674,0.069060,0.231245,0.047350
18104,stage1,8,0.082537,0.082431,0.045869,0.046689,0.070198,0.228283,0.048856
18104,stage2,1,0.080870,0.079966,0.044984,0.046296,0.070001,0.230815,0.052050
18104,stage2,2,0.076844,0.077158,0.042203,0.043239,0.066855,0.225831,0.050010
18104,stage2,3,0.082000,0.081495,0.045840,0.046988,0.069656,0.224977,0.053980
18104,stage2,4,0.077099,0.075613,0.042097,0.044277,0.067747,0.230681,0.051960
18104,stage2,5,0.083055,0.083438,0.044245,0.045189,0.067351,0.225938,0.050835
18104,stage2,6,0.082626,0.082226,0.045691,0.047590,0.070223,0.228181,0.055781
18104,stage2,7,0.078059,0.077620,0.044731,0.047520,0.071290,0.225920,0.055831
18104,stage2,8,0.083758,0.084534,0.045383,0.047496,0.070825,0.225913,0.054900
18104,stage3,1,0.124075,0.122725,0.042519,0.045522,0.090051,0.230440,0.128661
18104,stage3,2,0.124417,0.123698,0.044859,0.047517,0.091752,0.226257,0.131369
18104,stage3,3,0.120846,0.120155,0.043466,0.046093,0.090761,0.225653,0.128929
18104,stage3,4,0.129428,0.128749,0.042415,0.044755,0.089402,0.226210,0.124450
18104,stage3,5,0.123389,0.121869,0.042171,0.045540,0.087227,0.225161,0.122043
18104,stage3,6,0.135236,0.135691,0.044054,0.046978,0.092869,0.223005,0.130216
18104,stage3,7,0.128477,0.129046,0.043870,0.044986,0.088705,0.227568,0.124160
18104,stage3,8,0.140554,0.141321,0.047775,0.049971,0.094616,0.224172,0.133791
18105,baseA,1,0.116591,0.112138,0.046557,0.052700,0.254166,0.230790,0.414388
18105,baseA,2,0.102506,0.093793,0.041522,0.052641,0.249192,0.227873,0.409360
18105,baseA,3,0.107405,0.100578,0.047105,0.055928,0.254310,0.228247,0.414295
18105,baseA,4,0.114645,0.106828,0.041880,0.050950,0.244736,0.227946,0.401856
18105,baseA,5,0.090584,0.084257,0.042537,0.051870,0.247770,0.225181,0.402214
18105,baseA,6,0.106105,0.097756,0.042446,0.052379,0.248646,0.229536,0.401925
18105,baseA,7,0.102777,0.095217,0.043766,0.052800,0.246393,0.221212,0.405192
18105,baseA,8,0.109055,0.099803,0.041219,0.051773,0.253400,0.224723,0.411964
18105,baseB,1,0.170950,0.162565,0.043933,0.057479,0.082682,0.235774,0.043933
18105,baseB,2,0.089714,0.081114,0.045355,0.057845,0.082832,0.230568,0.045355
18105,baseB,3,0.096192,0.086652,0.041852,0.053689,0.078384,0.227545,0.041852
18105,baseB,4,0.091700,0.082201,0.042607,0.054289,0.081743,0.230419,0.042607
18105,baseB,5,0.098323,0.087409,0.042699,0.054610,0.080795,0.226046,0.042699
18105,baseB,6,0.095094,0.085078,0.044820,0.057035,0.084343,0.225539,0.044820
18105,baseB,7,0.099105,0.089546,0.045376,0.056430,0.082309,0.226077,0.045376
18105,baseB,8,0.114839,0.106019,0.048014,0.059137,0.083953,0.224244,0.048014
18105,stage1,1,0.104358,0.103135,0.041522,0.042564,0.081624,0.235855,0.047152
18105,stage1,2,0.079833,0.079487,0.042829,0.043573,0.078283,0.228775,0.045880
18105,stage1,3,0.076139,0.076077,0.043631,0.045104,0.080719,0.226072,0.047637
18105,stage1,4,0.078940,0.078806,0.043260,0.044030,0.080157,0.228801,0.047113
18105,stage1,5,0.073884,0.073392,0.045396,0.045900,0.084184,0.227661,0.048087
18105,stage1,6,0.081980,0.081437,0.045420,0.045697,0.082556,0.231122,0.048376
18105,stage1,7,0.084085,0.084563,0.046223,0.046895,0.085036,0.229905,0.049870
18105,stage1,8,0.079693,0.078505,0.043851,0.044718,0.080734,0.229071,0.047913
18105,stage2,1,0.130381,0.129794,0.045061,0.048469,0.075222,0.229173,0.129162
18105,stage2,2,0.121356,0.120899,0.042707,0.045997,0.073919,0.226233,0.130005
18105,stage2,3,0.116924,0.115933,0.044622,0.047415,0.073599,0.224167,0.126396
18105,stage2,4,0.111343,0.110318,0.044467,0.047061,0.073420,0.227562,0.123683
18105,stage2,5,0.118702,0.117277,0.045171,0.049285,0.076280,0.224808,0.130514
18105,stage2,6,0.110855,0.111170,0.044752,0.047336,0.072470,0.225614,0.124313
18105,stage2,7,0.118461,0.118698,0.042585,0.044877,0.072916,0.225789,0.129657
18105,stage2,8,0.119525,0.120149,0.044254,0.047431,0.074944,0.225015,0.129128
18105,stage3,1,0.118923,0.119229,0.043061,0.043722,0.074732,0.224348,0.128700
18105,stage3,2,0.110656,0.109474,0.043843,0.044462,0.074674,0.228441,0.126182
18105,stage3,3,0.102877,0.101703,0.042501,0.043143,0.074461,0.227770,0.125850
18105,stage3,4,0.100662,0.100838,0.043435,0.044464,0.074942,0.220965,0.129665
18105,stage3,5,0.099532,0.098944,0.044186,0.044943,0.072890,0.228711,0.124337
18105,stage3,6,0.098299,0.098248,0.043195,0.044290,0.072135,0.224955,0.123033
18105,stage3,7,0.101253,0.100749,0.044666,0.045907,0.077098,0.225212,0.126444
18105,stage3,8,0.102477,0.103184,0.044214,0.045051,0.075216,0.222070,0.131418
18106,baseA,1,0.103995,0.099221,0.048052,0.053427,0.253512,0.235300,0.414986
18106,baseA,2,0.122278,0.115927,0.043867,0.053394,0.248293,0.228310,0.406932
18106,baseA,3,0.142041,0.135859,0.043357,0.052343,0.245408,0.230309,0.399169
18106,baseA,4,0.121265,0.111461,0.045268,0.058192,0.241197,0.230377,0.392896
18106,baseA,5,0.132663,0.124533,0.045380,0.055715,0.248701,0.224687,0.405375
18106,baseA,6,0.126892,0.118681,0.047598,0.058838,0.257671,0.229038,0.421981
18106,baseA,7,0.119835,0.111125,0.045955,0.056713,0.250059,0.226370,0.409467
18106,baseA,8,0.110409,0.106375,0.043276,0.050667,0.247134,0.225978,0.411125
18106,baseB,1,0.177260,0.170762,0.046450,0.056818,0.103034,0.230200,0.046450
18106,baseB,2,0.096240,0.086399,0.047219,0.059712,0.109710,0.228179,0.047219
18106,baseB,3,0.101169,0.090113,0.046093,0.058579,0.106521,0.230052,0.046093
18106,baseB,4,0.108649,0.097350,0.046567,0.059342,0.106296,0.226626,0.046567
18106,baseB,5,0.102519,0.096030,0.046649,0.055599,0.105039,0.228292,0.046649
18106,baseB,6,0.109808,0.101082,0.044344,0.055383,0.101071,0.231427,0.044344
18106,baseB,7,0.108094,0.099494,0.045409,0.057866,0.106416,0.226756,0.045409
18106,baseB,8,0.111778,0.104675,0.042171,0.051651,0.099883,0.229196,0.042171
18106,stage1,1,0.125050,0.122785,0.042666,0.046425,0.064243,0.228120,0.129516
18106,stage1,2,0.104034,0.102840,0.042015,0.045685,0.061384,0.222758,0.128139
18106,stage1,3,0.096532,0.095354,0.043292,0.046912,0.061396,0.223979,0.122846
18106,stage1,4,0.098523,0.098516,0.044368,0.047756,0.065155,0.225278,0.126494
18106,stage1,5,0.091803,0.090572,0.042715,0.046258,0.060569,0.225820,0.122061
18106,stage1,6,0.097430,0.097177,0.043482,0.047208,0.063083,0.223920,0.126336
18106,stage1,7,0.101792,0.100385,0.042928,0.046952,0.062784,0.225301,0.121106
18106,stage1,8,0.100445,0.099501,0.043961,0.047996,0.063916,0.219343,0.128593
18106,stage2,1,0.100116,0.099692,0.043639,0.044756,0.061420,0.228558,0.124537
18106,stage2,2,0.092275,0.092298,0.041252,0.042021,0.060610,0.223483,0.122162
18106,stage2,3,0.088662,0.088354,0.044737,0.045989,0.063349,0.219930,0.132955
18106,stage2,4,0.089924,0.090483,0.045098,0.046059,0.063599,0.219981,0.124963
18106,stage2,5,0.090617,0.089399,0.042582,0.043457,0.062954,0.224899,0.124055
18106,stage2,6,0.094553,0.092616,0.044043,0.044875,0.063326,0.222715,0.129570
18106,stage2,7,0.099066,0.098687,0.046126,0.046774,0.064260,0.226190,0.124189
18106,stage2,8,0.095695,0.095013,0.044777,0.045506,0.064036,0.223787,0.129331
18106,stage3,1,0.100645,0.100454,0.040748,0.042276,0.063322,0.230194,0.130656
18106,stage3,2,0.092116,0.092370,0.043567,0.044566,0.063375,0.223628,0.131060
18106,stage3,3,0.089656,0.089189,0.041619,0.042175,0.060753,0.222686,0.125975
18106,stage3,4,0.083559,0.083198,0.041678,0.042707,0.063286,0.224368,0.126526
18106,stage3,5,0.094870,0.095116,0.042025,0.043982,0.063084,0.226107,0.128673
18106,stage3,6,0.089269,0.088440,0.044591,0.045332,0.063732,0.222888,0.123767
18106,stage3,7,0.093550,0.094011,0.043470,0.044840,0.064979,0.224658,0.130160
18106,stage3,8,0.092875,0.092380,0.042131,0.043524,0.060990,0.223321,0.127979
