seed,stage,chunk,model,io,io_predecessor,marginal
18101,1,1,0.145236,0.041164,0.126883,0.228402
18101,1,2,0.092160,0.045124,0.125827,0.224670
18101,1,3,0.080412,0.044360,0.130549,0.221716
18101,1,4,0.078865,0.044587,0.128273,0.221749
18101,1,5,0.077854,0.043635,0.130761,0.222411
18101,1,6,0.078926,0.043977,0.123901,0.225061
18101,1,7,0.077987,0.044624,0.122531,0.223836
18101,1,8,0.076510,0.041668,0.122603,0.223341
18101,2,1,0.137972,0.045327,0.047690,0.230014
18101,2,2,0.092654,0.042997,0.045885,0.226451
18101,2,3,0.085512,0.047680,0.049844,0.222907
18101,2,4,0.081587,0.047237,0.049067,0.222554
18101,2,5,0.080223,0.045626,0.047858,0.225147
18101,2,6,0.073621,0.044240,0.046401,0.227067
18101,2,7,0.080277,0.047414,0.050364,0.225884
18101,2,8,0.081111,0.043632,0.046403,0.226655
18101,3,1,0.127376,0.043446,0.050356,0.228706
18101,3,2,0.095124,0.045339,0.050625,0.223878
18101,3,3,0.083911,0.043344,0.048746,0.223317
18101,3,4,0.083912,0.043373,0.049192,0.225825
18101,3,5,0.084054,0.045866,0.050571,0.225470
18101,3,6,0.079832,0.044157,0.049767,0.222523
18101,3,7,0.080310,0.043276,0.048482,0.224754
18101,3,8,0.079455,0.044121,0.049692,0.224169
18102,1,1,0.120478,0.045301,0.050901,0.235213
18102,1,2,0.072209,0.043757,0.050656,0.227041
18102,1,3,0.067988,0.042998,0.048463,0.223972
18102,1,4,0.069992,0.043281,0.048971,0.227711
18102,1,5,0.067057,0.042590,0.049928,0.223480
18102,1,6,0.068697,0.042724,0.047694,0.227576
18102,1,7,0.074145,0.043287,0.050000,0.228902
18102,1,8,0.071545,0.045573,0.050077,0.228539
18102,2,1,0.120940,0.048060,0.052457,0.235006
18102,2,2,0.069274,0.043094,0.047210,0.227770
18102,2,3,0.069847,0.043290,0.047290,0.225387
18102,2,4,0.072736,0.044648,0.048080,0.226704
18102,2,5,0.077830,0.045953,0.049256,0.229031
18102,2,6,0.070068,0.043309,0.046677,0.224874
18102,2,7,0.067663,0.041681,0.045694,0.227340
18102,2,8,0.075045,0.045396,0.050046,0.229370
18102,3,1,0.137338,0.042842,0.123791,0.228496
18102,3,2,0.096295,0.044709,0.127660,0.223851
18102,3,3,0.084722,0.044389,0.131687,0.222721
18102,3,4,0.076956,0.040016,0.122691,0.226374
18102,3,5,0.080335,0.044148,0.127233,0.226177
18102,3,6,0.078526,0.043241,0.120278,0.224453
18102,3,7,0.079137,0.040892,0.122840,0.223990
18102,3,8,0.080839,0.045251,0.120432,0.226220
18103,1,1,0.141324,0.043831,0.051278,0.233978
18103,1,2,0.070112,0.043072,0.048525,0.225150
18103,1,3,0.078000,0.045326,0.052112,0.229820
18103,1,4,0.071177,0.044672,0.052647,0.227710
18103,1,5,0.077140,0.045044,0.051066,0.224678
18103,1,6,0.072369,0.045292,0.051889,0.228923
18103,1,7,0.070189,0.044964,0.050501,0.224277
18103,1,8,0.072062,0.046298,0.050991,0.227349
18103,2,1,0.151703,0.046236,0.131414,0.226940
18103,2,2,0.092727,0.044123,0.126989,0.225053
18103,2,3,0.080083,0.041020,0.124010,0.222869
18103,2,4,0.081082,0.044002,0.126048,0.224999
18103,2,5,0.086104,0.046478,0.128604,0.222525
18103,2,6,0.076705,0.041719,0.127449,0.223549
18103,2,7,0.077218,0.045105,0.121520,0.221871
18103,2,8,0.081132,0.045613,0.128303,0.223916
18103,3,1,0.158642,0.042169,0.045822,0.233032
18103,3,2,0.092055,0.042354,0.045297,0.223833
18103,3,3,0.085226,0.044700,0.046938,0.228457
18103,3,4,0.081527,0.041456,0.044274,0.225272
18103,3,5,0.082083,0.042937,0.047296,0.226198
18103,3,6,0.076471,0.043023,0.044935,0.223288
18103,3,7,0.084440,0.046223,0.048645,0.223211
18103,3,8,0.083472,0.046372,0.049772,0.224805
18104,1,1,0.114166,0.045315,0.047265,0.235756
18104,1,2,0.073059,0.046018,0.048592,0.228078
18104,1,3,0.068940,0.047604,0.050965,0.231537
18104,1,4,0.070295,0.044162,0.050137,0.231439
18104,1,5,0.070765,0.045722,0.049312,0.227509
18104,1,6,0.066613,0.044398,0.046799,0.227723
18104,1,7,0.071258,0.046703,0.049580,0.229947
18104,1,8,0.070390,0.046422,0.049179,0.229052
18104,2,1,0.110917,0.045261,0.050579,0.229595
18104,2,2,0.072920,0.043160,0.048510,0.230046
18104,2,3,0.069956,0.043255,0.047414,0.228391
18104,2,4,0.072874,0.041123,0.047460,0.225900
18104,2,5,0.077175,0.046091,0.053476,0.226375
18104,2,6,0.072306,0.044023,0.048504,0.225766
18104,2,7,0.071969,0.044041,0.050536,0.230787
18104,2,8,0.068939,0.041160,0.046573,0.224863
18104,3,1,0.137109,0.045227,0.123090,0.229806
18104,3,2,0.092339,0.045472,0.124106,0.225159
18104,3,3,0.086156,0.044736,0.131987,0.223816
18104,3,4,0.084683,0.043898,0.122953,0.224204
18104,3,5,0.079586,0.045072,0.122283,0.223521
18104,3,6,0.078923,0.043254,0.122274,0.225529
18104,3,7,0.076467,0.041387,0.122862,0.223673
18104,3,8,0.082696,0.040892,0.119450,0.229399
18105,1,1,0.119174,0.045728,0.048989,0.229191
18105,1,2,0.072086,0.044217,0.047068,0.225714
18105,1,3,0.067667,0.044554,0.047218,0.230862
18105,1,4,0.069212,0.044158,0.046963,0.229864
18105,1,5,0.071980,0.046289,0.050492,0.228203
18105,1,6,0.072308,0.045160,0.049129,0.233151
18105,1,7,0.073665,0.043029,0.046600,0.227470
18105,1,8,0.072922,0.043592,0.047231,0.228824
18105,2,1,0.130751,0.044997,0.126445,0.228824
18105,2,2,0.086049,0.045050,0.124818,0.227520
18105,2,3,0.081271,0.045104,0.128398,0.225105
18105,2,4,0.080882,0.044779,0.131032,0.222871
18105,2,5,0.079024,0.045051,0.121638,0.224848
18105,2,6,0.078978,0.044282,0.129304,0.223656
18105,2,7,0.079459,0.045730,0.128093,0.224431
18105,2,8,0.080033,0.044260,0.127113,0.223749
18105,3,1,0.135752,0.043737,0.047840,0.228393
18105,3,2,0.094775,0.043099,0.047812,0.226331
18105,3,3,0.088475,0.044685,0.048997,0.225107
18105,3,4,0.083172,0.043765,0.048060,0.223869
18105,3,5,0.081343,0.043590,0.049206,0.223466
18105,3,6,0.078706,0.043333,0.049170,0.227257
18105,3,7,0.083037,0.042979,0.047999,0.223040
18105,3,8,0.080695,0.040738,0.045598,0.224337
18106,1,1,0.147581,0.045489,0.123226,0.230209
18106,1,2,0.092931,0.047820,0.126492,0.224844
18106,1,3,0.083124,0.044045,0.128239,0.225504
18106,1,4,0.079905,0.045583,0.128637,0.222437
18106,1,5,0.076895,0.044078,0.122989,0.223251
18106,1,6,0.078152,0.044202,0.129422,0.220687
18106,1,7,0.079281,0.044329,0.126924,0.222806
18106,1,8,0.075918,0.044092,0.128449,0.223818
18106,2,1,0.147308,0.042968,0.046559,0.227999
18106,2,2,0.091072,0.044353,0.049517,0.223761
18106,2,3,0.090478,0.045951,0.051254,0.225172
18106,2,4,0.082207,0.043381,0.048006,0.226613
18106,2,5,0.075829,0.041612,0.046326,0.223146
18106,2,6,0.080634,0.045552,0.051376,0.220632
18106,2,7,0.076390,0.043680,0.047553,0.222137
18106,2,8,0.077551,0.043176,0.048819,0.222293
18106,3,1,0.135480,0.044187,0.048093,0.228613
18106,3,2,0.085847,0.040642,0.043106,0.226340
18106,3,3,0.081639,0.044339,0.046394,0.225657
18106,3,4,0.079591,0.042553,0.045467,0.225547
18106,3,5,0.079756,0.043090,0.045976,0.224598
18106,3,6,0.086995,0.045922,0.048345,0.224748
18106,3,7,0.080024,0.042658,0.046174,0.226005
18106,3,8,0.084898,0.045621,0.048462,0.225221
