law,position,model,post,io,model_late,post_late,io_late,lambda_model,lambda_post
baseA,1,0.356772,0.363765,0.041963,0.353690,0.362668,0.040860,0.173487,0.169760
baseA,2,0.200097,0.043802,0.043802,0.194310,0.044253,0.044253,0.558741,1.000000
baseA,3,0.163868,0.043614,0.043614,0.158316,0.042550,0.042550,0.652681,1.000000
baseA,4,0.141385,0.043069,0.043069,0.125165,0.043117,0.043117,0.717237,1.000000
baseA,5,0.141342,0.042647,0.042647,0.145792,0.041134,0.041134,0.716346,1.000000
baseA,6,0.125552,0.041958,0.041958,0.112539,0.041461,0.041461,0.766119,1.000000
baseA,7,0.128750,0.044734,0.044734,0.125582,0.044585,0.044585,0.754955,1.000000
baseA,8,0.116915,0.045711,0.045711,0.107274,0.044766,0.044766,0.809761,1.000000
baseA,9,0.102877,0.044916,0.044916,0.093869,0.043888,0.043888,0.833213,1.000000
baseA,10,0.101598,0.043876,0.043876,0.095859,0.042407,0.042407,0.839143,1.000000
baseA,11,0.113273,0.043582,0.043582,0.114326,0.043359,0.043359,0.811494,1.000000
baseA,12,0.112156,0.043472,0.043472,0.109877,0.044637,0.044637,0.818695,1.000000
baseA,13,0.100934,0.043465,0.043465,0.097617,0.043322,0.043322,0.847166,1.000000
baseA,14,0.105579,0.045490,0.045490,0.099687,0.044663,0.044663,0.839009,1.000000
baseA,15,0.100740,0.042374,0.042374,0.093628,0.041945,0.041945,0.848412,1.000000
baseA,16,0.109481,0.044136,0.044136,0.111239,0.044438,0.044438,0.809567,1.000000
baseA,17,0.103833,0.045757,0.045757,0.104975,0.045251,0.045251,0.843398,1.000000
baseA,18,0.088133,0.043025,0.043025,0.083610,0.042185,0.042185,0.881367,1.000000
baseA,19,0.100803,0.046052,0.046052,0.099203,0.046290,0.046290,0.854969,1.000000
baseA,20,0.088749,0.043731,0.043731,0.079265,0.044639,0.044639,0.876368,1.000000
baseA,21,0.094733,0.045814,0.045814,0.096585,0.044728,0.044728,0.884504,1.000000
baseA,22,0.095593,0.044495,0.044495,0.092971,0.044101,0.044101,0.869753,1.000000
baseA,23,0.103650,0.045153,0.045153,0.102640,0.045564,0.045564,0.842968,1.000000
baseA,24,0.092694,0.044094,0.044094,0.091111,0.043391,0.043391,0.868538,1.000000
baseA,25,0.090638,0.046252,0.046252,0.093506,0.046148,0.046148,0.885663,1.000000
baseA,26,0.097151,0.043093,0.043093,0.093112,0.040831,0.040831,0.865489,1.000000
baseA,27,0.091693,0.043827,0.043827,0.093826,0.044692,0.044692,0.892502,1.000000
baseA,28,0.098621,0.044556,0.044556,0.106865,0.044557,0.044557,0.856426,1.000000
baseA,29,0.085505,0.042658,0.042658,0.081272,0.041688,0.041688,0.902578,1.000000
baseA,30,0.083004,0.041202,0.041202,0.080958,0.041083,0.041083,0.908492,1.000000
baseA,31,0.086405,0.045653,0.045653,0.089602,0.047189,0.047189,0.909473,1.000000
baseA,32,0.090933,0.047236,0.047236,0.091563,0.045819,0.045819,0.907070,1.000000
baseB,1,0.390352,0.411878,0.045847,0.395458,0.405756,0.043274,0.917584,1.000000
baseB,2,0.143980,0.045041,0.044292,0.149918,0.045967,0.045255,0.282155,0.001412
baseB,3,0.107032,0.044290,0.043370,0.113148,0.048035,0.047171,0.146195,0.002052
baseB,4,0.103336,0.046171,0.045136,0.101138,0.047126,0.046188,0.139333,0.002040
baseB,5,0.117360,0.046603,0.045789,0.130146,0.045837,0.045178,0.178101,0.002387
baseB,6,0.095615,0.046812,0.045494,0.102887,0.047550,0.046324,0.105493,0.002431
baseB,7,0.099689,0.046391,0.045868,0.097369,0.047911,0.047084,0.127137,0.001264
baseB,8,0.107573,0.048820,0.047823,0.111501,0.047870,0.046556,0.143789,0.001316
baseB,9,0.094476,0.045487,0.044804,0.093255,0.045556,0.045117,0.116888,0.001585
baseB,10,0.094344,0.046921,0.045949,0.102458,0.047463,0.045870,0.114378,0.002509
baseB,11,0.088815,0.045713,0.044713,0.091471,0.044184,0.043636,0.092497,0.002032
baseB,12,0.085197,0.044551,0.043759,0.085488,0.045833,0.044770,0.077722,0.002142
baseB,13,0.086209,0.045491,0.044509,0.085102,0.046199,0.045554,0.079421,0.001127
baseB,14,0.087831,0.046641,0.045640,0.089407,0.047173,0.046693,0.080454,0.002662
baseB,15,0.086897,0.042346,0.041441,0.091965,0.043418,0.042519,0.095692,0.003403
baseB,16,0.083004,0.045297,0.044882,0.086764,0.046814,0.046068,0.069869,0.001417
baseB,17,0.083745,0.045139,0.043940,0.084757,0.045831,0.044648,0.065155,0.002174
baseB,18,0.092036,0.043585,0.042479,0.085989,0.043248,0.042042,0.111658,0.002251
baseB,19,0.088414,0.045488,0.044777,0.091245,0.045460,0.044744,0.079625,0.001435
baseB,20,0.089081,0.044496,0.043923,0.092816,0.044897,0.044641,0.085955,0.001589
baseB,21,0.081914,0.047271,0.045997,0.083504,0.047055,0.045536,0.056526,0.002973
baseB,22,0.083073,0.045682,0.045244,0.086285,0.046246,0.045492,0.064644,0.001389
baseB,23,0.084100,0.045572,0.044542,0.091788,0.045861,0.045116,0.077790,0.001697
baseB,24,0.089111,0.046541,0.045497,0.089152,0.046768,0.045987,0.083620,0.002904
baseB,25,0.085295,0.046700,0.046103,0.082796,0.046757,0.046368,0.075092,0.002289
baseB,26,0.088689,0.047600,0.047041,0.093273,0.048830,0.048120,0.061660,0.001508
baseB,27,0.084983,0.045167,0.044483,0.084567,0.045617,0.044720,0.059879,0.001856
baseB,28,0.079511,0.043655,0.042845,0.083215,0.043312,0.042398,0.062558,0.000830
baseB,29,0.087608,0.046150,0.045538,0.083357,0.043446,0.043106,0.075553,0.002920
baseB,30,0.082716,0.045516,0.044637,0.083811,0.047688,0.046391,0.054537,0.002142
baseB,31,0.083219,0.045624,0.044779,0.083635,0.042844,0.042223,0.073691,0.002406
baseB,32,0.078870,0.045109,0.044567,0.081431,0.045488,0.045259,0.060777,0.001293
stage1,1,0.096174,0.074027,0.043927,0.096222,0.075102,0.045124,,
stage1,2,0.091927,0.043510,0.042760,0.095077,0.043461,0.042415,,
stage1,3,0.090392,0.046707,0.045433,0.090654,0.046690,0.045711,,
stage1,4,0.089374,0.044549,0.043563,0.087968,0.045778,0.044509,,
stage1,5,0.088867,0.045762,0.044914,0.089580,0.044627,0.043678,,
stage1,6,0.090376,0.043537,0.042730,0.090348,0.044717,0.043496,,
stage1,7,0.084248,0.042921,0.041853,0.082832,0.042130,0.041868,,
stage1,8,0.085468,0.044112,0.043098,0.087011,0.044196,0.043214,,
stage1,9,0.090850,0.046723,0.045382,0.087064,0.046046,0.044962,,
stage1,10,0.088800,0.044997,0.044330,0.092045,0.046091,0.045581,,
stage1,11,0.086266,0.043783,0.042822,0.084910,0.042224,0.041170,,
stage1,12,0.087401,0.047010,0.046061,0.087718,0.046388,0.045276,,
stage1,13,0.085336,0.043113,0.042329,0.080124,0.043342,0.042429,,
stage1,14,0.092010,0.047187,0.046361,0.094369,0.049104,0.048125,,
stage1,15,0.083986,0.045630,0.044124,0.082729,0.044878,0.044114,,
stage1,16,0.088872,0.046329,0.045346,0.089626,0.045860,0.044873,,
stage1,17,0.086606,0.047463,0.046986,0.089421,0.047713,0.047066,,
stage1,18,0.087774,0.045667,0.043678,0.088081,0.046303,0.044645,,
stage1,19,0.090082,0.044197,0.043319,0.091620,0.043432,0.042357,,
stage1,20,0.086674,0.045868,0.044747,0.090411,0.047456,0.046378,,
stage1,21,0.084798,0.042770,0.041800,0.082167,0.042484,0.041513,,
stage1,22,0.085149,0.046032,0.044927,0.090668,0.046891,0.045932,,
stage1,23,0.083029,0.044332,0.042172,0.081134,0.044167,0.041107,,
stage1,24,0.082491,0.044967,0.043563,0.085018,0.045681,0.043798,,
stage1,25,0.080120,0.044937,0.044569,0.080857,0.044494,0.044011,,
stage1,26,0.085475,0.046686,0.045078,0.085009,0.046339,0.044958,,
stage1,27,0.082036,0.044126,0.042688,0.079236,0.044243,0.042939,,
stage1,28,0.082852,0.045725,0.044657,0.082616,0.046642,0.045247,,
stage1,29,0.084412,0.047716,0.046739,0.085321,0.046403,0.045382,,
stage1,30,0.080141,0.045151,0.043570,0.081126,0.046281,0.044507,,
stage1,31,0.083220,0.044879,0.044875,0.084825,0.047018,0.046908,,
stage1,32,0.080770,0.044596,0.043714,0.078672,0.045307,0.044617,,
stage2,1,0.108984,0.074523,0.045622,0.109207,0.074342,0.043958,,
stage2,2,0.102594,0.047513,0.046416,0.101265,0.046338,0.045521,,
stage2,3,0.103807,0.045806,0.044414,0.105032,0.047642,0.046077,,
stage2,4,0.100019,0.042804,0.041806,0.103651,0.043746,0.042584,,
stage2,5,0.094530,0.042835,0.041491,0.091748,0.043193,0.041603,,
stage2,6,0.100771,0.045507,0.044125,0.106164,0.047250,0.045519,,
stage2,7,0.094792,0.042637,0.042010,0.094802,0.043150,0.042887,,
stage2,8,0.100375,0.045127,0.044142,0.101169,0.044898,0.044012,,
stage2,9,0.093695,0.045950,0.045376,0.090485,0.045090,0.044265,,
stage2,10,0.096863,0.045151,0.044133,0.100780,0.047560,0.046291,,
stage2,11,0.097604,0.044862,0.043968,0.095320,0.043959,0.043282,,
stage2,12,0.094549,0.044947,0.044353,0.094698,0.043171,0.042451,,
stage2,13,0.092993,0.041868,0.041236,0.092120,0.043278,0.042720,,
stage2,14,0.095986,0.044127,0.043199,0.095745,0.044584,0.043449,,
stage2,15,0.089521,0.044738,0.043700,0.087821,0.043795,0.042823,,
stage2,16,0.097135,0.045222,0.043933,0.096949,0.044861,0.043539,,
stage2,17,0.091376,0.046825,0.045852,0.095048,0.044979,0.043828,,
stage2,18,0.098875,0.045111,0.044448,0.098628,0.045356,0.044526,,
stage2,19,0.100141,0.044052,0.042285,0.096474,0.044370,0.042995,,
stage2,20,0.096476,0.045097,0.044276,0.096494,0.044562,0.043190,,
stage2,21,0.095673,0.046341,0.045202,0.099246,0.047629,0.046394,,
stage2,22,0.098187,0.045296,0.044454,0.104517,0.046564,0.045848,,
stage2,23,0.090181,0.044709,0.043684,0.089543,0.045506,0.044419,,
stage2,24,0.093906,0.045522,0.044639,0.094189,0.044823,0.043768,,
stage2,25,0.090020,0.045514,0.044749,0.091986,0.045046,0.044495,,
stage2,26,0.086710,0.045006,0.043687,0.087999,0.046601,0.045118,,
stage2,27,0.094916,0.044526,0.043565,0.096585,0.043323,0.042228,,
stage2,28,0.092467,0.046290,0.045594,0.098962,0.048830,0.048180,,
stage2,29,0.095749,0.047101,0.046491,0.093592,0.047219,0.046341,,
stage2,30,0.095517,0.046327,0.045032,0.097683,0.047143,0.045029,,
stage2,31,0.094383,0.044033,0.042441,0.094419,0.043127,0.042264,,
stage2,32,0.089966,0.045641,0.044752,0.090607,0.046244,0.045736,,
stage3,1,0.116306,0.074602,0.044100,0.111886,0.073295,0.044705,,
stage3,2,0.111302,0.044193,0.043594,0.109876,0.043315,0.042860,,
stage3,3,0.111631,0.042637,0.042357,0.110785,0.043317,0.043128,,
stage3,4,0.109245,0.043255,0.042365,0.113583,0.045481,0.044133,,
stage3,5,0.105263,0.043880,0.043287,0.108150,0.045282,0.044733,,
stage3,6,0.107623,0.045548,0.044973,0.109013,0.045670,0.045096,,
stage3,7,0.106923,0.044185,0.043923,0.106567,0.044712,0.044373,,
stage3,8,0.110133,0.047775,0.047020,0.111786,0.047581,0.046483,,
stage3,9,0.109956,0.044262,0.043762,0.108462,0.043088,0.042618,,
stage3,10,0.107311,0.045426,0.044569,0.109275,0.047018,0.045906,,
stage3,11,0.104910,0.041215,0.040707,0.105706,0.041181,0.040736,,
stage3,12,0.105974,0.043125,0.042864,0.106542,0.042103,0.041898,,
stage3,13,0.112006,0.043993,0.043535,0.112277,0.044306,0.043751,,
stage3,14,0.106272,0.043574,0.041615,0.102943,0.043263,0.041714,,
stage3,15,0.108962,0.044823,0.043861,0.112325,0.044330,0.043585,,
stage3,16,0.101398,0.040600,0.039666,0.102462,0.041267,0.040052,,
stage3,17,0.100423,0.042070,0.041354,0.101958,0.043897,0.043453,,
stage3,18,0.108402,0.043526,0.043032,0.107293,0.043858,0.043540,,
stage3,19,0.099809,0.041821,0.041159,0.096560,0.041227,0.040561,,
stage3,20,0.100945,0.043707,0.042973,0.100599,0.043198,0.042482,,
stage3,21,0.100671,0.044665,0.044126,0.096333,0.044135,0.043817,,
stage3,22,0.103267,0.043334,0.042848,0.100761,0.044843,0.044400,,
stage3,23,0.100581,0.044413,0.043658,0.100618,0.044282,0.043587,,
stage3,24,0.101570,0.044888,0.044346,0.101175,0.045410,0.044534,,
stage3,25,0.102941,0.045775,0.045088,0.100844,0.044664,0.043906,,
stage3,26,0.103541,0.045557,0.044630,0.105619,0.046937,0.046215,,
stage3,27,0.101118,0.043032,0.042721,0.102482,0.044382,0.044077,,
stage3,28,0.101168,0.045129,0.044054,0.099823,0.042024,0.041167,,
stage3,29,0.110260,0.046873,0.046536,0.110457,0.046810,0.046453,,
stage3,30,0.104839,0.044368,0.043855,0.108475,0.045061,0.044252,,
stage3,31,0.098694,0.042582,0.041665,0.098130,0.041309,0.040472,,
stage3,32,0.100724,0.043933,0.043448,0.099685,0.043620,0.043220,,
