key,amounts,e31,imbalance,e3_sign,b_mode,c_mode,flip,b_gap,c_delta,rel_A,rel_B,rel_C,pair_min_BC,A_over_minBC,relevance_margin,targets_met,o_value,none_value
ad81843435359aa4,"[3.0, 6.0]",0.8,1.2,-0.5,swap,same,0.3,0.5,6.0,0.1444,0.0163,0.0433,0.0069,8.86,0.326,False,0.572,0.413
a9cd998fddd95491,"[3.0, 8.0]",0.8,1.2,-0.5,swap,same,0.3,0.5,6.0,0.143,0.0143,0.0375,0.0076,9.99,0.286,False,0.565,0.413
ef92fba2895bdfeb,"[3.0, 6.0]",0.8,1.4,-0.5,swap,same,0.3,0.5,6.0,0.16,0.0158,0.0442,0.0059,10.15,0.293,False,0.492,0.342
6e35bff953292b51,"[3.0, 8.0]",0.8,1.4,-0.5,swap,same,0.3,0.5,6.0,0.1625,0.0183,0.0365,0.0079,8.88,0.338,False,0.486,0.342
366cfc6d7c0d439b,"[3.0, 6.0]",0.8,1.2,-0.5,swap,same,0.5,0.5,6.0,0.1927,0.0138,0.0386,0.0021,13.93,0.106,False,0.598,0.458
85583658655a2f6b,"[3.0, 8.0]",0.8,1.2,-0.5,swap,same,0.5,0.5,6.0,0.1947,0.0112,0.034,0.0024,17.42,0.121,False,0.592,0.458
196eaaea4a4063e8,"[3.0, 6.0]",0.8,1.4,-0.5,swap,same,0.5,0.5,6.0,0.1944,0.0141,0.0434,0.002,13.74,0.101,False,0.526,0.394
dffaf36187ab89ca,"[3.0, 8.0]",0.8,1.4,-0.5,swap,same,0.5,0.5,6.0,0.2017,0.0151,0.0374,0.002,13.33,0.101,False,0.521,0.394
06ef928f9c36d4cd,"[3.0, 6.0]",0.8,1.2,-0.5,swap,same,0.75,0.5,6.0,0.2853,0.0192,0.0402,0.0073,14.85,0.202,False,0.557,0.392
5744881a7fca7c69,"[3.0, 8.0]",0.8,1.2,-0.5,swap,same,0.75,0.5,6.0,0.288,0.0179,0.0344,0.0099,16.06,0.187,False,0.549,0.392
370409b1db4315f3,"[3.0, 6.0]",0.8,1.4,-0.5,swap,same,0.75,0.5,6.0,0.2876,0.0183,0.0425,0.0046,15.73,0.191,False,0.475,0.32
6ef061a19fe5b096,"[3.0, 8.0]",0.8,1.4,-0.5,swap,same,0.75,0.5,6.0,0.2943,0.0209,0.0347,0.01,14.1,0.213,False,0.468,0.32
47f52e2a2fa8a0ab,"[3.0, 6.0]",0.8,1.2,-0.5,swap,same,0.3,0.5,12.0,0.1412,0.0154,0.0532,0.0048,9.16,0.24,False,0.568,0.413
f051106c94178258,"[3.0, 8.0]",0.8,1.2,-0.5,swap,same,0.3,0.5,12.0,0.1386,0.0133,0.0473,0.0053,10.4,0.264,False,0.561,0.413
0c314ce6a0e1668c,"[3.0, 6.0]",0.8,1.4,-0.5,swap,same,0.3,0.5,12.0,0.1522,0.0152,0.0487,0.0043,9.98,0.217,False,0.49,0.342
acac9067457e0d7b,"[3.0, 8.0]",0.8,1.4,-0.5,swap,same,0.3,0.5,12.0,0.1547,0.0175,0.041,0.0057,8.82,0.286,False,0.484,0.342
abed646167375279,"[3.0, 6.0]",0.8,1.2,-0.5,swap,same,0.5,0.5,12.0,0.1807,0.0134,0.0528,0.0012,13.46,0.061,False,0.593,0.458
b153286e854e9761,"[3.0, 8.0]",0.8,1.2,-0.5,swap,same,0.5,0.5,12.0,0.1832,0.0107,0.0479,0.0014,17.05,0.07,False,0.588,0.458
8ffc4ac7872926ba,"[3.0, 6.0]",0.8,1.4,-0.5,swap,same,0.5,0.5,12.0,0.1826,0.0138,0.0505,0.0011,13.2,0.054,False,0.522,0.394
648140010f7dd219,"[3.0, 8.0]",0.8,1.4,-0.5,swap,same,0.5,0.5,12.0,0.1903,0.0149,0.0443,0.0012,12.8,0.06,False,0.518,0.394
fd01d268362f6a8e,"[3.0, 6.0]",0.8,1.2,-0.5,swap,same,0.75,0.5,12.0,0.2693,0.019,0.0514,0.0071,14.15,0.212,False,0.553,0.392
161c2236b70d616c,"[3.0, 8.0]",0.8,1.2,-0.5,swap,same,0.75,0.5,12.0,0.272,0.0177,0.0456,0.0097,15.33,0.196,False,0.545,0.392
641a04521c080331,"[3.0, 6.0]",0.8,1.4,-0.5,swap,same,0.75,0.5,12.0,0.2792,0.0182,0.047,0.0045,15.31,0.196,False,0.473,0.32
1a84bca9721d25c3,"[3.0, 8.0]",0.8,1.4,-0.5,swap,same,0.75,0.5,12.0,0.286,0.0208,0.0391,0.0099,13.74,0.218,False,0.466,0.32
24f4acfdf78a2b26,"[3.0, 6.0]",0.8,1.2,-0.5,swap,same,0.3,0.7,6.0,0.1326,0.0308,0.044,0.013,4.3,0.617,False,0.554,0.413
10859c481b062ce4,"[3.0, 8.0]",0.8,1.2,-0.5,swap,same,0.3,0.7,6.0,0.1331,0.0317,0.0388,0.0149,4.2,0.634,False,0.548,0.413
c51a19c746c20626,"[3.0, 6.0]",0.8,1.4,-0.5,swap,same,0.3,0.7,6.0,0.1386,0.0292,0.0445,0.0097,4.74,0.486,False,0.474,0.342
453ec3e52677186e,"[3.0, 8.0]",0.8,1.4,-0.5,swap,same,0.3,0.7,6.0,0.1441,0.0337,0.0377,0.0131,4.28,0.654,False,0.468,0.342
6e34bfb1d64ea2c8,"[3.0, 6.0]",0.8,1.2,-0.5,swap,same,0.5,0.7,6.0,0.1778,0.028,0.0381,0.0084,6.35,0.418,False,0.584,0.458
40b21a8d98e561bc,"[3.0, 8.0]",0.8,1.2,-0.5,swap,same,0.5,0.7,6.0,0.1781,0.029,0.0343,0.0103,6.14,0.488,False,0.58,0.458
194af1fe29c9595f,"[3.0, 6.0]",0.8,1.4,-0.5,swap,same,0.5,0.7,6.0,0.1754,0.0275,0.0426,0.0068,6.38,0.341,False,0.512,0.394
b4d03e0038f52d33,"[3.0, 8.0]",0.8,1.4,-0.5,swap,same,0.5,0.7,6.0,0.1813,0.032,0.0377,0.0092,5.67,0.459,False,0.508,0.394
03fcf31613993b2e,"[3.0, 6.0]",0.8,1.2,-0.5,swap,same,0.75,0.7,6.0,0.2637,0.0343,0.0398,0.0081,7.69,0.39,False,0.538,0.392
26810c41985d915d,"[3.0, 8.0]",0.8,1.2,-0.5,swap,same,0.75,0.7,6.0,0.2643,0.0347,0.0354,0.0116,7.62,0.394,False,0.531,0.392
3b9ed2f12c8687f4,"[3.0, 6.0]",0.8,1.4,-0.5,swap,same,0.75,0.7,6.0,0.2651,0.0335,0.042,0.0073,7.92,0.367,False,0.456,0.32
d58b9fe372f47e5a,"[3.0, 8.0]",0.8,1.4,-0.5,swap,same,0.75,0.7,6.0,0.2663,0.0364,0.0362,0.0109,7.36,0.408,False,0.449,0.32
f1b0c467b73656a3,"[3.0, 6.0]",0.8,1.2,-0.5,swap,same,0.3,0.7,12.0,0.1285,0.0284,0.0532,0.0076,4.52,0.378,False,0.55,0.413
eecc8fbb2b258cba,"[3.0, 8.0]",0.8,1.2,-0.5,swap,same,0.3,0.7,12.0,0.1277,0.0292,0.0479,0.0093,4.37,0.463,False,0.545,0.413
49682d3365a81539,"[3.0, 6.0]",0.8,1.4,-0.5,swap,same,0.3,0.7,12.0,0.1321,0.0275,0.0487,0.0053,4.8,0.267,False,0.471,0.342
d412e28e737ce0d1,"[3.0, 8.0]",0.8,1.4,-0.5,swap,same,0.3,0.7,12.0,0.1371,0.0318,0.042,0.0085,4.31,0.427,False,0.465,0.342
1e483546ee7d16d2,"[3.0, 6.0]",0.8,1.2,-0.5,swap,same,0.5,0.7,12.0,0.1678,0.0257,0.0516,0.0027,6.52,0.133,False,0.58,0.458
68fdc68ddd1ef297,"[3.0, 8.0]",0.8,1.2,-0.5,swap,same,0.5,0.7,12.0,0.1677,0.0261,0.0478,0.003,6.41,0.152,False,0.575,0.458
86a37f023a69b08d,"[3.0, 6.0]",0.8,1.4,-0.5,swap,same,0.5,0.7,12.0,0.1648,0.0259,0.0494,0.0024,6.37,0.118,False,0.508,0.394
a0555e57ca3bb6a4,"[3.0, 8.0]",0.8,1.4,-0.5,swap,same,0.5,0.7,12.0,0.1712,0.0294,0.0445,0.0026,5.83,0.129,False,0.504,0.394
a475f11a83fe631b,"[3.0, 6.0]",0.8,1.2,-0.5,swap,same,0.75,0.7,12.0,0.2483,0.0339,0.0508,0.008,7.31,0.4,False,0.534,0.392
f1270e123cc4fff8,"[3.0, 8.0]",0.8,1.2,-0.5,swap,same,0.75,0.7,12.0,0.249,0.0343,0.0463,0.0114,7.25,0.414,False,0.528,0.392
734145a3e4a4ed36,"[3.0, 6.0]",0.8,1.4,-0.5,swap,same,0.75,0.7,12.0,0.2568,0.0332,0.0463,0.0071,7.74,0.354,False,0.454,0.32
0f2b82335b854868,"[3.0, 8.0]",0.8,1.4,-0.5,swap,same,0.75,0.7,12.0,0.258,0.036,0.0404,0.0106,7.16,0.419,False,0.447,0.32
e5932ca0bf68ba20,"[3.0, 6.0]",0.9,1.2,-0.5,swap,same,0.3,0.8,6.0,0.124,0.0363,0.0439,0.0138,3.41,0.688,False,0.546,0.413
c95034cb6b9f528d,"[3.0, 8.0]",0.9,1.2,-0.5,swap,same,0.3,0.8,6.0,0.1219,0.0384,0.0391,0.0154,3.18,0.767,False,0.54,0.413
0dfc995bf5e627c1,"[3.0, 6.0]",0.9,1.4,-0.5,swap,same,0.3,0.8,6.0,0.127,0.0337,0.0451,0.0116,3.77,0.579,False,0.467,0.342
f935ef25ae32470a,"[3.0, 8.0]",0.9,1.4,-0.5,swap,same,0.3,0.8,6.0,0.131,0.0376,0.0386,0.0133,3.48,0.664,False,0.46,0.342
def2cac8f83a9001,"[3.0, 6.0]",0.9,1.2,-0.5,swap,same,0.5,0.8,6.0,0.1689,0.0346,0.0382,0.0132,4.88,0.615,False,0.578,0.458
cec2d3344886ce58,"[3.0, 8.0]",0.9,1.2,-0.5,swap,same,0.5,0.8,6.0,0.1676,0.0361,0.0347,0.0145,4.83,0.622,False,0.574,0.458
0db8a491db30e1ef,"[3.0, 6.0]",0.9,1.4,-0.5,swap,same,0.5,0.8,6.0,0.1641,0.031,0.0429,0.0113,5.29,0.566,False,0.506,0.394
42799c3d9ebb21e6,"[3.0, 8.0]",0.9,1.4,-0.5,swap,same,0.5,0.8,6.0,0.1688,0.0346,0.0381,0.0123,4.88,0.615,False,0.502,0.394
66a423e837b0406e,"[3.0, 6.0]",0.9,1.2,-0.5,swap,same,0.75,0.8,6.0,0.2507,0.0413,0.0406,0.0102,6.17,0.486,False,0.529,0.392
49c0e368d995e171,"[3.0, 8.0]",0.9,1.2,-0.5,swap,same,0.75,0.8,6.0,0.2496,0.0413,0.0369,0.0092,6.77,0.443,False,0.524,0.392
0a0657b2d1f4c83f,"[3.0, 6.0]",0.9,1.4,-0.5,swap,same,0.75,0.8,6.0,0.2554,0.039,0.0429,0.0122,6.54,0.458,False,0.449,0.32
2f32c45474e3ab40,"[3.0, 8.0]",0.9,1.4,-0.5,swap,same,0.75,0.8,6.0,0.2531,0.0406,0.0375,0.0121,6.75,0.445,False,0.442,0.32
f5b8bb3a49e4f56b,"[3.0, 6.0]",0.9,1.2,-0.5,swap,same,0.3,0.8,12.0,0.1191,0.0337,0.0539,0.0076,3.54,0.381,False,0.542,0.413
7c7038a13ad0a05e,"[3.0, 8.0]",0.9,1.2,-0.5,swap,same,0.3,0.8,12.0,0.1157,0.0357,0.0493,0.0092,3.24,0.461,False,0.536,0.413
ece57af52b7030bd,"[3.0, 6.0]",0.9,1.4,-0.5,swap,same,0.3,0.8,12.0,0.1206,0.0317,0.0494,0.0063,3.81,0.314,False,0.464,0.342
c1fbc95379e1cc68,"[3.0, 8.0]",0.9,1.4,-0.5,swap,same,0.3,0.8,12.0,0.1238,0.0355,0.0429,0.0077,3.48,0.386,False,0.458,0.342
442b16727a545c4a,"[3.0, 6.0]",0.9,1.2,-0.5,swap,same,0.5,0.8,12.0,0.1598,0.0305,0.0522,0.0026,5.24,0.129,False,0.572,0.458
949571ea900bdd6c,"[3.0, 8.0]",0.9,1.2,-0.5,swap,same,0.5,0.8,12.0,0.1579,0.0318,0.0488,0.0033,4.97,0.164,False,0.568,0.458
cadfa87c46fc18cc,"[3.0, 6.0]",0.9,1.4,-0.5,swap,same,0.5,0.8,12.0,0.1549,0.0276,0.0498,0.0021,5.62,0.107,False,0.502,0.394
82cb82fe2743376c,"[3.0, 8.0]",0.9,1.4,-0.5,swap,same,0.5,0.8,12.0,0.1594,0.031,0.045,0.0027,5.15,0.135,False,0.498,0.394
2cc61502be6d3c1a,"[3.0, 6.0]",0.9,1.2,-0.5,swap,same,0.75,0.8,12.0,0.2352,0.0408,0.0517,0.01,5.76,0.501,False,0.526,0.392
76dc3be6db802387,"[3.0, 8.0]",0.9,1.2,-0.5,swap,same,0.75,0.8,12.0,0.2341,0.0408,0.048,0.0089,5.73,0.447,False,0.52,0.392
e85f892b2415a955,"[3.0, 6.0]",0.9,1.4,-0.5,swap,same,0.75,0.8,12.0,0.2469,0.0387,0.0472,0.0118,6.38,0.47,False,0.446,0.32
9be1b067815600cc,"[3.0, 8.0]",0.9,1.4,-0.5,swap,same,0.75,0.8,12.0,0.2446,0.0402,0.0418,0.0117,6.08,0.494,False,0.439,0.32
ff11bab903129da8,"[3.0, 6.0]",0.8,1.2,0.5,ch12,route,0.3,0.5,6.0,0.191,0.0141,0.0396,0.0061,13.56,0.221,False,0.763,0.553
36f1f6b5aa5e91f2,"[3.0, 8.0]",0.8,1.2,0.5,ch12,route,0.3,0.5,6.0,0.1957,0.0148,0.0373,0.0079,13.23,0.227,False,0.759,0.553
19a1cce64b5f4435,"[3.0, 6.0]",0.8,1.4,0.5,ch12,route,0.3,0.5,6.0,0.2282,0.0134,0.0436,0.0057,17.03,0.176,False,0.703,0.488
0e3d83c11a3c36e8,"[3.0, 8.0]",0.8,1.4,0.5,ch12,route,0.3,0.5,6.0,0.2445,0.0224,0.0422,0.0097,10.93,0.275,False,0.704,0.488
da663731bece600b,"[3.0, 6.0]",0.8,1.2,0.5,ch12,route,0.5,0.5,6.0,0.2656,0.0122,0.027,0.001,21.7,0.051,False,0.793,0.614
2f2cee41567d8831,"[3.0, 8.0]",0.8,1.2,0.5,ch12,route,0.5,0.5,6.0,0.2732,0.0121,0.0257,0.001,22.66,0.052,False,0.79,0.614
36bad4359a5cb15a,"[3.0, 6.0]",0.8,1.4,0.5,ch12,route,0.5,0.5,6.0,0.2853,0.0116,0.0284,0.001,24.66,0.051,False,0.744,0.564
15d60f76979b9b7f,"[3.0, 8.0]",0.8,1.4,0.5,ch12,route,0.5,0.5,6.0,0.304,0.0188,0.0287,0.001,16.18,0.052,False,0.746,0.564
387b8057fc8b1281,"[3.0, 6.0]",0.8,1.2,0.5,ch12,route,0.75,0.5,6.0,0.3966,0.0164,0.0366,0.0101,24.23,0.124,False,0.742,0.526
68eb1a3b4e14959e,"[3.0, 8.0]",0.8,1.2,0.5,ch12,route,0.75,0.5,6.0,0.4,0.0176,0.0329,0.0121,22.66,0.132,False,0.736,0.526
27fded9fbd62ef36,"[3.0, 6.0]",0.8,1.4,0.5,ch12,route,0.75,0.5,6.0,0.4233,0.0152,0.0393,0.0069,27.78,0.108,False,0.678,0.457
92b70167047cdfb3,"[3.0, 8.0]",0.8,1.4,0.5,ch12,route,0.75,0.5,6.0,0.4386,0.0253,0.0368,0.0147,17.32,0.173,False,0.675,0.457
76a5965a89d94551,"[3.0, 6.0]",0.8,1.2,0.5,ch12,route,0.3,0.5,12.0,0.1825,0.014,0.0553,0.006,13.06,0.23,False,0.742,0.553
31851ed78bbe3a30,"[3.0, 8.0]",0.8,1.2,0.5,ch12,route,0.3,0.5,12.0,0.1847,0.0146,0.0529,0.0076,12.63,0.237,False,0.738,0.553
d7778f1a3088781e,"[3.0, 6.0]",0.8,1.4,0.5,ch12,route,0.3,0.5,12.0,0.2122,0.0133,0.0562,0.0055,15.9,0.189,False,0.684,0.488
cc8c21e08a285d3d,"[3.0, 8.0]",0.8,1.4,0.5,ch12,route,0.3,0.5,12.0,0.2242,0.0222,0.0547,0.0092,10.08,0.298,False,0.684,0.488
aa7b40c2f1a650e7,"[3.0, 6.0]",0.8,1.2,0.5,ch12,route,0.5,0.5,12.0,0.2281,0.0119,0.0468,0.0017,19.09,0.085,False,0.768,0.614
5d87757195aa9e74,"[3.0, 8.0]",0.8,1.2,0.5,ch12,route,0.5,0.5,12.0,0.2392,0.0117,0.0455,0.0019,20.43,0.094,False,0.766,0.614
50772d4aa8da95e5,"[3.0, 6.0]",0.8,1.4,0.5,ch12,route,0.5,0.5,12.0,0.2464,0.0113,0.0468,0.0017,21.71,0.085,False,0.72,0.564
ed566c869f935cde,"[3.0, 8.0]",0.8,1.4,0.5,ch12,route,0.5,0.5,12.0,0.2675,0.0185,0.0471,0.0019,14.46,0.094,False,0.723,0.564
0aa447a315b07ba4,"[3.0, 6.0]",0.8,1.2,0.5,ch12,route,0.75,0.5,12.0,0.3472,0.0161,0.05,0.0095,21.53,0.139,False,0.722,0.526
9853127a97fa2aeb,"[3.0, 8.0]",0.8,1.2,0.5,ch12,route,0.75,0.5,12.0,0.3555,0.0173,0.0463,0.0127,20.53,0.146,False,0.715,0.526
0116fe4be0c25636,"[3.0, 6.0]",0.8,1.4,0.5,ch12,route,0.75,0.5,12.0,0.385,0.015,0.051,0.0063,25.59,0.117,False,0.659,0.457
76a639b93839899f,"[3.0, 8.0]",0.8,1.4,0.5,ch12,route,0.75,0.5,12.0,0.403,0.0251,0.0485,0.0142,16.07,0.187,False,0.656,0.457
7d7bc1f6584a1b88,"[3.0, 6.0]",0.8,1.2,0.5,ch12,route,0.3,0.7,6.0,0.1752,0.0265,0.0405,0.0105,6.61,0.454,False,0.743,0.553
05f9fb6943964bde,"[3.0, 8.0]",0.8,1.2,0.5,ch12,route,0.3,0.7,6.0,0.1821,0.0321,0.0396,0.0153,5.67,0.529,False,0.741,0.553
f12f7c391cf513b5,"[3.0, 6.0]",0.8,1.4,0.5,ch12,route,0.3,0.7,6.0,0.1999,0.0245,0.0451,0.0084,8.15,0.368,False,0.68,0.488
81db4578a9bd2a0c,"[3.0, 8.0]",0.8,1.4,0.5,ch12,route,0.3,0.7,6.0,0.2174,0.036,0.0453,0.015,6.03,0.497,False,0.682,0.488
87d996727add6c3b,"[3.0, 6.0]",0.8,1.2,0.5,ch12,route,0.5,0.7,6.0,0.244,0.0239,0.0271,0.001,10.19,0.051,False,0.779,0.614
3ca8d6d03094684e,"[3.0, 8.0]",0.8,1.2,0.5,ch12,route,0.5,0.7,6.0,0.2507,0.0284,0.0266,0.001,9.42,0.052,False,0.778,0.614
daeb5cdd74a5490d,"[3.0, 6.0]",0.8,1.4,0.5,ch12,route,0.5,0.7,6.0,0.2555,0.0221,0.0289,0.001,11.58,0.051,False,0.728,0.564
32bf9c8ee9427247,"[3.0, 8.0]",0.8,1.4,0.5,ch12,route,0.5,0.7,6.0,0.2748,0.0322,0.0298,0.001,9.21,0.052,False,0.732,0.564
f9a18a77af858d59,"[3.0, 6.0]",0.8,1.2,0.5,ch12,route,0.75,0.7,6.0,0.3682,0.028,0.0381,0.0119,13.15,0.228,False,0.719,0.526
62457fe58c42a900,"[3.0, 8.0]",0.8,1.2,0.5,ch12,route,0.75,0.7,6.0,0.3725,0.0336,0.0352,0.0121,11.08,0.271,False,0.715,0.526
298d77d6eeee5718,"[3.0, 6.0]",0.8,1.4,0.5,ch12,route,0.75,0.7,6.0,0.3887,0.0263,0.0411,0.0105,14.75,0.203,False,0.652,0.457
7c840e28d65d77d8,"[3.0, 8.0]",0.8,1.4,0.5,ch12,route,0.75,0.7,6.0,0.4025,0.0373,0.0397,0.0147,10.79,0.278,False,0.651,0.457
20e088daddc97acf,"[3.0, 6.0]",0.8,1.2,0.5,ch12,route,0.3,0.7,12.0,0.1678,0.0258,0.0563,0.0092,6.51,0.461,False,0.721,0.553
7dce4cf17b8b95a5,"[3.0, 8.0]",0.8,1.2,0.5,ch12,route,0.3,0.7,12.0,0.1722,0.0311,0.0556,0.0132,5.54,0.541,False,0.719,0.553
5138b2f94d7fc61a,"[3.0, 6.0]",0.8,1.4,0.5,ch12,route,0.3,0.7,12.0,0.1852,0.0243,0.0579,0.0072,7.63,0.36,False,0.659,0.488
a7b4bfabe50e6cd5,"[3.0, 8.0]",0.8,1.4,0.5,ch12,route,0.3,0.7,12.0,0.1983,0.0354,0.0581,0.0126,5.6,0.536,False,0.662,0.488
843be12dcb46f98b,"[3.0, 6.0]",0.8,1.2,0.5,ch12,route,0.5,0.7,12.0,0.2111,0.0223,0.0476,0.0038,9.49,0.192,False,0.753,0.614
6c8786a1a9f8148b,"[3.0, 8.0]",0.8,1.2,0.5,ch12,route,0.5,0.7,12.0,0.2206,0.0256,0.047,0.0042,8.61,0.211,False,0.752,0.614
2086597619e8c8c9,"[3.0, 6.0]",0.8,1.4,0.5,ch12,route,0.5,0.7,12.0,0.2207,0.0208,0.0481,0.0038,10.62,0.192,False,0.703,0.564
c47618bd1687ed92,"[3.0, 8.0]",0.8,1.4,0.5,ch12,route,0.5,0.7,12.0,0.2411,0.0298,0.0488,0.0042,8.09,0.211,False,0.707,0.564
09337372fe60c333,"[3.0, 6.0]",0.8,1.2,0.5,ch12,route,0.75,0.7,12.0,0.3192,0.0272,0.0515,0.0104,11.72,0.256,False,0.698,0.526
5a7352e18d1d4971,"[3.0, 8.0]",0.8,1.2,0.5,ch12,route,0.75,0.7,12.0,0.3283,0.0327,0.0487,0.0143,10.05,0.299,False,0.694,0.526
61b0d679af98f407,"[3.0, 6.0]",0.8,1.4,0.5,ch12,route,0.75,0.7,12.0,0.35,0.0261,0.0528,0.0093,13.39,0.224,False,0.632,0.457
b702ce3e868b8d5b,"[3.0, 8.0]",0.8,1.4,0.5,ch12,route,0.75,0.7,12.0,0.3665,0.037,0.0514,0.0147,9.9,0.303,False,0.631,0.457
e08eafe3420d0ab1,"[3.0, 6.0]",0.9,1.2,0.5,ch12,route,0.3,0.8,6.0,0.1601,0.0337,0.0403,0.0132,4.75,0.632,False,0.732,0.553
77d770b7c104bc68,"[3.0, 8.0]",0.9,1.2,0.5,ch12,route,0.3,0.8,6.0,0.1661,0.0376,0.0395,0.0154,4.42,0.679,False,0.731,0.553
2cdb681e3c460f91,"[3.0, 6.0]",0.9,1.4,0.5,ch12,route,0.3,0.8,6.0,0.1828,0.0295,0.0454,0.0118,6.2,0.484,False,0.669,0.488
b78d3bcdfd2849fc,"[3.0, 8.0]",0.9,1.4,0.5,ch12,route,0.3,0.8,6.0,0.1982,0.0394,0.0457,0.016,5.03,0.596,False,0.671,0.488
f8ac395a6b7d1f23,"[3.0, 6.0]",0.9,1.2,0.5,ch12,route,0.5,0.8,6.0,0.228,0.0316,0.0272,0.0007,8.39,0.034,False,0.771,0.614
0bd932db32248467,"[3.0, 8.0]",0.9,1.2,0.5,ch12,route,0.5,0.8,6.0,0.2304,0.0354,0.0267,0.0007,8.63,0.033,False,0.771,0.614
00212f0ff2ca4f78,"[3.0, 6.0]",0.9,1.4,0.5,ch12,route,0.5,0.8,6.0,0.2393,0.0271,0.0289,0.0004,8.82,0.02,False,0.72,0.564
e49196f0e4902c16,"[3.0, 8.0]",0.9,1.4,0.5,ch12,route,0.5,0.8,6.0,0.2566,0.0358,0.03,0.0007,8.55,0.033,False,0.724,0.564
272248e5eb0c2e1e,"[3.0, 6.0]",0.9,1.2,0.5,ch12,route,0.75,0.8,6.0,0.3467,0.0351,0.039,0.0157,9.89,0.303,False,0.708,0.526
de53225444945826,"[3.0, 8.0]",0.9,1.2,0.5,ch12,route,0.75,0.8,6.0,0.3477,0.0382,0.0368,0.0147,9.44,0.318,False,0.705,0.526
1690c9dd362d840a,"[3.0, 6.0]",0.9,1.4,0.5,ch12,route,0.75,0.8,6.0,0.3727,0.0337,0.0421,0.0206,11.05,0.271,False,0.642,0.457
fd9173b2fd062051,"[3.0, 8.0]",0.9,1.4,0.5,ch12,route,0.75,0.8,6.0,0.382,0.0414,0.0407,0.0156,9.38,0.32,False,0.64,0.457
c51050488a11812d,"[3.0, 6.0]",0.9,1.2,0.5,ch12,route,0.3,0.8,12.0,0.153,0.0317,0.057,0.0096,4.82,0.482,False,0.708,0.553
6dab864a75dea261,"[3.0, 8.0]",0.9,1.2,0.5,ch12,route,0.3,0.8,12.0,0.1561,0.0357,0.0563,0.0123,4.37,0.615,False,0.707,0.553
cb2387294e9733e2,"[3.0, 6.0]",0.9,1.4,0.5,ch12,route,0.3,0.8,12.0,0.1686,0.0286,0.0586,0.0085,5.89,0.424,False,0.648,0.488
594cec84335d58cd,"[3.0, 8.0]",0.9,1.4,0.5,ch12,route,0.3,0.8,12.0,0.1792,0.0382,0.0588,0.0116,4.69,0.578,False,0.649,0.488
9e678c25213300c0,"[3.0, 6.0]",0.9,1.2,0.5,ch12,route,0.5,0.8,12.0,0.1979,0.0271,0.0484,0.004,7.31,0.201,False,0.743,0.614
92cd0ec1d10037e3,"[3.0, 8.0]",0.9,1.2,0.5,ch12,route,0.5,0.8,12.0,0.2056,0.0301,0.0479,0.0049,6.83,0.244,False,0.743,0.614
320d872550ac4bf4,"[3.0, 6.0]",0.9,1.4,0.5,ch12,route,0.5,0.8,12.0,0.2059,0.0232,0.0488,0.004,8.86,0.201,False,0.693,0.564
9097564dea5ce303,"[3.0, 8.0]",0.9,1.4,0.5,ch12,route,0.5,0.8,12.0,0.2246,0.0316,0.0498,0.0049,7.1,0.244,False,0.697,0.564
d22bbf2cda2adf07,"[3.0, 6.0]",0.9,1.2,0.5,ch12,route,0.75,0.8,12.0,0.2987,0.0333,0.0527,0.0124,8.96,0.335,False,0.686,0.526
0faafb733d932dc6,"[3.0, 8.0]",0.9,1.2,0.5,ch12,route,0.75,0.8,12.0,0.3053,0.0363,0.0505,0.0115,8.41,0.357,False,0.683,0.526
ebc2211dc9f05a98,"[3.0, 6.0]",0.9,1.4,0.5,ch12,route,0.75,0.8,12.0,0.3337,0.0325,0.054,0.0172,10.28,0.292,False,0.621,0.457
90b677c5ac612a6a,"[3.0, 8.0]",0.9,1.4,0.5,ch12,route,0.75,0.8,12.0,0.3459,0.0402,0.0526,0.0166,8.61,0.348,False,0.619,0.457
78efdd45ec619a73,"[3.0, 6.0]",0.8,1.2,0.5,ch12,same,0.3,0.5,6.0,0.191,0.0141,0.0396,0.0061,13.56,0.221,False,0.763,0.553
90446c6afc27f78e,"[3.0, 8.0]",0.8,1.2,0.5,ch12,same,0.3,0.5,6.0,0.1957,0.0148,0.0373,0.0079,13.23,0.227,False,0.759,0.553
7d516e73d2755870,"[3.0, 6.0]",0.8,1.4,0.5,ch12,same,0.3,0.5,6.0,0.2282,0.0134,0.0436,0.0057,17.03,0.176,False,0.703,0.488
a5c74d14b1bcd793,"[3.0, 8.0]",0.8,1.4,0.5,ch12,same,0.3,0.5,6.0,0.2445,0.0224,0.0422,0.0097,10.93,0.275,False,0.704,0.488
75d0ab0be2aa7670,"[3.0, 6.0]",0.8,1.2,0.5,ch12,same,0.5,0.5,6.0,0.2642,0.0121,0.0272,0.0017,21.78,0.085,False,0.792,0.614
d0ea7858f407fa20,"[3.0, 8.0]",0.8,1.2,0.5,ch12,same,0.5,0.5,6.0,0.2717,0.0121,0.0259,0.0013,22.47,0.065,False,0.79,0.614
ba3b8476daff25b0,"[3.0, 6.0]",0.8,1.4,0.5,ch12,same,0.5,0.5,6.0,0.2837,0.0115,0.0286,0.0017,24.76,0.085,False,0.743,0.564
7472c072f516e204,"[3.0, 8.0]",0.8,1.4,0.5,ch12,same,0.5,0.5,6.0,0.3023,0.0188,0.0288,0.0013,16.06,0.065,False,0.746,0.564
4f2aa4abd08898f2,"[3.0, 6.0]",0.8,1.2,0.5,ch12,same,0.75,0.5,6.0,0.3933,0.0163,0.0409,0.0101,24.11,0.124,False,0.744,0.526
076037617daa2bc2,"[3.0, 8.0]",0.8,1.2,0.5,ch12,same,0.75,0.5,6.0,0.3972,0.0178,0.0396,0.0135,22.37,0.134,False,0.739,0.526
bcfe59b2aa7a4c21,"[3.0, 6.0]",0.8,1.4,0.5,ch12,same,0.75,0.5,6.0,0.4212,0.0152,0.044,0.0069,27.77,0.108,False,0.68,0.457
d5f0cd2f3fc50cd3,"[3.0, 8.0]",0.8,1.4,0.5,ch12,same,0.75,0.5,6.0,0.4376,0.0249,0.0441,0.015,17.61,0.17,False,0.679,0.457
4c26ba55f866ffff,"[3.0, 6.0]",0.8,1.2,0.5,ch12,same,0.3,0.5,12.0,0.1748,0.014,0.0497,0.006,12.47,0.241,False,0.736,0.553
03964543bcf2c76f,"[3.0, 8.0]",0.8,1.2,0.5,ch12,same,0.3,0.5,12.0,0.1786,0.0146,0.0475,0.0076,12.2,0.246,False,0.733,0.553
1ce8c0b750ac8ee7,"[3.0, 6.0]",0.8,1.4,0.5,ch12,same,0.3,0.5,12.0,0.2065,0.0133,0.0525,0.0055,15.49,0.194,False,0.68,0.488
0330491d8d4ecd6a,"[3.0, 8.0]",0.8,1.4,0.5,ch12,same,0.3,0.5,12.0,0.2206,0.0222,0.051,0.0092,9.94,0.302,False,0.681,0.488
0e9df903321528c7,"[3.0, 6.0]",0.8,1.2,0.5,ch12,same,0.5,0.5,12.0,0.2235,0.0119,0.0419,0.0017,18.82,0.085,False,0.762,0.614
4e6772b905aab6a5,"[3.0, 8.0]",0.8,1.2,0.5,ch12,same,0.5,0.5,12.0,0.2344,0.0118,0.0406,0.0019,19.91,0.094,False,0.76,0.614
a704bc277accb51b,"[3.0, 6.0]",0.8,1.4,0.5,ch12,same,0.5,0.5,12.0,0.2421,0.0112,0.0426,0.0017,21.58,0.085,False,0.715,0.564
46e8b55b95cfa29d,"[3.0, 8.0]",0.8,1.4,0.5,ch12,same,0.5,0.5,12.0,0.2633,0.0185,0.0429,0.0019,14.22,0.094,False,0.718,0.564
3ba9991ad87c4064,"[3.0, 6.0]",0.8,1.2,0.5,ch12,same,0.75,0.5,12.0,0.3438,0.0161,0.0508,0.0095,21.34,0.141,False,0.719,0.526
30403c0986677188,"[3.0, 8.0]",0.8,1.2,0.5,ch12,same,0.75,0.5,12.0,0.3528,0.0175,0.0494,0.0127,20.21,0.148,False,0.715,0.526
4e10062912fc1d55,"[3.0, 6.0]",0.8,1.4,0.5,ch12,same,0.75,0.5,12.0,0.3823,0.015,0.053,0.0063,25.53,0.117,False,0.658,0.457
48fb98910f8fb97d,"[3.0, 8.0]",0.8,1.4,0.5,ch12,same,0.75,0.5,12.0,0.4014,0.0246,0.0531,0.0142,16.31,0.184,False,0.657,0.457
225be829b7a8e04e,"[3.0, 6.0]",0.8,1.2,0.5,ch12,same,0.3,0.7,6.0,0.1752,0.0265,0.0405,0.0105,6.61,0.454,False,0.743,0.553
f2a7aac88658d134,"[3.0, 8.0]",0.8,1.2,0.5,ch12,same,0.3,0.7,6.0,0.1821,0.0321,0.0396,0.0153,5.67,0.529,False,0.741,0.553
279ee676392a4c15,"[3.0, 6.0]",0.8,1.4,0.5,ch12,same,0.3,0.7,6.0,0.1999,0.0245,0.0451,0.0084,8.15,0.368,False,0.68,0.488
df3ee9c8e0104c5d,"[3.0, 8.0]",0.8,1.4,0.5,ch12,same,0.3,0.7,6.0,0.2174,0.036,0.0453,0.015,6.03,0.497,False,0.682,0.488
7c6aa982023f5709,"[3.0, 6.0]",0.8,1.2,0.5,ch12,same,0.5,0.7,6.0,0.2434,0.0238,0.0273,0.0017,10.23,0.085,False,0.779,0.614
5694059c1ad682ee,"[3.0, 8.0]",0.8,1.2,0.5,ch12,same,0.5,0.7,6.0,0.25,0.0284,0.0266,0.0011,9.39,0.057,False,0.778,0.614
7b7cc95a0006a6f7,"[3.0, 6.0]",0.8,1.4,0.5,ch12,same,0.5,0.7,6.0,0.255,0.0219,0.0291,0.0017,11.63,0.085,False,0.728,0.564
8ea73ff0f00040cf,"[3.0, 8.0]",0.8,1.4,0.5,ch12,same,0.5,0.7,6.0,0.2741,0.0322,0.0299,0.0011,9.18,0.057,False,0.731,0.564
1f7172226d6217ef,"[3.0, 6.0]",0.8,1.2,0.5,ch12,same,0.75,0.7,6.0,0.3649,0.0294,0.0426,0.0119,12.39,0.242,False,0.722,0.526
5a37202e045756c5,"[3.0, 8.0]",0.8,1.2,0.5,ch12,same,0.75,0.7,6.0,0.3703,0.0332,0.042,0.0162,11.14,0.269,False,0.72,0.526
c0b23febe25e6533,"[3.0, 6.0]",0.8,1.4,0.5,ch12,same,0.75,0.7,6.0,0.3882,0.028,0.0462,0.0105,13.85,0.217,False,0.656,0.457
dc6e016ec257246a,"[3.0, 8.0]",0.8,1.4,0.5,ch12,same,0.75,0.7,6.0,0.4036,0.0378,0.0469,0.0161,10.67,0.281,False,0.657,0.457
8eeba1522a6f34c0,"[3.0, 6.0]",0.8,1.2,0.5,ch12,same,0.3,0.7,12.0,0.16,0.026,0.051,0.0092,6.15,0.462,False,0.716,0.553
8ddd3e3016d67e90,"[3.0, 8.0]",0.8,1.2,0.5,ch12,same,0.3,0.7,12.0,0.1658,0.0313,0.0502,0.0132,5.3,0.566,False,0.714,0.553
e8ca0978c3f57bd1,"[3.0, 6.0]",0.8,1.4,0.5,ch12,same,0.3,0.7,12.0,0.1798,0.0242,0.0541,0.0072,7.41,0.36,False,0.656,0.488
165ec49a53b3f541,"[3.0, 8.0]",0.8,1.4,0.5,ch12,same,0.3,0.7,12.0,0.1949,0.0352,0.0544,0.0126,5.53,0.542,False,0.658,0.488
5d8eb0c07ca76b33,"[3.0, 6.0]",0.8,1.2,0.5,ch12,same,0.5,0.7,12.0,0.2065,0.0222,0.0428,0.0038,9.31,0.192,False,0.747,0.614
8ba51f810a4f2cad,"[3.0, 8.0]",0.8,1.2,0.5,ch12,same,0.5,0.7,12.0,0.2156,0.0257,0.042,0.0042,8.39,0.211,False,0.746,0.614
5f507bd676f80d1f,"[3.0, 6.0]",0.8,1.4,0.5,ch12,same,0.5,0.7,12.0,0.2169,0.0205,0.0439,0.0038,10.57,0.192,False,0.698,0.564
6e866f693bca5a22,"[3.0, 8.0]",0.8,1.4,0.5,ch12,same,0.5,0.7,12.0,0.2372,0.0297,0.0445,0.0042,7.97,0.211,False,0.702,0.564
c081b72814f56a55,"[3.0, 6.0]",0.8,1.2,0.5,ch12,same,0.75,0.7,12.0,0.3155,0.0289,0.0529,0.0104,10.93,0.274,False,0.697,0.526
9c104186cb1687c7,"[3.0, 8.0]",0.8,1.2,0.5,ch12,same,0.75,0.7,12.0,0.3262,0.0325,0.0522,0.0143,10.04,0.299,False,0.694,0.526
906a4176db217d0b,"[3.0, 6.0]",0.8,1.4,0.5,ch12,same,0.75,0.7,12.0,0.3491,0.0278,0.0553,0.0093,12.55,0.239,False,0.633,0.457
4cde2e873c833038,"[3.0, 8.0]",0.8,1.4,0.5,ch12,same,0.75,0.7,12.0,0.3671,0.0376,0.056,0.0147,9.77,0.307,False,0.634,0.457
7d7e82f960ab70cb,"[3.0, 6.0]",0.9,1.2,0.5,ch12,same,0.3,0.8,6.0,0.1601,0.0337,0.0403,0.0132,4.75,0.632,False,0.732,0.553
efe6fafb78dbf1b0,"[3.0, 8.0]",0.9,1.2,0.5,ch12,same,0.3,0.8,6.0,0.1661,0.0376,0.0395,0.0154,4.42,0.679,False,0.731,0.553
4d551f3e2ebb1951,"[3.0, 6.0]",0.9,1.4,0.5,ch12,same,0.3,0.8,6.0,0.1828,0.0295,0.0454,0.0118,6.2,0.484,False,0.669,0.488
090f4f12a7ac0f12,"[3.0, 8.0]",0.9,1.4,0.5,ch12,same,0.3,0.8,6.0,0.1982,0.0394,0.0457,0.016,5.03,0.596,False,0.671,0.488
27c531a246e6d663,"[3.0, 6.0]",0.9,1.2,0.5,ch12,same,0.5,0.8,6.0,0.2278,0.0316,0.0272,0.0004,8.39,0.021,False,0.771,0.614
dfa1170d15d08263,"[3.0, 8.0]",0.9,1.2,0.5,ch12,same,0.5,0.8,6.0,0.2299,0.0355,0.0267,0.0006,8.61,0.03,False,0.771,0.614
56c353f3b85a8192,"[3.0, 6.0]",0.9,1.4,0.5,ch12,same,0.5,0.8,6.0,0.2387,0.0272,0.0289,0.0004,8.77,0.021,False,0.72,0.564
ce7488f8744e7a31,"[3.0, 8.0]",0.9,1.4,0.5,ch12,same,0.5,0.8,6.0,0.2561,0.036,0.03,0.0006,8.53,0.03,False,0.723,0.564
b3080cec01702649,"[3.0, 6.0]",0.9,1.2,0.5,ch12,same,0.75,0.8,6.0,0.3453,0.0372,0.044,0.0157,9.29,0.323,False,0.712,0.526
f4fd18d5a356228b,"[3.0, 8.0]",0.9,1.2,0.5,ch12,same,0.75,0.8,6.0,0.3471,0.0386,0.0437,0.0151,8.99,0.334,False,0.71,0.526
d02eeb6ed5463be7,"[3.0, 6.0]",0.9,1.4,0.5,ch12,same,0.75,0.8,6.0,0.3728,0.0359,0.0476,0.0213,10.37,0.289,False,0.646,0.457
09ebed4cfa7edc5f,"[3.0, 8.0]",0.9,1.4,0.5,ch12,same,0.75,0.8,6.0,0.3835,0.0422,0.0485,0.021,9.08,0.33,False,0.646,0.457
a09829b00b1059a8,"[3.0, 6.0]",0.9,1.2,0.5,ch12,same,0.3,0.8,12.0,0.1448,0.0322,0.0516,0.0096,4.49,0.482,False,0.703,0.553
51112bf54d743a02,"[3.0, 8.0]",0.9,1.2,0.5,ch12,same,0.3,0.8,12.0,0.1493,0.0361,0.051,0.0123,4.14,0.615,False,0.702,0.553
8f0a38d87c9b137d,"[3.0, 6.0]",0.9,1.4,0.5,ch12,same,0.3,0.8,12.0,0.1628,0.0282,0.0547,0.0085,5.78,0.424,False,0.644,0.488
be49ada3333c765c,"[3.0, 8.0]",0.9,1.4,0.5,ch12,same,0.3,0.8,12.0,0.1757,0.038,0.055,0.0116,4.63,0.578,False,0.646,0.488
dc7c51d29c0dd6fb,"[3.0, 6.0]",0.9,1.2,0.5,ch12,same,0.5,0.8,12.0,0.1928,0.0272,0.0433,0.004,7.1,0.201,False,0.738,0.614
fa2711be04afa260,"[3.0, 8.0]",0.9,1.2,0.5,ch12,same,0.5,0.8,12.0,0.2,0.0305,0.0429,0.0049,6.56,0.244,False,0.737,0.614
9e11e4579b6b38ed,"[3.0, 6.0]",0.9,1.4,0.5,ch12,same,0.5,0.8,12.0,0.2017,0.0229,0.0443,0.004,8.79,0.201,False,0.689,0.564
b05edb18d77934f9,"[3.0, 8.0]",0.9,1.4,0.5,ch12,same,0.5,0.8,12.0,0.22,0.0317,0.0454,0.0049,6.94,0.244,False,0.692,0.564
59d127ae460a9fff,"[3.0, 6.0]",0.9,1.2,0.5,ch12,same,0.75,0.8,12.0,0.297,0.0356,0.0544,0.0124,8.34,0.36,False,0.686,0.526
e1d46d58469b2b07,"[3.0, 8.0]",0.9,1.2,0.5,ch12,same,0.75,0.8,12.0,0.305,0.0369,0.0541,0.0115,8.28,0.362,False,0.684,0.526
faf5c4a67b2dd50e,"[3.0, 6.0]",0.9,1.4,0.5,ch12,same,0.75,0.8,12.0,0.3332,0.0344,0.0569,0.0172,9.68,0.31,False,0.623,0.457
546941161032fdfc,"[3.0, 8.0]",0.9,1.4,0.5,ch12,same,0.75,0.8,12.0,0.3462,0.0408,0.0577,0.0166,8.48,0.354,False,0.622,0.457
8f5296dcf0072fb7,"[3.0, 6.0]",0.8,1.2,-0.5,swap,route,0.3,0.5,6.0,0.1447,0.0138,0.0565,0.0069,10.49,0.276,False,0.584,0.413
aa704271d00edb4a,"[3.0, 8.0]",0.8,1.2,-0.5,swap,route,0.3,0.5,6.0,0.1424,0.0129,0.0508,0.0076,11.03,0.258,False,0.577,0.413
4213086d96eb8f92,"[3.0, 6.0]",0.8,1.4,-0.5,swap,route,0.3,0.5,6.0,0.161,0.0122,0.0547,0.0059,13.15,0.228,False,0.503,0.342
7e5c30e43c0dadc0,"[3.0, 8.0]",0.8,1.4,-0.5,swap,route,0.3,0.5,6.0,0.1627,0.017,0.0468,0.0079,9.56,0.314,False,0.496,0.342
f8120bc0e57d95b4,"[3.0, 6.0]",0.8,1.2,-0.5,swap,route,0.5,0.5,6.0,0.1923,0.0118,0.0535,0.0021,16.25,0.106,False,0.61,0.458
cc519f6c65e75ef6,"[3.0, 8.0]",0.8,1.2,-0.5,swap,route,0.5,0.5,6.0,0.1937,0.0098,0.0493,0.0024,19.79,0.121,False,0.605,0.458
b891d8278dd666ac,"[3.0, 6.0]",0.8,1.4,-0.5,swap,route,0.5,0.5,6.0,0.1962,0.0106,0.0557,0.002,18.46,0.101,False,0.538,0.394
b765f6fc4469dc5c,"[3.0, 8.0]",0.8,1.4,-0.5,swap,route,0.5,0.5,6.0,0.2023,0.0139,0.0496,0.002,14.59,0.101,False,0.533,0.394
cfc4838625408ea2,"[3.0, 6.0]",0.8,1.2,-0.5,swap,route,0.75,0.5,6.0,0.2812,0.0159,0.0469,0.0073,17.67,0.17,False,0.562,0.392
82ef99087f59e1b4,"[3.0, 8.0]",0.8,1.2,-0.5,swap,route,0.75,0.5,6.0,0.2842,0.0152,0.0415,0.0099,18.74,0.16,False,0.554,0.392
b87506db63f0189b,"[3.0, 6.0]",0.8,1.4,-0.5,swap,route,0.75,0.5,6.0,0.2852,0.0133,0.0462,0.0046,21.38,0.14,False,0.479,0.32
dd7d3cd75e2c0881,"[3.0, 8.0]",0.8,1.4,-0.5,swap,route,0.75,0.5,6.0,0.2912,0.0188,0.0393,0.01,15.5,0.194,False,0.472,0.32
76daf4e1d94aea2e,"[3.0, 6.0]",0.8,1.2,-0.5,swap,route,0.3,0.5,12.0,0.1451,0.0128,0.0656,0.0048,11.35,0.24,False,0.58,0.413
86f77dddfc259572,"[3.0, 8.0]",0.8,1.2,-0.5,swap,route,0.3,0.5,12.0,0.1409,0.0118,0.0599,0.0053,11.92,0.237,False,0.573,0.413
d3dcaf3de1387cc2,"[3.0, 6.0]",0.8,1.4,-0.5,swap,route,0.3,0.5,12.0,0.1573,0.0116,0.0592,0.0043,13.55,0.217,False,0.5,0.342
37292374aba20eed,"[3.0, 8.0]",0.8,1.4,-0.5,swap,route,0.3,0.5,12.0,0.1583,0.0162,0.0514,0.0057,9.79,0.286,False,0.494,0.342
fdd85085a0f4ed2c,"[3.0, 6.0]",0.8,1.2,-0.5,swap,route,0.5,0.5,12.0,0.1856,0.0112,0.0662,0.0012,16.52,0.061,False,0.606,0.458
f16416741990f7d5,"[3.0, 8.0]",0.8,1.2,-0.5,swap,route,0.5,0.5,12.0,0.1874,0.0091,0.062,0.0014,20.5,0.07,False,0.601,0.458
4ff3b8c174d6d4c1,"[3.0, 6.0]",0.8,1.4,-0.5,swap,route,0.5,0.5,12.0,0.1884,0.0102,0.0627,0.0011,18.4,0.054,False,0.534,0.394
6247f4fb9aa1e783,"[3.0, 8.0]",0.8,1.4,-0.5,swap,route,0.5,0.5,12.0,0.1953,0.0135,0.0565,0.0012,14.46,0.06,False,0.529,0.394
692a6c6b49dde1bc,"[3.0, 6.0]",0.8,1.2,-0.5,swap,route,0.75,0.5,12.0,0.2684,0.0156,0.0568,0.0071,17.22,0.174,False,0.559,0.392
f7ec37b274b8a0f2,"[3.0, 8.0]",0.8,1.2,-0.5,swap,route,0.75,0.5,12.0,0.2715,0.0148,0.0514,0.0097,18.31,0.164,False,0.551,0.392
cdb05b945e8e8b44,"[3.0, 6.0]",0.8,1.4,-0.5,swap,route,0.75,0.5,12.0,0.2784,0.0133,0.0497,0.0045,20.96,0.143,False,0.476,0.32
1f4b6d185858db71,"[3.0, 8.0]",0.8,1.4,-0.5,swap,route,0.75,0.5,12.0,0.2844,0.0187,0.0429,0.0099,15.19,0.198,False,0.469,0.32
7744f9a211894d87,"[3.0, 6.0]",0.8,1.2,-0.5,swap,route,0.3,0.7,6.0,0.1324,0.0272,0.0551,0.013,4.86,0.545,False,0.564,0.413
62e29a3caaaaa740,"[3.0, 8.0]",0.8,1.2,-0.5,swap,route,0.3,0.7,6.0,0.1321,0.0289,0.0493,0.0149,4.57,0.578,False,0.557,0.413
0a1c20769f206010,"[3.0, 6.0]",0.8,1.4,-0.5,swap,route,0.3,0.7,6.0,0.1391,0.0267,0.0537,0.0097,5.21,0.486,False,0.483,0.342
dfe6b4c1d3161a1c,"[3.0, 8.0]",0.8,1.4,-0.5,swap,route,0.3,0.7,6.0,0.1433,0.0323,0.0465,0.0131,4.43,0.646,False,0.476,0.342
d39481e875c173cb,"[3.0, 6.0]",0.8,1.2,-0.5,swap,route,0.5,0.7,6.0,0.1758,0.0239,0.0505,0.0084,7.36,0.408,False,0.594,0.458
9309a18379971c77,"[3.0, 8.0]",0.8,1.2,-0.5,swap,route,0.5,0.7,6.0,0.1762,0.0257,0.0462,0.0103,6.86,0.437,False,0.59,0.458
35956776d3859484,"[3.0, 6.0]",0.8,1.4,-0.5,swap,route,0.5,0.7,6.0,0.1749,0.0248,0.0534,0.0068,7.06,0.341,False,0.522,0.394
297de55290816598,"[3.0, 8.0]",0.8,1.4,-0.5,swap,route,0.5,0.7,6.0,0.1802,0.0301,0.0479,0.0092,6.0,0.459,False,0.517,0.394
6c4c7856bfc16ae8,"[3.0, 6.0]",0.8,1.2,-0.5,swap,route,0.75,0.7,6.0,0.2588,0.0278,0.0454,0.0081,9.3,0.323,False,0.542,0.392
195c697962754611,"[3.0, 8.0]",0.8,1.2,-0.5,swap,route,0.75,0.7,6.0,0.2611,0.0298,0.0408,0.0116,8.76,0.342,False,0.535,0.392
7d4e5f737d3b79ba,"[3.0, 6.0]",0.8,1.4,-0.5,swap,route,0.75,0.7,6.0,0.262,0.0274,0.0449,0.0073,9.55,0.314,False,0.458,0.32
3ce6307c166f4136,"[3.0, 8.0]",0.8,1.4,-0.5,swap,route,0.75,0.7,6.0,0.264,0.0328,0.0394,0.0109,8.05,0.373,False,0.452,0.32
5fa8dc60c219742f,"[3.0, 6.0]",0.8,1.2,-0.5,swap,route,0.3,0.7,12.0,0.1326,0.0245,0.0638,0.0076,5.4,0.378,False,0.56,0.413
9cd8b06b433fd07d,"[3.0, 8.0]",0.8,1.2,-0.5,swap,route,0.3,0.7,12.0,0.1299,0.0262,0.0579,0.0093,4.95,0.463,False,0.554,0.413
0ae18876328863a8,"[3.0, 6.0]",0.8,1.4,-0.5,swap,route,0.3,0.7,12.0,0.1364,0.0246,0.058,0.0053,5.55,0.267,False,0.48,0.342
7b5f199c5787950a,"[3.0, 8.0]",0.8,1.4,-0.5,swap,route,0.3,0.7,12.0,0.1397,0.0301,0.0508,0.0085,4.64,0.427,False,0.474,0.342
6e8731c41bc2fc4d,"[3.0, 6.0]",0.8,1.2,-0.5,swap,route,0.5,0.7,12.0,0.1717,0.0211,0.0627,0.0027,8.15,0.133,False,0.59,0.458
1527a22325dfbc95,"[3.0, 8.0]",0.8,1.2,-0.5,swap,route,0.5,0.7,12.0,0.1719,0.0222,0.0586,0.003,7.73,0.152,False,0.585,0.458
1ea6127118f205a1,"[3.0, 6.0]",0.8,1.4,-0.5,swap,route,0.5,0.7,12.0,0.1695,0.0225,0.0599,0.0024,7.53,0.118,False,0.518,0.394
ef6acf6ba50fe735,"[3.0, 8.0]",0.8,1.4,-0.5,swap,route,0.5,0.7,12.0,0.175,0.027,0.0546,0.0026,6.49,0.129,False,0.514,0.394
792025900ff8cd95,"[3.0, 6.0]",0.8,1.2,-0.5,swap,route,0.75,0.7,12.0,0.2472,0.0271,0.055,0.008,9.12,0.329,False,0.538,0.392
e78d1b1715724f9c,"[3.0, 8.0]",0.8,1.2,-0.5,swap,route,0.75,0.7,12.0,0.2496,0.0291,0.0504,0.0114,8.58,0.35,False,0.532,0.392
cf885a28d27ddf27,"[3.0, 6.0]",0.8,1.4,-0.5,swap,route,0.75,0.7,12.0,0.2554,0.027,0.0485,0.0071,9.47,0.317,False,0.456,0.32
470f2ff205a7673c,"[3.0, 8.0]",0.8,1.4,-0.5,swap,route,0.75,0.7,12.0,0.2573,0.0323,0.043,0.0106,7.98,0.376,False,0.449,0.32
eedb6151adefed29,"[3.0, 6.0]",0.9,1.2,-0.5,swap,route,0.3,0.8,6.0,0.1241,0.0323,0.0555,0.0138,3.84,0.647,False,0.556,0.413
4004fadef44f0adc,"[3.0, 8.0]",0.9,1.2,-0.5,swap,route,0.3,0.8,6.0,0.122,0.0338,0.0502,0.0154,3.61,0.676,False,0.55,0.413
3bcae16a84ff390c,"[3.0, 6.0]",0.9,1.4,-0.5,swap,route,0.3,0.8,6.0,0.128,0.0309,0.0548,0.0116,4.15,0.579,False,0.476,0.342
d208840b16e5549c,"[3.0, 8.0]",0.9,1.4,-0.5,swap,route,0.3,0.8,6.0,0.1312,0.0355,0.0476,0.0133,3.7,0.664,False,0.469,0.342
a7d0c8a615ca4812,"[3.0, 6.0]",0.9,1.2,-0.5,swap,route,0.5,0.8,6.0,0.1668,0.0299,0.0514,0.0132,5.58,0.538,False,0.588,0.458
836287c831a3da74,"[3.0, 8.0]",0.9,1.2,-0.5,swap,route,0.5,0.8,6.0,0.1659,0.0312,0.0474,0.0145,5.32,0.564,False,0.584,0.458
7b9b40db16e2fcf7,"[3.0, 6.0]",0.9,1.4,-0.5,swap,route,0.5,0.8,6.0,0.1634,0.0285,0.0543,0.0113,5.73,0.523,False,0.517,0.394
276e272aebaf375c,"[3.0, 8.0]",0.9,1.4,-0.5,swap,route,0.5,0.8,6.0,0.1684,0.0323,0.0489,0.0123,5.22,0.575,False,0.512,0.394
00d03e2cfa15c3b0,"[3.0, 6.0]",0.9,1.2,-0.5,swap,route,0.75,0.8,6.0,0.246,0.0336,0.0465,0.0102,7.32,0.41,False,0.533,0.392
11a680071a3df6da,"[3.0, 8.0]",0.9,1.2,-0.5,swap,route,0.75,0.8,6.0,0.2465,0.034,0.0426,0.0092,7.26,0.413,False,0.528,0.392
aa9a765c39637010,"[3.0, 6.0]",0.9,1.4,-0.5,swap,route,0.75,0.8,6.0,0.2518,0.0321,0.046,0.0122,7.86,0.382,False,0.451,0.32
d22c46ebfc7d97af,"[3.0, 8.0]",0.9,1.4,-0.5,swap,route,0.75,0.8,6.0,0.2501,0.0349,0.0407,0.0121,7.16,0.419,False,0.444,0.32
633401e453798e5a,"[3.0, 6.0]",0.9,1.2,-0.5,swap,route,0.3,0.8,12.0,0.1237,0.0293,0.0649,0.0076,4.22,0.381,False,0.552,0.413
5b60588f54ef2041,"[3.0, 8.0]",0.9,1.2,-0.5,swap,route,0.3,0.8,12.0,0.1193,0.0308,0.0596,0.0092,3.88,0.461,False,0.546,0.413
a1c8b95ef2507b99,"[3.0, 6.0]",0.9,1.4,-0.5,swap,route,0.3,0.8,12.0,0.1258,0.0285,0.0593,0.0063,4.42,0.314,False,0.473,0.342
c767a45b53153da5,"[3.0, 8.0]",0.9,1.4,-0.5,swap,route,0.3,0.8,12.0,0.1273,0.033,0.0522,0.0077,3.86,0.386,False,0.466,0.342
10fd901fca871325,"[3.0, 6.0]",0.9,1.2,-0.5,swap,route,0.5,0.8,12.0,0.1636,0.0252,0.064,0.0026,6.5,0.129,False,0.583,0.458
9138d7caf2a5aa45,"[3.0, 8.0]",0.9,1.2,-0.5,swap,route,0.5,0.8,12.0,0.1625,0.0262,0.0601,0.0033,6.19,0.164,False,0.579,0.458
307def108e559115,"[3.0, 6.0]",0.9,1.4,-0.5,swap,route,0.5,0.8,12.0,0.1594,0.0246,0.0611,0.0021,6.48,0.107,False,0.513,0.394
5b3533d7d38a60cd,"[3.0, 8.0]",0.9,1.4,-0.5,swap,route,0.5,0.8,12.0,0.1642,0.0281,0.0558,0.0027,5.84,0.135,False,0.508,0.394
f8c6b13925e114a2,"[3.0, 6.0]",0.9,1.2,-0.5,swap,route,0.75,0.8,12.0,0.2342,0.0327,0.0562,0.01,7.15,0.419,False,0.53,0.392
186549c02f070e77,"[3.0, 8.0]",0.9,1.2,-0.5,swap,route,0.75,0.8,12.0,0.2348,0.0331,0.0522,0.0089,7.09,0.423,False,0.524,0.392
ef9262e365715305,"[3.0, 6.0]",0.9,1.4,-0.5,swap,route,0.75,0.8,12.0,0.2449,0.0316,0.0497,0.0118,7.75,0.387,False,0.449,0.32
5eb71a785cbe5b79,"[3.0, 8.0]",0.9,1.4,-0.5,swap,route,0.75,0.8,12.0,0.2432,0.0345,0.0444,0.0117,7.05,0.425,False,0.442,0.32
bda58509f1f0229a,"[3.0, 6.0]",0.8,0.8,-1.0,swap,ch23,0.3,0.5,6.0,0.0527,0.0148,0.037,0.0089,3.55,0.297,False,0.63,0.436
bc948854024137bb,"[3.0, 8.0]",0.8,0.8,-1.0,swap,ch23,0.3,0.5,6.0,0.0551,0.0147,0.0312,0.0117,3.74,0.294,False,0.614,0.436
00833f77a1e2b5e3,"[3.0, 6.0]",0.8,1.0,-1.0,swap,ch23,0.3,0.5,6.0,0.0843,0.0183,0.033,0.0112,4.61,0.365,False,0.518,0.331
47c821b395c69206,"[3.0, 8.0]",0.8,1.0,-1.0,swap,ch23,0.3,0.5,6.0,0.0805,0.0186,0.03,0.0147,4.33,0.372,False,0.502,0.331
3aa0de1d293008fa,"[3.0, 6.0]",0.8,0.8,-1.0,swap,ch23,0.5,0.5,6.0,0.0885,0.014,0.0381,0.0078,6.34,0.279,False,0.645,0.455
16a8f038253aba1b,"[3.0, 8.0]",0.8,0.8,-1.0,swap,ch23,0.5,0.5,6.0,0.0901,0.013,0.0308,0.0072,6.93,0.26,False,0.629,0.455
1de1251da5851876,"[3.0, 6.0]",0.8,1.0,-1.0,swap,ch23,0.5,0.5,6.0,0.1221,0.0167,0.0373,0.0111,7.33,0.333,False,0.539,0.354
d4072d0cef0150e0,"[3.0, 8.0]",0.8,1.0,-1.0,swap,ch23,0.5,0.5,6.0,0.1204,0.0158,0.0324,0.0104,7.6,0.317,False,0.523,0.354
20becf8f7ab014ca,"[3.0, 6.0]",0.8,0.8,-1.0,swap,ch23,0.75,0.5,6.0,0.1355,0.0179,0.035,0.0096,7.58,0.358,False,0.619,0.425
d9db4ce1dee0cbee,"[3.0, 8.0]",0.8,0.8,-1.0,swap,ch23,0.75,0.5,6.0,0.1339,0.0191,0.0278,0.0131,7.0,0.382,False,0.601,0.425
ba48a30ed2a37dd0,"[3.0, 6.0]",0.8,1.0,-1.0,swap,ch23,0.75,0.5,6.0,0.1762,0.0218,0.0324,0.0112,8.07,0.372,False,0.501,0.321
9b45810bda9b6b18,"[3.0, 8.0]",0.8,1.0,-1.0,swap,ch23,0.75,0.5,6.0,0.1728,0.0201,0.0287,0.0147,8.6,0.349,False,0.483,0.321
7e8ef71a1745f00c,"[3.0, 6.0]",0.8,0.8,-1.0,swap,ch23,0.3,0.5,12.0,0.0527,0.0148,0.0378,0.0089,3.55,0.297,False,0.63,0.436
1ee7737750171c7f,"[3.0, 8.0]",0.8,0.8,-1.0,swap,ch23,0.3,0.5,12.0,0.055,0.0147,0.0319,0.0117,3.74,0.294,False,0.614,0.436
3376a1e33cb1423d,"[3.0, 6.0]",0.8,1.0,-1.0,swap,ch23,0.3,0.5,12.0,0.0843,0.0183,0.0331,0.0112,4.61,0.365,False,0.518,0.331
fc546e60ef2eb11f,"[3.0, 8.0]",0.8,1.0,-1.0,swap,ch23,0.3,0.5,12.0,0.0805,0.0186,0.0302,0.0147,4.33,0.372,False,0.502,0.331
bdd575c6616cec97,"[3.0, 6.0]",0.8,0.8,-1.0,swap,ch23,0.5,0.5,12.0,0.0852,0.014,0.0398,0.0078,6.1,0.279,False,0.644,0.455
02a10e35b73a6eb9,"[3.0, 8.0]",0.8,0.8,-1.0,swap,ch23,0.5,0.5,12.0,0.0869,0.013,0.0324,0.0071,6.69,0.26,False,0.628,0.455
4782fa40ea9c89e4,"[3.0, 6.0]",0.8,1.0,-1.0,swap,ch23,0.5,0.5,12.0,0.1214,0.0167,0.0385,0.0111,7.28,0.333,False,0.539,0.354
c07b988c75aad1ac,"[3.0, 8.0]",0.8,1.0,-1.0,swap,ch23,0.5,0.5,12.0,0.1197,0.0158,0.0336,0.0104,7.55,0.317,False,0.522,0.354
2f4cb5fb5f2c6a76,"[3.0, 6.0]",0.8,0.8,-1.0,swap,ch23,0.75,0.5,12.0,0.1337,0.0178,0.0363,0.0096,7.52,0.355,False,0.619,0.425
9a7873d0438df0c0,"[3.0, 8.0]",0.8,0.8,-1.0,swap,ch23,0.75,0.5,12.0,0.1322,0.0189,0.0291,0.0131,6.98,0.379,False,0.601,0.425
8949601fa39ed0f7,"[3.0, 6.0]",0.8,1.0,-1.0,swap,ch23,0.75,0.5,12.0,0.1757,0.0217,0.0328,0.0112,8.08,0.371,False,0.501,0.321
c391e860f6e49356,"[3.0, 8.0]",0.8,1.0,-1.0,swap,ch23,0.75,0.5,12.0,0.1723,0.02,0.0292,0.0147,8.61,0.348,False,0.483,0.321
35d429d7606b8151,"[3.0, 6.0]",0.8,0.8,-1.0,swap,ch23,0.3,0.7,6.0,0.0488,0.035,0.038,0.0256,1.4,0.7,False,0.604,0.436
02dda2f4cf1a8749,"[3.0, 8.0]",0.8,0.8,-1.0,swap,ch23,0.3,0.7,6.0,0.0476,0.0301,0.0327,0.0209,1.58,0.601,False,0.587,0.436
3fd97b9bda07c507,"[3.0, 6.0]",0.8,1.0,-1.0,swap,ch23,0.3,0.7,6.0,0.0798,0.0415,0.0343,0.0216,2.32,0.686,False,0.493,0.331
84efe614c88d2911,"[3.0, 8.0]",0.8,1.0,-1.0,swap,ch23,0.3,0.7,6.0,0.0735,0.0367,0.0312,0.0185,2.35,0.625,False,0.478,0.331
9d8c573294905bd2,"[3.0, 6.0]",0.8,0.8,-1.0,swap,ch23,0.5,0.7,6.0,0.0808,0.0353,0.0391,0.0256,2.29,0.705,False,0.62,0.455
ee8ea003cc8bfa18,"[3.0, 8.0]",0.8,0.8,-1.0,swap,ch23,0.5,0.7,6.0,0.0772,0.0311,0.0325,0.0209,2.49,0.621,False,0.603,0.455
a5ddd9ee3f869353,"[3.0, 6.0]",0.8,1.0,-1.0,swap,ch23,0.5,0.7,6.0,0.112,0.0394,0.0383,0.0216,2.92,0.767,False,0.516,0.354
0f6dd2f3fa9782e4,"[3.0, 8.0]",0.8,1.0,-1.0,swap,ch23,0.5,0.7,6.0,0.1063,0.0343,0.0333,0.0185,3.19,0.667,False,0.5,0.354
38fa6fbbf79cd2dd,"[3.0, 6.0]",0.8,0.8,-1.0,swap,ch23,0.75,0.7,6.0,0.1223,0.044,0.0361,0.0256,3.39,0.722,False,0.595,0.425
5665b68cb11e051f,"[3.0, 8.0]",0.8,0.8,-1.0,swap,ch23,0.75,0.7,6.0,0.118,0.0404,0.0296,0.0209,3.99,0.592,False,0.577,0.425
76cede3bcd6574a9,"[3.0, 6.0]",0.8,1.0,-1.0,swap,ch23,0.75,0.7,6.0,0.162,0.0487,0.0332,0.0216,4.88,0.615,False,0.48,0.321
c08470b1e736357e,"[3.0, 8.0]",0.8,1.0,-1.0,swap,ch23,0.75,0.7,6.0,0.1557,0.0413,0.0296,0.0185,5.26,0.571,False,0.463,0.321
96d7dc14bf8fec92,"[3.0, 6.0]",0.8,0.8,-1.0,swap,ch23,0.3,0.7,12.0,0.0487,0.0349,0.0392,0.0256,1.4,0.698,False,0.604,0.436
c9988ec09d11a83b,"[3.0, 8.0]",0.8,0.8,-1.0,swap,ch23,0.3,0.7,12.0,0.0475,0.03,0.034,0.0209,1.58,0.6,False,0.587,0.436
f15d3bbaa71b0246,"[3.0, 6.0]",0.8,1.0,-1.0,swap,ch23,0.3,0.7,12.0,0.0797,0.0415,0.0349,0.0216,2.28,0.698,False,0.493,0.331
1d933b47fde71d06,"[3.0, 8.0]",0.8,1.0,-1.0,swap,ch23,0.3,0.7,12.0,0.0735,0.0367,0.0318,0.0185,2.31,0.637,False,0.478,0.331
8e992968c24ef91b,"[3.0, 6.0]",0.8,0.8,-1.0,swap,ch23,0.5,0.7,12.0,0.0776,0.0348,0.041,0.0256,2.23,0.695,False,0.619,0.455
549302cb78bc1eca,"[3.0, 8.0]",0.8,0.8,-1.0,swap,ch23,0.5,0.7,12.0,0.074,0.0302,0.0344,0.0209,2.45,0.603,False,0.602,0.455
9249e8d765be7b24,"[3.0, 6.0]",0.8,1.0,-1.0,swap,ch23,0.5,0.7,12.0,0.1111,0.0391,0.0399,0.0216,2.84,0.782,False,0.516,0.354
75f25612eb151a56,"[3.0, 8.0]",0.8,1.0,-1.0,swap,ch23,0.5,0.7,12.0,0.1054,0.0338,0.0349,0.0185,3.12,0.677,False,0.499,0.354
ac219b0d24bcff61,"[3.0, 6.0]",0.8,0.8,-1.0,swap,ch23,0.75,0.7,12.0,0.1205,0.0434,0.0376,0.0256,3.21,0.752,False,0.594,0.425
939515e4d2ef8c6b,"[3.0, 8.0]",0.8,0.8,-1.0,swap,ch23,0.75,0.7,12.0,0.1164,0.0397,0.0311,0.0209,3.74,0.622,False,0.576,0.425
c3c087733aa100c8,"[3.0, 6.0]",0.8,1.0,-1.0,swap,ch23,0.75,0.7,12.0,0.1613,0.0482,0.034,0.0216,4.75,0.632,False,0.479,0.321
364816435e314e20,"[3.0, 8.0]",0.8,1.0,-1.0,swap,ch23,0.75,0.7,12.0,0.1549,0.0408,0.0305,0.0185,5.09,0.59,False,0.463,0.321
48cf5d7223f2c074,"[3.0, 6.0]",0.9,0.8,-1.0,swap,ch23,0.3,0.8,6.0,0.0442,0.0421,0.0382,0.0307,1.16,0.764,False,0.601,0.436
0755cb50aec59ee6,"[3.0, 8.0]",0.9,0.8,-1.0,swap,ch23,0.3,0.8,6.0,0.0432,0.0378,0.0328,0.0254,1.32,0.657,False,0.586,0.436
00b7ba6cf2b4dfc0,"[3.0, 6.0]",0.9,1.0,-1.0,swap,ch23,0.3,0.8,6.0,0.0745,0.0489,0.0342,0.0216,2.18,0.685,False,0.491,0.331
6c41030427834832,"[3.0, 8.0]",0.9,1.0,-1.0,swap,ch23,0.3,0.8,6.0,0.0675,0.0432,0.0305,0.0185,2.22,0.609,False,0.476,0.331
1586f04b8d3cc8c2,"[3.0, 6.0]",0.9,0.8,-1.0,swap,ch23,0.5,0.8,6.0,0.0739,0.0427,0.0395,0.0335,1.87,0.789,False,0.619,0.455
beb611a303bcbd03,"[3.0, 8.0]",0.9,0.8,-1.0,swap,ch23,0.5,0.8,6.0,0.0712,0.0384,0.0327,0.0254,2.17,0.655,False,0.603,0.455
e5019a1139cddb7b,"[3.0, 6.0]",0.9,1.0,-1.0,swap,ch23,0.5,0.8,6.0,0.1064,0.0473,0.038,0.0216,2.8,0.76,False,0.516,0.354
46f89caa2b7bd508,"[3.0, 8.0]",0.9,1.0,-1.0,swap,ch23,0.5,0.8,6.0,0.0988,0.0407,0.0332,0.0185,2.97,0.664,False,0.5,0.354
934f880e39e5ed7c,"[3.0, 6.0]",0.9,0.8,-1.0,swap,ch23,0.75,0.8,6.0,0.1114,0.0529,0.0364,0.0335,3.06,0.728,False,0.594,0.425
6c99294581c56093,"[3.0, 8.0]",0.9,0.8,-1.0,swap,ch23,0.75,0.8,6.0,0.1095,0.0503,0.0296,0.0254,3.7,0.593,False,0.577,0.425
122b2250e10263ad,"[3.0, 6.0]",0.9,1.0,-1.0,swap,ch23,0.75,0.8,6.0,0.1546,0.0593,0.033,0.0216,4.68,0.641,False,0.48,0.321
5eefa8f8c56c620c,"[3.0, 8.0]",0.9,1.0,-1.0,swap,ch23,0.75,0.8,6.0,0.146,0.0503,0.0294,0.0185,4.97,0.587,False,0.463,0.321
0a0624bec5569e2e,"[3.0, 6.0]",0.9,0.8,-1.0,swap,ch23,0.3,0.8,12.0,0.0441,0.0421,0.0394,0.0307,1.12,0.789,False,0.601,0.436
a43f3e6c53cdd3a3,"[3.0, 8.0]",0.9,0.8,-1.0,swap,ch23,0.3,0.8,12.0,0.0431,0.0377,0.0341,0.0254,1.27,0.681,False,0.586,0.436
8d93069463ac3b56,"[3.0, 6.0]",0.9,1.0,-1.0,swap,ch23,0.3,0.8,12.0,0.0744,0.0489,0.0351,0.0216,2.12,0.702,False,0.491,0.331
250d3df772e2442c,"[3.0, 8.0]",0.9,1.0,-1.0,swap,ch23,0.3,0.8,12.0,0.0675,0.0432,0.0313,0.0185,2.15,0.627,False,0.476,0.331
912bb1557ed4fe03,"[3.0, 6.0]",0.9,0.8,-1.0,swap,ch23,0.5,0.8,12.0,0.0707,0.0416,0.0414,0.0311,1.71,0.828,False,0.618,0.455
7f6262d6a8c9311d,"[3.0, 8.0]",0.9,0.8,-1.0,swap,ch23,0.5,0.8,12.0,0.0678,0.0372,0.0347,0.0254,1.96,0.693,False,0.602,0.455
309f87f5c812b7b9,"[3.0, 6.0]",0.9,1.0,-1.0,swap,ch23,0.5,0.8,12.0,0.1054,0.0468,0.0396,0.0216,2.66,0.793,False,0.515,0.354
af7a5b9f047f78a3,"[3.0, 8.0]",0.9,1.0,-1.0,swap,ch23,0.5,0.8,12.0,0.0977,0.04,0.0348,0.0185,2.8,0.697,False,0.499,0.354
cb9055697c242b32,"[3.0, 6.0]",0.9,0.8,-1.0,swap,ch23,0.75,0.8,12.0,0.1095,0.0521,0.0379,0.0335,2.89,0.758,False,0.593,0.425
742c2dda7ef026d3,"[3.0, 8.0]",0.9,0.8,-1.0,swap,ch23,0.75,0.8,12.0,0.1077,0.0495,0.0311,0.0254,3.46,0.623,False,0.576,0.425
eddb0067f6eb16d6,"[3.0, 6.0]",0.9,1.0,-1.0,swap,ch23,0.75,0.8,12.0,0.1537,0.0588,0.0338,0.0216,4.54,0.661,False,0.479,0.321
f5c5cd5610fc789b,"[3.0, 8.0]",0.9,1.0,-1.0,swap,ch23,0.75,0.8,12.0,0.1451,0.0497,0.0302,0.0185,4.8,0.604,False,0.463,0.321
bfbe0247cd1ba016,[6.0],0.8,1.2,0.5,ch12,route,0.3,0.5,6.0,0.1598,0.0072,0.0314,0.0002,22.09,0.012,False,0.712,0.553
a25371118bda5999,[6.0],0.8,1.4,0.5,ch12,route,0.3,0.5,6.0,0.1791,0.0068,0.0355,0.0002,26.45,0.012,False,0.658,0.488
7214acf6b00ac0f9,[6.0],0.8,1.2,0.5,ch12,route,0.5,0.5,6.0,0.2408,0.0071,0.0231,0.0,33.98,0.0,False,0.752,0.614
809f44a64141ee4a,[6.0],0.8,1.4,0.5,ch12,route,0.5,0.5,6.0,0.2679,0.0063,0.0249,0.0,42.65,0.0,False,0.709,0.564
4378a655950dd706,[6.0],0.8,1.2,0.5,ch12,route,0.75,0.5,6.0,0.3527,0.0079,0.0318,0.0008,44.72,0.038,False,0.694,0.526
72838b2b4222acd0,[6.0],0.8,1.4,0.5,ch12,route,0.75,0.5,6.0,0.3848,0.0079,0.0351,0.0001,48.7,0.006,False,0.633,0.457
8527db0d19dedbfd,[6.0],0.8,1.2,0.5,ch12,route,0.3,0.5,12.0,0.149,0.0073,0.041,0.0003,20.52,0.016,False,0.697,0.553
90b6bb02b4ff8fd9,[6.0],0.8,1.4,0.5,ch12,route,0.3,0.5,12.0,0.1746,0.0068,0.0433,0.0002,25.86,0.008,False,0.645,0.488
630ca6b09cecf0ab,[6.0],0.8,1.2,0.5,ch12,route,0.5,0.5,12.0,0.2111,0.0071,0.0362,0.0,29.73,0.0,False,0.732,0.614
05a3a3f8e6c902bf,[6.0],0.8,1.4,0.5,ch12,route,0.5,0.5,12.0,0.2381,0.0063,0.0374,0.0,37.91,0.0,False,0.691,0.564
4745054af660be5b,[6.0],0.8,1.2,0.5,ch12,route,0.75,0.5,12.0,0.3203,0.0079,0.0393,0.0006,40.67,0.032,False,0.68,0.526
d18639f707b0cb8b,[6.0],0.8,1.4,0.5,ch12,route,0.75,0.5,12.0,0.3548,0.0079,0.0412,0.0001,44.93,0.006,False,0.621,0.457
1d7decac6fe8d2eb,[6.0],0.8,1.2,0.5,ch12,route,0.3,0.7,6.0,0.1427,0.018,0.0327,0.0019,7.94,0.095,False,0.696,0.553
d4ec333c2949b4e5,[6.0],0.8,1.4,0.5,ch12,route,0.3,0.7,6.0,0.1552,0.0161,0.0373,0.0014,9.62,0.069,False,0.637,0.488
c881fdc220c87de2,[6.0],0.8,1.2,0.5,ch12,route,0.5,0.7,6.0,0.2176,0.0162,0.0237,0.0005,13.41,0.023,False,0.741,0.614
5090a2835520aa7a,[6.0],0.8,1.4,0.5,ch12,route,0.5,0.7,6.0,0.2411,0.0139,0.0256,0.0003,17.33,0.016,False,0.695,0.564
52d71e219501b71e,[6.0],0.8,1.2,0.5,ch12,route,0.75,0.7,6.0,0.3211,0.0183,0.0329,0.0014,17.5,0.072,False,0.674,0.526
cea9df2ce579d575,[6.0],0.8,1.4,0.5,ch12,route,0.75,0.7,6.0,0.3518,0.0176,0.036,0.0039,19.94,0.15,False,0.61,0.457
02007fbab22b3af2,[6.0],0.8,1.2,0.5,ch12,route,0.3,0.7,12.0,0.1323,0.0179,0.0427,0.0016,7.4,0.082,False,0.68,0.553
22d27b7452684eae,[6.0],0.8,1.4,0.5,ch12,route,0.3,0.7,12.0,0.1505,0.0161,0.0452,0.0013,9.34,0.063,False,0.624,0.488
455350bb32483081,[6.0],0.8,1.2,0.5,ch12,route,0.5,0.7,12.0,0.1907,0.016,0.0371,0.0001,11.94,0.004,False,0.721,0.614
46f2a34f7bac6889,[6.0],0.8,1.4,0.5,ch12,route,0.5,0.7,12.0,0.2136,0.0136,0.0383,0.0001,15.67,0.004,False,0.676,0.564
87ffddfb88ea8ae9,[6.0],0.8,1.2,0.5,ch12,route,0.75,0.7,12.0,0.2886,0.0184,0.0404,0.0014,15.71,0.072,False,0.66,0.526
4b60b37293f9d084,[6.0],0.8,1.4,0.5,ch12,route,0.75,0.7,12.0,0.3218,0.0176,0.0422,0.0039,18.25,0.164,False,0.598,0.457
28324f99855dc996,[6.0],0.9,1.2,0.5,ch12,route,0.3,0.8,6.0,0.1262,0.0261,0.0327,0.0051,4.83,0.256,False,0.686,0.553
7f1e1eb8dc968b90,[6.0],0.9,1.4,0.5,ch12,route,0.3,0.8,6.0,0.1365,0.0218,0.0376,0.0047,6.27,0.236,False,0.626,0.488
5f5ac29dd39c046e,[6.0],0.9,1.2,0.5,ch12,route,0.5,0.8,6.0,0.1988,0.0233,0.024,0.0001,8.53,0.007,False,0.733,0.614
601471caab022066,[6.0],0.9,1.4,0.5,ch12,route,0.5,0.8,6.0,0.2211,0.018,0.0258,0.0,12.3,0.0,False,0.687,0.564
a885bb35bcbf63d0,[6.0],0.9,1.2,0.5,ch12,route,0.75,0.8,6.0,0.3002,0.0269,0.0333,0.007,11.17,0.269,False,0.664,0.526
1df3d1f2f64f4aea,[6.0],0.9,1.4,0.5,ch12,route,0.75,0.8,6.0,0.3328,0.0247,0.0369,0.0119,13.5,0.222,False,0.6,0.457
6d4857b4f0985708,[6.0],0.9,1.2,0.5,ch12,route,0.3,0.8,12.0,0.1164,0.0256,0.0435,0.0042,4.54,0.212,False,0.67,0.553
6e277870951f9466,[6.0],0.9,1.4,0.5,ch12,route,0.3,0.8,12.0,0.1318,0.0217,0.0456,0.0044,6.08,0.222,False,0.613,0.488
a2254c743da5ed9f,[6.0],0.9,1.2,0.5,ch12,route,0.5,0.8,12.0,0.1729,0.0219,0.0376,0.0008,7.88,0.039,False,0.712,0.614
1cab839d8da640cb,[6.0],0.9,1.4,0.5,ch12,route,0.5,0.8,12.0,0.1947,0.0167,0.0386,0.0008,11.68,0.039,False,0.667,0.564
ccbaedbb15cca1fd,[6.0],0.9,1.2,0.5,ch12,route,0.75,0.8,12.0,0.2679,0.0267,0.041,0.0068,10.03,0.299,False,0.65,0.526
a6b0980fdbc712a8,[6.0],0.9,1.4,0.5,ch12,route,0.75,0.8,12.0,0.3029,0.0246,0.043,0.0119,12.3,0.244,False,0.588,0.457
6a672c2154df2684,"[3.0, 6.0]",0.8,1.2,-0.5,both,same,0.3,0.5,6.0,0.1484,0.0152,0.0433,0.0051,9.74,0.253,False,0.572,0.413
186fb6df2c6d1225,"[3.0, 8.0]",0.8,1.2,-0.5,both,same,0.3,0.5,6.0,0.146,0.0129,0.0375,0.0053,11.31,0.258,False,0.565,0.413
7e8fb111d5a6ea3d,"[3.0, 6.0]",0.8,1.4,-0.5,both,same,0.3,0.5,6.0,0.1618,0.0151,0.0443,0.0046,10.72,0.23,False,0.492,0.342
7882329eefdb9a5d,"[3.0, 8.0]",0.8,1.4,-0.5,both,same,0.3,0.5,6.0,0.1637,0.0172,0.0366,0.0059,9.5,0.293,False,0.486,0.342
4d898fc80ee97a72,"[3.0, 6.0]",0.8,1.2,-0.5,both,same,0.5,0.5,6.0,0.1962,0.0132,0.0385,0.0016,14.87,0.079,False,0.598,0.458
cc8fc244fa6ffe3f,"[3.0, 8.0]",0.8,1.2,-0.5,both,same,0.5,0.5,6.0,0.1984,0.0103,0.0339,0.0015,19.19,0.075,False,0.592,0.458
f81eadd980a65628,"[3.0, 6.0]",0.8,1.4,-0.5,both,same,0.5,0.5,6.0,0.1968,0.0136,0.0432,0.0013,14.45,0.066,False,0.525,0.394
1c4963ee31e9ba44,"[3.0, 8.0]",0.8,1.4,-0.5,both,same,0.5,0.5,6.0,0.2038,0.0146,0.0373,0.0012,14.0,0.061,False,0.521,0.394
30d6ae5739979f7c,"[3.0, 6.0]",0.8,1.2,-0.5,both,same,0.75,0.5,6.0,0.286,0.0156,0.0394,0.0073,18.29,0.164,False,0.556,0.392
6b447800579b83ad,"[3.0, 8.0]",0.8,1.2,-0.5,both,same,0.75,0.5,6.0,0.2894,0.0151,0.0328,0.0099,19.2,0.156,False,0.548,0.392
e534ba7cd2ab0a83,"[3.0, 6.0]",0.8,1.4,-0.5,both,same,0.75,0.5,6.0,0.2881,0.0142,0.0408,0.0046,20.35,0.147,False,0.474,0.32
808e2ab69aefa54d,"[3.0, 8.0]",0.8,1.4,-0.5,both,same,0.75,0.5,6.0,0.2946,0.0188,0.0333,0.01,15.71,0.191,False,0.467,0.32
169b54c5bb7b24a8,"[3.0, 6.0]",0.8,1.2,-0.5,both,same,0.3,0.5,12.0,0.1426,0.0151,0.053,0.0048,9.41,0.24,False,0.568,0.413
5c9945c728189a54,"[3.0, 8.0]",0.8,1.2,-0.5,both,same,0.3,0.5,12.0,0.1397,0.0129,0.0469,0.0053,10.82,0.258,False,0.561,0.413
ed25a0afddcc1801,"[3.0, 6.0]",0.8,1.4,-0.5,both,same,0.3,0.5,12.0,0.153,0.015,0.0486,0.0043,10.2,0.217,False,0.49,0.342
ca30946dcda0fa9b,"[3.0, 8.0]",0.8,1.4,-0.5,both,same,0.3,0.5,12.0,0.155,0.0172,0.0408,0.0057,9.01,0.286,False,0.483,0.342
6d528cc4ed2e009c,"[3.0, 6.0]",0.8,1.2,-0.5,both,same,0.5,0.5,12.0,0.1828,0.0131,0.0525,0.0012,14.01,0.061,False,0.593,0.458
c673883b95668b60,"[3.0, 8.0]",0.8,1.2,-0.5,both,same,0.5,0.5,12.0,0.1851,0.0103,0.0475,0.0014,17.95,0.07,False,0.588,0.458
dafb0d11f9e935c7,"[3.0, 6.0]",0.8,1.4,-0.5,both,same,0.5,0.5,12.0,0.1844,0.0135,0.05,0.0011,13.62,0.054,False,0.522,0.394
5f69d00dc961ccf6,"[3.0, 8.0]",0.8,1.4,-0.5,both,same,0.5,0.5,12.0,0.1914,0.0146,0.0439,0.0012,13.15,0.06,False,0.518,0.394
48f4038c1e4f930e,"[3.0, 6.0]",0.8,1.2,-0.5,both,same,0.75,0.5,12.0,0.2697,0.0155,0.0507,0.0071,17.36,0.173,False,0.552,0.392
3a6e58db5995d9f0,"[3.0, 8.0]",0.8,1.2,-0.5,both,same,0.75,0.5,12.0,0.2732,0.015,0.044,0.0097,18.22,0.165,False,0.544,0.392
b08175d0b23e4ea3,"[3.0, 6.0]",0.8,1.4,-0.5,both,same,0.75,0.5,12.0,0.2797,0.0141,0.0452,0.0045,19.83,0.151,False,0.472,0.32
cd41744aea4adfcf,"[3.0, 8.0]",0.8,1.4,-0.5,both,same,0.75,0.5,12.0,0.2863,0.0187,0.0376,0.0099,15.31,0.196,False,0.465,0.32
a2efc6638827088c,"[3.0, 6.0]",0.8,1.2,-0.5,both,same,0.3,0.7,6.0,0.1376,0.0275,0.0439,0.0077,5.0,0.387,False,0.553,0.413
99007a86b03f152c,"[3.0, 8.0]",0.8,1.2,-0.5,both,same,0.3,0.7,6.0,0.1356,0.0282,0.0388,0.0093,4.81,0.466,False,0.547,0.413
07514f8ca0c431a7,"[3.0, 6.0]",0.8,1.4,-0.5,both,same,0.3,0.7,6.0,0.1426,0.0267,0.0443,0.0057,5.34,0.283,False,0.473,0.342
384229500d0b80c6,"[3.0, 8.0]",0.8,1.4,-0.5,both,same,0.3,0.7,6.0,0.1465,0.0309,0.0374,0.0088,4.74,0.439,False,0.467,0.342
f652125a1be1a4ad,"[3.0, 6.0]",0.8,1.2,-0.5,both,same,0.5,0.7,6.0,0.1841,0.0252,0.0381,0.0048,7.31,0.239,False,0.583,0.458
b29400de5c4f6f58,"[3.0, 8.0]",0.8,1.2,-0.5,both,same,0.5,0.7,6.0,0.1843,0.0258,0.0342,0.006,7.15,0.299,False,0.579,0.458
41b3f7c3999cac5f,"[3.0, 6.0]",0.8,1.4,-0.5,both,same,0.5,0.7,6.0,0.1795,0.0253,0.0425,0.0039,7.1,0.193,False,0.511,0.394
74f912587e0e883e,"[3.0, 8.0]",0.8,1.4,-0.5,both,same,0.5,0.7,6.0,0.1854,0.0291,0.0376,0.0049,6.37,0.246,False,0.507,0.394
95734bda2f5866cf,"[3.0, 6.0]",0.8,1.2,-0.5,both,same,0.75,0.7,6.0,0.2644,0.0254,0.0381,0.0081,10.39,0.289,False,0.534,0.392
16536c900ea313a4,"[3.0, 8.0]",0.8,1.2,-0.5,both,same,0.75,0.7,6.0,0.2667,0.0275,0.0327,0.0116,9.71,0.309,False,0.529,0.392
f7191d4b966a2306,"[3.0, 6.0]",0.8,1.4,-0.5,both,same,0.75,0.7,6.0,0.2646,0.025,0.0395,0.0073,10.6,0.283,False,0.453,0.32
4d7fcc4048e7b1d1,"[3.0, 8.0]",0.8,1.4,-0.5,both,same,0.75,0.7,6.0,0.2667,0.03,0.0335,0.0109,8.9,0.337,False,0.447,0.32
cd603e487d4cc356,"[3.0, 6.0]",0.8,1.2,-0.5,both,same,0.3,0.7,12.0,0.1308,0.0275,0.0528,0.0076,4.76,0.378,False,0.55,0.413
53552e0058be821c,"[3.0, 8.0]",0.8,1.2,-0.5,both,same,0.3,0.7,12.0,0.1289,0.0282,0.0475,0.0093,4.58,0.463,False,0.544,0.413
f9f4be4c140be74c,"[3.0, 6.0]",0.8,1.4,-0.5,both,same,0.3,0.7,12.0,0.1338,0.0266,0.0485,0.0053,5.02,0.267,False,0.471,0.342
7a6256791d7cbc68,"[3.0, 8.0]",0.8,1.4,-0.5,both,same,0.3,0.7,12.0,0.1377,0.0308,0.0417,0.0085,4.46,0.427,False,0.465,0.342
9953724872c6edbf,"[3.0, 6.0]",0.8,1.2,-0.5,both,same,0.5,0.7,12.0,0.1705,0.0245,0.0511,0.0027,6.97,0.133,False,0.579,0.458
6f6b290770f82568,"[3.0, 8.0]",0.8,1.2,-0.5,both,same,0.5,0.7,12.0,0.1705,0.0247,0.0472,0.003,6.91,0.152,False,0.575,0.458
de6771cca91c4051,"[3.0, 6.0]",0.8,1.4,-0.5,both,same,0.5,0.7,12.0,0.1671,0.0247,0.0488,0.0024,6.75,0.118,False,0.508,0.394
b424566b29cad1f8,"[3.0, 8.0]",0.8,1.4,-0.5,both,same,0.5,0.7,12.0,0.1729,0.0282,0.0438,0.0026,6.13,0.129,False,0.504,0.394
ca7d35d8722599d0,"[3.0, 6.0]",0.8,1.2,-0.5,both,same,0.75,0.7,12.0,0.2484,0.0254,0.0489,0.008,9.79,0.306,False,0.531,0.392
4f9db51c7ddfde40,"[3.0, 8.0]",0.8,1.2,-0.5,both,same,0.75,0.7,12.0,0.251,0.0274,0.0434,0.0114,9.16,0.327,False,0.525,0.392
2203686a0489502b,"[3.0, 6.0]",0.8,1.4,-0.5,both,same,0.75,0.7,12.0,0.2563,0.0249,0.0438,0.0071,10.31,0.291,False,0.451,0.32
823c86b41e7e8974,"[3.0, 8.0]",0.8,1.4,-0.5,both,same,0.75,0.7,12.0,0.2584,0.0299,0.0377,0.0106,8.65,0.347,False,0.445,0.32
e29bb6b9ddc581da,"[3.0, 6.0]",0.9,1.2,-0.5,both,same,0.3,0.8,6.0,0.1244,0.0322,0.0439,0.0076,3.87,0.378,False,0.544,0.413
122ecfe0654ad2f7,"[3.0, 8.0]",0.9,1.2,-0.5,both,same,0.3,0.8,6.0,0.1214,0.0339,0.0393,0.0088,3.58,0.442,False,0.539,0.413
cf8fd0adaa8e159d,"[3.0, 6.0]",0.9,1.4,-0.5,both,same,0.3,0.8,6.0,0.1301,0.0301,0.0448,0.0063,4.32,0.315,False,0.465,0.342
aa227d31d13f553e,"[3.0, 8.0]",0.9,1.4,-0.5,both,same,0.3,0.8,6.0,0.1323,0.0338,0.0382,0.0076,3.91,0.382,False,0.459,0.342
5163f5f229d87975,"[3.0, 6.0]",0.9,1.2,-0.5,both,same,0.5,0.8,6.0,0.1742,0.0302,0.0384,0.0065,5.77,0.324,False,0.576,0.458
33e8a959cafe4601,"[3.0, 8.0]",0.9,1.2,-0.5,both,same,0.5,0.8,6.0,0.1736,0.0312,0.035,0.0075,5.56,0.373,False,0.572,0.458
dc98eba377a6368a,"[3.0, 6.0]",0.9,1.4,-0.5,both,same,0.5,0.8,6.0,0.1696,0.027,0.0429,0.0048,6.29,0.242,False,0.505,0.394
746472efa9821cff,"[3.0, 8.0]",0.9,1.4,-0.5,both,same,0.5,0.8,6.0,0.1742,0.0305,0.0381,0.0058,5.72,0.288,False,0.501,0.394
f37a3a4106de0be8,"[3.0, 6.0]",0.9,1.2,-0.5,both,same,0.75,0.8,6.0,0.2497,0.0304,0.0388,0.0102,8.22,0.365,False,0.525,0.392
ba74d2f247c67378,"[3.0, 8.0]",0.9,1.2,-0.5,both,same,0.75,0.8,6.0,0.2506,0.0313,0.0343,0.0092,8.0,0.375,False,0.52,0.392
b3bd7d0cc96d290f,"[3.0, 6.0]",0.9,1.4,-0.5,both,same,0.75,0.8,6.0,0.2545,0.0284,0.0404,0.0122,8.97,0.335,False,0.445,0.32
6cee0a385c17b405,"[3.0, 8.0]",0.9,1.4,-0.5,both,same,0.75,0.8,6.0,0.2528,0.0318,0.035,0.0121,7.94,0.378,False,0.439,0.32
b44be0a6f78f7c60,"[3.0, 6.0]",0.9,1.2,-0.5,both,same,0.3,0.8,12.0,0.1197,0.0323,0.0538,0.0076,3.71,0.381,False,0.541,0.413
297a335e04546c68,"[3.0, 8.0]",0.9,1.2,-0.5,both,same,0.3,0.8,12.0,0.116,0.0341,0.0491,0.0092,3.4,0.461,False,0.536,0.413
501edb8409a59432,"[3.0, 6.0]",0.9,1.4,-0.5,both,same,0.3,0.8,12.0,0.1219,0.0302,0.0491,0.0063,4.04,0.314,False,0.463,0.342
117f69a3ea2cebee,"[3.0, 8.0]",0.9,1.4,-0.5,both,same,0.3,0.8,12.0,0.1241,0.034,0.0427,0.0077,3.65,0.386,False,0.457,0.342
8f5526743f15c262,"[3.0, 6.0]",0.9,1.2,-0.5,both,same,0.5,0.8,12.0,0.1614,0.0289,0.052,0.0026,5.59,0.129,False,0.571,0.458
734020c684edad7f,"[3.0, 8.0]",0.9,1.2,-0.5,both,same,0.5,0.8,12.0,0.1604,0.0298,0.0486,0.0033,5.38,0.164,False,0.568,0.458
6c851c0db3dee62c,"[3.0, 6.0]",0.9,1.4,-0.5,both,same,0.5,0.8,12.0,0.1571,0.026,0.0494,0.0021,6.03,0.107,False,0.501,0.394
69fd547d9ab157fb,"[3.0, 8.0]",0.9,1.4,-0.5,both,same,0.5,0.8,12.0,0.1615,0.0294,0.0446,0.0027,5.49,0.135,False,0.497,0.394
876da603fc350b5e,"[3.0, 6.0]",0.9,1.2,-0.5,both,same,0.75,0.8,12.0,0.2336,0.0303,0.0498,0.01,7.71,0.389,False,0.522,0.392
b89cc243f371da05,"[3.0, 8.0]",0.9,1.2,-0.5,both,same,0.75,0.8,12.0,0.2346,0.0313,0.0453,0.0089,7.5,0.4,False,0.516,0.392
84e569e71d062089,"[3.0, 6.0]",0.9,1.4,-0.5,both,same,0.75,0.8,12.0,0.2461,0.0283,0.0448,0.0118,8.69,0.345,False,0.443,0.32
cae7d1c2a60f6911,"[3.0, 8.0]",0.9,1.4,-0.5,both,same,0.75,0.8,12.0,0.2443,0.0318,0.0393,0.0117,7.69,0.39,False,0.436,0.32
859498a9003261da,"[3.0, 6.0]",0.8,1.2,-1.0,swap,ch23,0.3,0.5,6.0,0.0985,0.0179,0.0257,0.0127,5.51,0.357,False,0.41,0.246
460d22ae5e3d14dd,"[3.0, 8.0]",0.8,1.2,-1.0,swap,ch23,0.3,0.5,6.0,0.0916,0.0171,0.0237,0.0116,5.36,0.342,False,0.4,0.246
c5382551ed2ed43e,"[3.0, 6.0]",0.8,1.4,-1.0,swap,ch23,0.3,0.5,6.0,0.0978,0.0126,0.017,0.0049,7.77,0.246,False,0.312,0.181
d819fbf06dfda1fe,"[3.0, 8.0]",0.8,1.4,-1.0,swap,ch23,0.3,0.5,6.0,0.0966,0.0179,0.0151,0.004,6.41,0.202,False,0.307,0.181
a9cd87dda1804986,"[3.0, 6.0]",0.8,1.2,-1.0,swap,ch23,0.5,0.5,6.0,0.1351,0.0164,0.0316,0.0103,8.23,0.328,False,0.436,0.27
198c174db0f9f43a,"[3.0, 8.0]",0.8,1.2,-1.0,swap,ch23,0.5,0.5,6.0,0.1352,0.0137,0.0307,0.0102,9.84,0.275,False,0.428,0.27
c903c8d048f9596c,"[3.0, 6.0]",0.8,1.4,-1.0,swap,ch23,0.5,0.5,6.0,0.1286,0.0136,0.0247,0.0049,9.45,0.246,False,0.34,0.202
4b632e32da47587e,"[3.0, 8.0]",0.8,1.4,-1.0,swap,ch23,0.5,0.5,6.0,0.1337,0.0166,0.0258,0.004,8.04,0.202,False,0.339,0.202
8eacc3e965293564,"[3.0, 6.0]",0.8,1.2,-1.0,swap,ch23,0.75,0.5,6.0,0.1899,0.0185,0.0253,0.0129,10.26,0.292,False,0.39,0.238
6749e6926f9d7098,"[3.0, 8.0]",0.8,1.2,-1.0,swap,ch23,0.75,0.5,6.0,0.1959,0.0166,0.0263,0.0116,11.79,0.255,False,0.38,0.238
7d75af957d42aa56,"[3.0, 6.0]",0.8,1.4,-1.0,swap,ch23,0.75,0.5,6.0,0.1748,0.0135,0.0189,0.0049,12.98,0.231,False,0.29,0.172
7db3acfaa0f14aad,"[3.0, 8.0]",0.8,1.4,-1.0,swap,ch23,0.75,0.5,6.0,0.1842,0.0161,0.0223,0.004,11.44,0.202,False,0.285,0.172
a2f4adfed8bd929b,"[3.0, 6.0]",0.8,1.2,-1.0,swap,ch23,0.3,0.5,12.0,0.0985,0.0179,0.0259,0.0127,5.51,0.357,False,0.41,0.246
4eecea655f4cdcdd,"[3.0, 8.0]",0.8,1.2,-1.0,swap,ch23,0.3,0.5,12.0,0.0916,0.0171,0.0239,0.0116,5.36,0.342,False,0.4,0.246
21cc9c999bd79050,"[3.0, 6.0]",0.8,1.4,-1.0,swap,ch23,0.3,0.5,12.0,0.0978,0.0126,0.017,0.0049,7.77,0.246,False,0.312,0.181
85775cd49bf80fb6,"[3.0, 8.0]",0.8,1.4,-1.0,swap,ch23,0.3,0.5,12.0,0.0966,0.0179,0.0151,0.004,6.41,0.202,False,0.307,0.181
5afe0709a7c12676,"[3.0, 6.0]",0.8,1.2,-1.0,swap,ch23,0.5,0.5,12.0,0.1346,0.0164,0.0325,0.0103,8.2,0.328,False,0.435,0.27
a51107a39ccb6dd9,"[3.0, 8.0]",0.8,1.2,-1.0,swap,ch23,0.5,0.5,12.0,0.1347,0.0137,0.0316,0.0102,9.81,0.275,False,0.427,0.27
39694dc1518590e7,"[3.0, 6.0]",0.8,1.4,-1.0,swap,ch23,0.5,0.5,12.0,0.1284,0.0136,0.0249,0.0049,9.42,0.246,False,0.34,0.202
b4ccb23e4fea7a88,"[3.0, 8.0]",0.8,1.4,-1.0,swap,ch23,0.5,0.5,12.0,0.1335,0.0166,0.0261,0.004,8.02,0.202,False,0.339,0.202
97d28bc82287f1f6,"[3.0, 6.0]",0.8,1.2,-1.0,swap,ch23,0.75,0.5,12.0,0.1896,0.0185,0.0257,0.0129,10.26,0.292,False,0.39,0.238
c4e3da67d6495b45,"[3.0, 8.0]",0.8,1.2,-1.0,swap,ch23,0.75,0.5,12.0,0.1956,0.0166,0.0266,0.0116,11.79,0.254,False,0.38,0.238
d1ec6d505109d246,"[3.0, 6.0]",0.8,1.4,-1.0,swap,ch23,0.75,0.5,12.0,0.1747,0.0135,0.0191,0.0049,12.97,0.231,False,0.29,0.172
e5382f98b15a4c0c,"[3.0, 8.0]",0.8,1.4,-1.0,swap,ch23,0.75,0.5,12.0,0.184,0.0161,0.0225,0.004,11.43,0.202,False,0.285,0.172
5a3c3ae185503ab7,"[3.0, 6.0]",0.8,1.2,-1.0,swap,ch23,0.3,0.7,6.0,0.0871,0.0346,0.0272,0.0133,3.2,0.545,False,0.389,0.246
69b5153b42fd7afd,"[3.0, 8.0]",0.8,1.2,-1.0,swap,ch23,0.3,0.7,6.0,0.0843,0.0335,0.0256,0.013,3.29,0.513,False,0.38,0.246
f3af76e2ba4c853e,"[3.0, 6.0]",0.8,1.4,-1.0,swap,ch23,0.3,0.7,6.0,0.0842,0.0341,0.0188,0.0054,4.48,0.27,False,0.294,0.181
5c356a0eb2348ff6,"[3.0, 8.0]",0.8,1.4,-1.0,swap,ch23,0.3,0.7,6.0,0.0829,0.0341,0.0168,0.0054,4.94,0.27,False,0.289,0.181
4db0555a4caa740f,"[3.0, 6.0]",0.8,1.2,-1.0,swap,ch23,0.5,0.7,6.0,0.1231,0.0351,0.0332,0.0133,3.71,0.663,False,0.416,0.27
25873450ea312b2e,"[3.0, 8.0]",0.8,1.2,-1.0,swap,ch23,0.5,0.7,6.0,0.1234,0.0329,0.0327,0.013,3.78,0.651,False,0.408,0.27
6decf3d2c8359e87,"[3.0, 6.0]",0.8,1.4,-1.0,swap,ch23,0.5,0.7,6.0,0.1131,0.0351,0.0261,0.0054,4.34,0.27,False,0.323,0.202
bca4366fe270a8a1,"[3.0, 8.0]",0.8,1.4,-1.0,swap,ch23,0.5,0.7,6.0,0.1174,0.0333,0.0275,0.0054,4.27,0.27,False,0.321,0.202
7dc71ea3bd227727,"[3.0, 6.0]",0.8,1.2,-1.0,swap,ch23,0.75,0.7,6.0,0.1716,0.0423,0.0268,0.0133,6.4,0.469,False,0.372,0.238
ac24a17a1ffe8326,"[3.0, 8.0]",0.8,1.2,-1.0,swap,ch23,0.75,0.7,6.0,0.1781,0.0385,0.0282,0.013,6.3,0.476,False,0.364,0.238
63c56e1eee21b045,"[3.0, 6.0]",0.8,1.4,-1.0,swap,ch23,0.75,0.7,6.0,0.1575,0.0335,0.0201,0.0054,7.83,0.27,False,0.274,0.172
25d5907b4bc030ea,"[3.0, 8.0]",0.8,1.4,-1.0,swap,ch23,0.75,0.7,6.0,0.1626,0.0295,0.0236,0.0054,6.89,0.27,False,0.27,0.172
203cc669da02aa78,"[3.0, 6.0]",0.8,1.2,-1.0,swap,ch23,0.3,0.7,12.0,0.0871,0.0346,0.0275,0.0133,3.17,0.549,False,0.389,0.246
c7c794b16f81f19e,"[3.0, 8.0]",0.8,1.2,-1.0,swap,ch23,0.3,0.7,12.0,0.0843,0.0335,0.0259,0.013,3.26,0.517,False,0.38,0.246
6a7a341aa1ae5f1f,"[3.0, 6.0]",0.8,1.4,-1.0,swap,ch23,0.3,0.7,12.0,0.0842,0.0341,0.0188,0.0054,4.48,0.27,False,0.294,0.181
3551922750757da7,"[3.0, 8.0]",0.8,1.4,-1.0,swap,ch23,0.3,0.7,12.0,0.0829,0.0341,0.0168,0.0054,4.94,0.27,False,0.289,0.181
7cf7bd3a63c1555b,"[3.0, 6.0]",0.8,1.2,-1.0,swap,ch23,0.5,0.7,12.0,0.1225,0.0348,0.0342,0.0133,3.59,0.663,False,0.416,0.27
8bd9189e691d556e,"[3.0, 8.0]",0.8,1.2,-1.0,swap,ch23,0.5,0.7,12.0,0.1228,0.0326,0.0337,0.013,3.77,0.651,False,0.408,0.27
00ba3c11002ec43d,"[3.0, 6.0]",0.8,1.4,-1.0,swap,ch23,0.5,0.7,12.0,0.1129,0.0351,0.0264,0.0054,4.27,0.27,False,0.323,0.202
65c9cedfc02f0766,"[3.0, 8.0]",0.8,1.4,-1.0,swap,ch23,0.5,0.7,12.0,0.1172,0.0333,0.0278,0.0054,4.21,0.27,False,0.321,0.202
37a383dca3e88e70,"[3.0, 6.0]",0.8,1.2,-1.0,swap,ch23,0.75,0.7,12.0,0.1713,0.0421,0.0272,0.0133,6.29,0.477,False,0.372,0.238
d7d1e184d0664f58,"[3.0, 8.0]",0.8,1.2,-1.0,swap,ch23,0.75,0.7,12.0,0.1777,0.0383,0.0286,0.013,6.2,0.484,False,0.364,0.238
e9310af9aa40264e,"[3.0, 6.0]",0.8,1.4,-1.0,swap,ch23,0.75,0.7,12.0,0.1574,0.0335,0.0203,0.0054,7.74,0.27,False,0.274,0.172
d35e76f7dc54dc04,"[3.0, 8.0]",0.8,1.4,-1.0,swap,ch23,0.75,0.7,12.0,0.1625,0.0295,0.0238,0.0054,6.83,0.27,False,0.27,0.172
145ac51cdcaccca0,"[3.0, 6.0]",0.9,1.2,-1.0,swap,ch23,0.3,0.8,6.0,0.081,0.0431,0.0276,0.0133,2.94,0.551,False,0.389,0.246
4bc26c44559e1c5c,"[3.0, 8.0]",0.9,1.2,-1.0,swap,ch23,0.3,0.8,6.0,0.0775,0.0397,0.0256,0.013,3.02,0.513,False,0.378,0.246
8b23e3c45f220bb4,"[3.0, 6.0]",0.9,1.4,-1.0,swap,ch23,0.3,0.8,6.0,0.0774,0.0418,0.0191,0.0054,4.05,0.27,False,0.296,0.181
c28dac91f2525779,"[3.0, 8.0]",0.9,1.4,-1.0,swap,ch23,0.3,0.8,6.0,0.0751,0.0376,0.017,0.0054,4.43,0.27,False,0.287,0.181
bf79133d7c7673cc,"[3.0, 6.0]",0.9,1.2,-1.0,swap,ch23,0.5,0.8,6.0,0.1176,0.0432,0.0333,0.0133,3.54,0.663,False,0.419,0.27
45b9e731aa7385a5,"[3.0, 8.0]",0.9,1.2,-1.0,swap,ch23,0.5,0.8,6.0,0.1176,0.0381,0.0328,0.013,3.58,0.651,False,0.408,0.27
2eca44655aba0e10,"[3.0, 6.0]",0.9,1.4,-1.0,swap,ch23,0.5,0.8,6.0,0.1074,0.0428,0.0261,0.0054,4.12,0.27,False,0.327,0.202
92d5636888f18f7d,"[3.0, 8.0]",0.9,1.4,-1.0,swap,ch23,0.5,0.8,6.0,0.1098,0.0376,0.0275,0.0054,3.99,0.27,False,0.321,0.202
25c6da48fc764a39,"[3.0, 6.0]",0.9,1.2,-1.0,swap,ch23,0.75,0.8,6.0,0.1662,0.0509,0.0271,0.0133,6.12,0.49,False,0.373,0.238
a1a0f1097ae1ef12,"[3.0, 8.0]",0.9,1.2,-1.0,swap,ch23,0.75,0.8,6.0,0.1698,0.0445,0.0284,0.013,5.98,0.502,False,0.364,0.238
156a079c965c01e0,"[3.0, 6.0]",0.9,1.4,-1.0,swap,ch23,0.75,0.8,6.0,0.1549,0.0408,0.0202,0.0054,7.67,0.27,False,0.275,0.172
0063c0ee0e88cd77,"[3.0, 8.0]",0.9,1.4,-1.0,swap,ch23,0.75,0.8,6.0,0.1565,0.0354,0.0234,0.0054,6.68,0.27,False,0.27,0.172
ed210cc969740c0c,"[3.0, 6.0]",0.9,1.2,-1.0,swap,ch23,0.3,0.8,12.0,0.081,0.0431,0.0278,0.0133,2.91,0.556,False,0.389,0.246
4fedc0e7a5e0d7af,"[3.0, 8.0]",0.9,1.2,-1.0,swap,ch23,0.3,0.8,12.0,0.0775,0.0397,0.0259,0.013,3.0,0.517,False,0.378,0.246
ab692b5fc4470642,"[3.0, 6.0]",0.9,1.4,-1.0,swap,ch23,0.3,0.8,12.0,0.0774,0.0418,0.0191,0.0054,4.05,0.27,False,0.296,0.181
e18677c62f00e8c9,"[3.0, 8.0]",0.9,1.4,-1.0,swap,ch23,0.3,0.8,12.0,0.0751,0.0376,0.017,0.0054,4.43,0.27,False,0.287,0.181
30a25fe30c03031d,"[3.0, 6.0]",0.9,1.2,-1.0,swap,ch23,0.5,0.8,12.0,0.117,0.0429,0.0343,0.0133,3.41,0.663,False,0.418,0.27
24ca3847be7cc8e9,"[3.0, 8.0]",0.9,1.2,-1.0,swap,ch23,0.5,0.8,12.0,0.1169,0.0377,0.0338,0.013,3.45,0.651,False,0.407,0.27
b8ab3eb8b834c8fc,"[3.0, 6.0]",0.9,1.4,-1.0,swap,ch23,0.5,0.8,12.0,0.1071,0.0427,0.0264,0.0054,4.05,0.27,False,0.326,0.202
da109b50e7b99661,"[3.0, 8.0]",0.9,1.4,-1.0,swap,ch23,0.5,0.8,12.0,0.1096,0.0375,0.0279,0.0054,3.92,0.27,False,0.321,0.202
0248e0d47dd791c2,"[3.0, 6.0]",0.9,1.2,-1.0,swap,ch23,0.75,0.8,12.0,0.1658,0.0507,0.0275,0.0133,6.02,0.498,False,0.373,0.238
9f1aa836f020033f,"[3.0, 8.0]",0.9,1.2,-1.0,swap,ch23,0.75,0.8,12.0,0.1694,0.0443,0.0288,0.013,5.88,0.51,False,0.363,0.238
d10ac3d4ee219aaf,"[3.0, 6.0]",0.9,1.4,-1.0,swap,ch23,0.75,0.8,12.0,0.1547,0.0408,0.0204,0.0054,7.58,0.27,False,0.275,0.172
a42850ea9a717995,"[3.0, 8.0]",0.9,1.4,-1.0,swap,ch23,0.75,0.8,12.0,0.1564,0.0354,0.0236,0.0054,6.61,0.27,False,0.27,0.172
