key,amounts,imbalance,e3_sign,b_mode,c_mode,flip,b_gap,c_delta,rel_A,rel_B,rel_C,pair_min_BC,A_over_minBC,relevance_margin,targets_met,o_value,none_value
06c4259fbafd2a5e,[3.0],0.8,-0.5,ch12,ch23,0.5,0.7,8.0,0.0697,0.0096,0.0288,0.0053,7.24,0.193,False,0.78,0.599
e02f50d97394f90e,[3.0],0.8,-0.5,ch12,ch23,1.0,0.7,8.0,0.1704,0.0221,0.0244,0.0053,7.7,0.265,False,0.677,0.491
d60c3fe5ca6808a9,[3.0],0.8,-0.5,ch12,same,0.5,0.7,8.0,0.0695,0.0086,0.024,0.004,8.05,0.173,False,0.701,0.599
d476d1781e8f24b6,[3.0],0.8,-0.5,ch12,same,1.0,0.7,8.0,0.1601,0.0134,0.0283,0.0045,11.99,0.224,False,0.609,0.491
7d1b8a1843516a43,[3.0],0.8,-0.5,ch12,route,0.5,0.7,8.0,0.066,0.0086,0.0446,0.004,7.71,0.171,False,0.72,0.599
b4a4069024b520b5,[3.0],0.8,-0.5,ch12,route,1.0,0.7,8.0,0.1606,0.0115,0.0414,0.0045,13.96,0.215,False,0.621,0.491
5850bae5bfbdfdee,[3.0],0.8,-0.5,both,ch23,0.5,0.7,8.0,0.0729,0.0125,0.0303,0.0056,5.85,0.249,False,0.737,0.599
65c0c458183a38e9,[3.0],0.8,-0.5,both,ch23,1.0,0.7,8.0,0.161,0.0134,0.0252,0.0065,11.98,0.25,False,0.633,0.491
82e003ec538cc4ba,[3.0],0.8,-0.5,both,same,0.5,0.7,8.0,0.0722,0.0101,0.0224,0.0028,7.17,0.139,False,0.694,0.599
c1837f738beca589,[3.0],0.8,-0.5,both,same,1.0,0.7,8.0,0.1558,0.0114,0.0217,0.0032,13.61,0.162,False,0.6,0.491
65a27feef3c958bf,[3.0],0.8,-0.5,both,route,0.5,0.7,8.0,0.0694,0.0082,0.0341,0.0028,8.49,0.139,False,0.704,0.599
4a01ff36203783d4,[3.0],0.8,-0.5,both,route,1.0,0.7,8.0,0.1565,0.0094,0.0296,0.0032,16.59,0.162,False,0.607,0.491
011fb8a58f7af883,[3.0],0.8,-0.5,swap,ch23,0.5,0.7,8.0,0.0652,0.0208,0.0303,0.0123,3.13,0.416,False,0.74,0.599
81e852e49cfcf87d,[3.0],0.8,-0.5,swap,ch23,1.0,0.7,8.0,0.1663,0.0474,0.0252,0.0123,6.59,0.455,False,0.645,0.491
12c13c38ab5358f2,[3.0],0.8,-0.5,swap,same,0.5,0.7,8.0,0.0668,0.0141,0.0228,0.0055,4.74,0.277,False,0.695,0.599
350b8a735d0ec8f4,[3.0],0.8,-0.5,swap,same,1.0,0.7,8.0,0.1572,0.0225,0.0251,0.0056,6.99,0.281,False,0.604,0.491
2d0a68a973850983,[3.0],0.8,-0.5,swap,route,0.5,0.7,8.0,0.0643,0.0124,0.0344,0.0055,5.16,0.249,False,0.706,0.599
174cfcf0609f87fd,[3.0],0.8,-0.5,swap,route,1.0,0.7,8.0,0.1584,0.0175,0.032,0.0056,9.07,0.281,False,0.609,0.491
8d16b243eb2a116a,[3.0],0.8,-1.0,ch12,ch23,0.5,0.7,8.0,0.0556,0.0061,0.0276,0.0033,9.16,0.121,False,0.618,0.455
93878c56e712a4af,[3.0],0.8,-1.0,ch12,ch23,1.0,0.7,8.0,0.1364,0.0139,0.0226,0.0033,9.83,0.163,False,0.529,0.377
cdda30560b927b37,[3.0],0.8,-1.0,ch12,same,0.5,0.7,8.0,0.0498,0.0052,0.0372,0.0019,9.58,0.093,False,0.537,0.455
907dfb48ee3ba461,[3.0],0.8,-1.0,ch12,same,1.0,0.7,8.0,0.1166,0.0085,0.0341,0.0026,13.65,0.132,False,0.466,0.377
8bb7bef454e91829,[3.0],0.8,-1.0,ch12,route,0.5,0.7,8.0,0.0476,0.0054,0.061,0.0019,8.87,0.093,False,0.56,0.455
1e5faa77cd1633e7,[3.0],0.8,-1.0,ch12,route,1.0,0.7,8.0,0.1214,0.0075,0.0487,0.0026,16.23,0.132,False,0.48,0.377
48683d83251ca71b,[3.0],0.8,-1.0,both,ch23,0.5,0.7,8.0,0.0554,0.0145,0.0296,0.0089,3.83,0.289,False,0.576,0.455
419effab8c130d1f,[3.0],0.8,-1.0,both,ch23,1.0,0.7,8.0,0.1269,0.0138,0.0242,0.0089,9.17,0.277,False,0.492,0.377
7ecf3b83067228e5,[3.0],0.8,-1.0,both,same,0.5,0.7,8.0,0.0505,0.0084,0.0341,0.0012,6.04,0.061,False,0.532,0.455
05bc714061e5f51b,[3.0],0.8,-1.0,both,same,1.0,0.7,8.0,0.1134,0.0091,0.0289,0.0022,12.52,0.11,False,0.46,0.377
46050448d5eee88e,[3.0],0.8,-1.0,both,route,0.5,0.7,8.0,0.0496,0.007,0.0478,0.0012,7.1,0.061,False,0.545,0.455
0010a5676cf12b15,[3.0],0.8,-1.0,both,route,1.0,0.7,8.0,0.1176,0.0077,0.0376,0.0022,15.38,0.11,False,0.469,0.377
d0386e7343791907,[3.0],0.8,-1.0,swap,ch23,0.5,0.7,8.0,0.0498,0.0198,0.0296,0.0124,2.52,0.396,False,0.578,0.455
c1b853c2b9ef3c43,[3.0],0.8,-1.0,swap,ch23,1.0,0.7,8.0,0.1291,0.034,0.0242,0.0124,5.33,0.485,False,0.499,0.377
2e377291b298b004,[3.0],0.8,-1.0,swap,same,0.5,0.7,8.0,0.047,0.0111,0.0343,0.003,4.22,0.15,False,0.532,0.455
20738619b94f00e5,[3.0],0.8,-1.0,swap,same,1.0,0.7,8.0,0.1148,0.0157,0.0309,0.004,7.31,0.202,False,0.463,0.377
3c4d444e733de8cc,[3.0],0.8,-1.0,swap,route,0.5,0.7,8.0,0.045,0.0095,0.0479,0.003,4.74,0.15,False,0.545,0.455
7fffe1de3784565e,[3.0],0.8,-1.0,swap,route,1.0,0.7,8.0,0.1181,0.0124,0.0392,0.004,9.56,0.202,False,0.47,0.377
53c120016e3cf360,[3.0],0.8,0.5,ch12,ch23,0.5,0.7,8.0,0.0875,0.0124,0.0152,0.0016,7.05,0.081,False,0.841,0.713
98a7dc23d08b9311,[3.0],0.8,0.5,ch12,ch23,1.0,0.7,8.0,0.2037,0.0289,0.0143,0.0,14.22,0.001,False,0.75,0.585
4133ebf266f3b766,[3.0],0.8,0.5,ch12,same,0.5,0.7,8.0,0.0941,0.0111,0.0157,0.0022,8.45,0.112,False,0.836,0.713
53bf31cb633b11b0,[3.0],0.8,0.5,ch12,same,1.0,0.7,8.0,0.2101,0.0166,0.0259,0.0072,12.63,0.238,False,0.73,0.585
98b7383ee9959505,[3.0],0.8,0.5,ch12,route,0.5,0.7,8.0,0.0932,0.0113,0.0159,0.0023,8.24,0.114,False,0.837,0.713
4c47604c299c9372,[3.0],0.8,0.5,ch12,route,1.0,0.7,8.0,0.2068,0.0153,0.0223,0.0072,13.52,0.222,False,0.727,0.585
136ddf8e984c8f64,[3.0],0.8,0.5,both,ch23,0.5,0.7,8.0,0.0976,0.0128,0.0151,0.0012,7.61,0.061,False,0.829,0.713
ffe596b684d88e88,[3.0],0.8,0.5,both,ch23,1.0,0.7,8.0,0.1989,0.0136,0.0144,0.0,14.65,0.0,False,0.722,0.585
6f041ae8808c0e85,[3.0],0.8,0.5,both,same,0.5,0.7,8.0,0.1016,0.0108,0.0152,0.0012,9.41,0.058,False,0.827,0.713
18a174a0bb029986,[3.0],0.8,0.5,both,same,1.0,0.7,8.0,0.2049,0.012,0.0181,0.0012,17.07,0.06,False,0.717,0.585
eded51d5abd95d96,[3.0],0.8,0.5,both,route,0.5,0.7,8.0,0.1014,0.0112,0.0152,0.0012,9.08,0.06,False,0.827,0.713
cc3e1d263fdba5a6,[3.0],0.8,0.5,both,route,1.0,0.7,8.0,0.2027,0.0124,0.0166,0.0004,16.4,0.018,False,0.716,0.585
a2d77e0c339515b3,[3.0],0.8,0.5,swap,ch23,0.5,0.7,8.0,0.0938,0.0246,0.0151,0.0015,6.2,0.075,False,0.833,0.713
b383f0dd69a2dec5,[3.0],0.8,0.5,swap,ch23,1.0,0.7,8.0,0.2049,0.0606,0.0144,0.0,14.27,0.0,False,0.738,0.585
bc12b651bf16ec5e,[3.0],0.8,0.5,swap,same,0.5,0.7,8.0,0.0967,0.0183,0.0155,0.0015,6.23,0.073,False,0.829,0.713
281ebf62e4b769aa,[3.0],0.8,0.5,swap,same,1.0,0.7,8.0,0.2068,0.0285,0.0227,0.0006,9.11,0.029,False,0.723,0.585
2c33783f6aa105f7,[3.0],0.8,0.5,swap,route,0.5,0.7,8.0,0.0961,0.0191,0.0158,0.0015,6.1,0.074,False,0.83,0.713
ad82ee5b977e816c,[3.0],0.8,0.5,swap,route,1.0,0.7,8.0,0.2042,0.0252,0.0202,0.0001,10.09,0.007,False,0.72,0.585
22d17f479f0a9d6b,[3.0],1.2,-0.5,ch12,ch23,0.5,0.7,8.0,0.1305,0.0071,0.0304,0.0026,18.3,0.128,False,0.634,0.458
5ca493e996271e6a,[3.0],1.2,-0.5,ch12,ch23,1.0,0.7,8.0,0.2305,0.0196,0.0237,0.0026,11.74,0.128,False,0.452,0.294
55b006b9a8e8ed46,[3.0],1.2,-0.5,ch12,same,0.5,0.7,8.0,0.1183,0.0065,0.0433,0.0022,18.25,0.108,False,0.562,0.458
d080bab8e1fa3668,[3.0],1.2,-0.5,ch12,same,1.0,0.7,8.0,0.2048,0.0094,0.0398,0.0022,21.76,0.108,False,0.407,0.294
6e0a84290cd9021a,[3.0],1.2,-0.5,ch12,route,0.5,0.7,8.0,0.1185,0.0066,0.0585,0.0022,17.98,0.108,False,0.576,0.458
96a7d43dcb98e217,[3.0],1.2,-0.5,ch12,route,1.0,0.7,8.0,0.2021,0.0099,0.0421,0.0022,20.35,0.108,False,0.41,0.294
1af9792d796fa8ca,[3.0],1.2,-0.5,both,ch23,0.5,0.7,8.0,0.1257,0.0127,0.0322,0.0054,9.87,0.255,False,0.594,0.458
2eb58a48f389ce3e,[3.0],1.2,-0.5,both,ch23,1.0,0.7,8.0,0.2098,0.012,0.025,0.0054,17.47,0.172,False,0.418,0.294
93bdb5d0ce813a23,[3.0],1.2,-0.5,both,same,0.5,0.7,8.0,0.1192,0.0092,0.0388,0.0018,12.97,0.092,False,0.555,0.458
1c193610a6679298,[3.0],1.2,-0.5,both,same,1.0,0.7,8.0,0.1973,0.0088,0.0319,0.0024,22.5,0.122,False,0.399,0.294
7bf1f73f167fdb46,[3.0],1.2,-0.5,both,route,0.5,0.7,8.0,0.1191,0.0076,0.0473,0.0018,15.64,0.092,False,0.563,0.458
45c7baad36f5043f,[3.0],1.2,-0.5,both,route,1.0,0.7,8.0,0.1966,0.0078,0.0329,0.0024,25.11,0.119,False,0.401,0.294
b7bd28194b8ed8bc,[3.0],1.2,-0.5,swap,ch23,0.5,0.7,8.0,0.1212,0.0188,0.0322,0.0095,6.45,0.376,False,0.596,0.458
9ad92844c4e449e9,[3.0],1.2,-0.5,swap,ch23,1.0,0.7,8.0,0.2182,0.0438,0.025,0.0095,8.74,0.343,False,0.431,0.294
5ca00b47f5df0721,[3.0],1.2,-0.5,swap,same,0.5,0.7,8.0,0.1157,0.0119,0.039,0.0036,9.71,0.178,False,0.556,0.458
4792c4255c8043da,[3.0],1.2,-0.5,swap,same,1.0,0.7,8.0,0.1999,0.0168,0.035,0.003,11.89,0.15,False,0.402,0.294
970f9123f7f3472a,[3.0],1.2,-0.5,swap,route,0.5,0.7,8.0,0.1154,0.0106,0.0474,0.0036,10.92,0.178,False,0.564,0.458
31ed7dfe2f241e05,[3.0],1.2,-0.5,swap,route,1.0,0.7,8.0,0.1985,0.0165,0.0364,0.003,12.06,0.15,False,0.404,0.294
bda34d4acb205386,[3.0],1.2,-1.0,ch12,ch23,0.5,0.7,8.0,0.086,0.0047,0.0213,0.0014,18.2,0.072,False,0.401,0.27
006b938875d91222,[3.0],1.2,-1.0,ch12,ch23,1.0,0.7,8.0,0.1538,0.0112,0.0124,0.002,13.79,0.102,False,0.286,0.186
bb57ded8ee3a0654,[3.0],1.2,-1.0,ch12,same,0.5,0.7,8.0,0.0733,0.0041,0.0332,0.0002,17.87,0.008,False,0.34,0.27
9e98732d993c0c7b,[3.0],1.2,-1.0,ch12,same,1.0,0.7,8.0,0.1305,0.0056,0.0199,0.0012,23.33,0.06,False,0.253,0.186
c28c25d387b2f5cc,[3.0],1.2,-1.0,ch12,route,0.5,0.7,8.0,0.0722,0.0039,0.0468,0.0002,18.71,0.008,False,0.353,0.27
0b36b2cbfb92bb4d,[3.0],1.2,-1.0,ch12,route,1.0,0.7,8.0,0.1301,0.0062,0.0275,0.0012,21.03,0.06,False,0.26,0.186
dffe4e94ee04c327,[3.0],1.2,-1.0,both,ch23,0.5,0.7,8.0,0.0791,0.011,0.0231,0.0049,7.19,0.22,False,0.368,0.27
f5c1d21603921c00,[3.0],1.2,-1.0,both,ch23,1.0,0.7,8.0,0.14,0.0089,0.0136,0.0049,15.7,0.178,False,0.266,0.186
1f51a3872a49faec,[3.0],1.2,-1.0,both,same,0.5,0.7,8.0,0.0712,0.0068,0.0292,0.0002,10.41,0.008,False,0.335,0.27
612bf64b27d2bace,[3.0],1.2,-1.0,both,same,1.0,0.7,8.0,0.127,0.0061,0.017,0.001,20.83,0.049,False,0.25,0.186
8b652a1a48139399,[3.0],1.2,-1.0,both,route,0.5,0.7,8.0,0.0708,0.0051,0.0366,0.0002,13.83,0.008,False,0.342,0.27
98291028ab797c19,[3.0],1.2,-1.0,both,route,1.0,0.7,8.0,0.1261,0.0049,0.0209,0.001,25.93,0.049,False,0.253,0.186
4d2052015c2b5e48,[3.0],1.2,-1.0,swap,ch23,0.5,0.7,8.0,0.0775,0.0148,0.0231,0.0077,5.24,0.296,False,0.369,0.27
d28c375e5f9fa28b,[3.0],1.2,-1.0,swap,ch23,1.0,0.7,8.0,0.1435,0.0216,0.0136,0.0077,10.57,0.272,False,0.269,0.186
40c34b7ac7c0566f,[3.0],1.2,-1.0,swap,same,0.5,0.7,8.0,0.0709,0.0087,0.0295,0.0004,8.15,0.02,False,0.336,0.27
c5efc86dbcf82417,[3.0],1.2,-1.0,swap,same,1.0,0.7,8.0,0.1283,0.0092,0.018,0.0012,13.98,0.06,False,0.251,0.186
9cd44606b06e70b0,[3.0],1.2,-1.0,swap,route,0.5,0.7,8.0,0.0704,0.0061,0.0366,0.0004,11.59,0.02,False,0.343,0.27
3780814fc8cfa245,[3.0],1.2,-1.0,swap,route,1.0,0.7,8.0,0.1269,0.0088,0.0221,0.0012,14.36,0.06,False,0.254,0.186
8d86dc4569367986,[3.0],1.2,0.5,ch12,ch23,0.5,0.7,8.0,0.1698,0.0103,0.0164,0.0016,16.55,0.079,False,0.747,0.614
76e0b79cc3397801,[3.0],1.2,0.5,ch12,ch23,1.0,0.7,8.0,0.3015,0.0292,0.0155,0.0,19.41,0.0,False,0.563,0.394
4b0f1845bae94d1e,[3.0],1.2,0.5,ch12,same,0.5,0.7,8.0,0.1732,0.009,0.0169,0.0022,19.27,0.112,False,0.742,0.614
9dd2ae4dcb9e121d,[3.0],1.2,0.5,ch12,same,1.0,0.7,8.0,0.2887,0.0119,0.0273,0.0036,24.28,0.124,False,0.539,0.394
2bc2d902869a76a3,[3.0],1.2,0.5,ch12,route,0.5,0.7,8.0,0.1731,0.0092,0.0171,0.0022,18.89,0.112,False,0.743,0.614
1feadaef843b0689,[3.0],1.2,0.5,ch12,route,1.0,0.7,8.0,0.287,0.0143,0.0263,0.0036,20.09,0.149,False,0.538,0.394
66c6ae8ba13f9e53,[3.0],1.2,0.5,both,ch23,0.5,0.7,8.0,0.1756,0.0102,0.0164,0.0012,17.26,0.061,False,0.735,0.614
6dab4def343b742c,[3.0],1.2,0.5,both,ch23,1.0,0.7,8.0,0.2831,0.0102,0.0156,0.0,27.63,0.0,False,0.533,0.394
d9164d7a9d132f7b,[3.0],1.2,0.5,both,same,0.5,0.7,8.0,0.1772,0.0098,0.0165,0.0012,18.14,0.058,False,0.734,0.614
adba5094be288b41,[3.0],1.2,0.5,both,same,1.0,0.7,8.0,0.2793,0.0092,0.0197,0.0012,30.22,0.062,False,0.528,0.394
f299fef4dc4bd1f6,[3.0],1.2,0.5,both,route,0.5,0.7,8.0,0.1772,0.0097,0.0165,0.0012,18.31,0.06,False,0.734,0.614
22e7d0ed7ec519cd,[3.0],1.2,0.5,both,route,1.0,0.7,8.0,0.2783,0.0093,0.0182,0.0008,29.96,0.041,False,0.527,0.394
a4aaa9176e420e01,[3.0],1.2,0.5,swap,ch23,0.5,0.7,8.0,0.1694,0.0204,0.0164,0.0015,10.33,0.075,False,0.739,0.614
47519418b80bc1ec,[3.0],1.2,0.5,swap,ch23,1.0,0.7,8.0,0.2913,0.0611,0.0156,0.0,18.64,0.0,False,0.552,0.394
908d5a366c886d2a,[3.0],1.2,0.5,swap,same,0.5,0.7,8.0,0.1712,0.0157,0.0168,0.0015,10.91,0.073,False,0.735,0.614
eac8e04fcb3a8ddd,[3.0],1.2,0.5,swap,same,1.0,0.7,8.0,0.2816,0.0223,0.0238,0.001,12.6,0.052,False,0.533,0.394
48c51334a0a51a82,[3.0],1.2,0.5,swap,route,0.5,0.7,8.0,0.1712,0.016,0.017,0.0015,10.68,0.074,False,0.736,0.614
d60ab73d70c45dfe,[3.0],1.2,0.5,swap,route,1.0,0.7,8.0,0.2804,0.0248,0.0242,0.0006,11.6,0.029,False,0.533,0.394
8fdc1e770d91a8ce,[6.0],0.8,-0.5,ch12,ch23,0.5,0.7,8.0,0.0962,0.0055,0.0189,0.0004,17.6,0.02,False,0.742,0.599
0984f3dfbfd9b21d,[6.0],0.8,-0.5,ch12,ch23,1.0,0.7,8.0,0.2346,0.017,0.0186,0.006,13.77,0.218,False,0.646,0.491
55dac47237ec0d66,[6.0],0.8,-0.5,ch12,same,0.5,0.7,8.0,0.0931,0.0053,0.027,0.0001,17.56,0.004,False,0.689,0.599
a89b200162c7e303,[6.0],0.8,-0.5,ch12,same,1.0,0.7,8.0,0.2233,0.0118,0.0342,0.0059,18.87,0.159,False,0.606,0.491
d234964a81c3ab4e,[6.0],0.8,-0.5,ch12,route,0.5,0.7,8.0,0.0942,0.0053,0.0366,0.0001,17.85,0.004,False,0.697,0.599
07066c216b2f27cf,[6.0],0.8,-0.5,ch12,route,1.0,0.7,8.0,0.2249,0.0107,0.0354,0.0059,21.1,0.142,False,0.606,0.491
689904d68e3f3e2d,[6.0],0.8,-0.5,both,ch23,0.5,0.7,8.0,0.0965,0.0097,0.0211,0.0018,9.97,0.092,False,0.715,0.599
625c7a8cbfce7f67,[6.0],0.8,-0.5,both,ch23,1.0,0.7,8.0,0.2296,0.0145,0.0192,0.0091,15.87,0.189,False,0.618,0.491
de2bc10fb23ce97a,[6.0],0.8,-0.5,both,same,0.5,0.7,8.0,0.0935,0.0082,0.0241,0.0001,11.39,0.007,False,0.683,0.599
38a9189f0596fece,[6.0],0.8,-0.5,both,same,1.0,0.7,8.0,0.2205,0.0128,0.0265,0.0065,17.28,0.174,False,0.597,0.491
d451f1f34d99663b,[6.0],0.8,-0.5,both,route,0.5,0.7,8.0,0.0934,0.0063,0.0296,0.0001,14.74,0.007,False,0.687,0.599
15de0cc234a38c11,[6.0],0.8,-0.5,both,route,1.0,0.7,8.0,0.2222,0.0113,0.0277,0.0065,19.63,0.153,False,0.597,0.491
1cae3e8ea57c4be1,[6.0],0.8,-0.5,swap,ch23,0.5,0.7,8.0,0.0948,0.0109,0.0211,0.0035,8.66,0.176,False,0.715,0.599
f6f26d30143b1fd6,[6.0],0.8,-0.5,swap,ch23,1.0,0.7,8.0,0.2322,0.0363,0.0192,0.01,12.09,0.248,False,0.626,0.491
a5716f27ec381141,[6.0],0.8,-0.5,swap,same,0.5,0.7,8.0,0.0926,0.0088,0.0241,0.0001,10.49,0.007,False,0.683,0.599
fa98ddac4d542ed4,[6.0],0.8,-0.5,swap,same,1.0,0.7,8.0,0.2223,0.0211,0.0283,0.007,10.54,0.285,False,0.6,0.491
2b63156d938df9eb,[6.0],0.8,-0.5,swap,route,0.5,0.7,8.0,0.0932,0.0067,0.0296,0.0001,13.95,0.007,False,0.687,0.599
0ab38d5bc9aa26f1,[6.0],0.8,-0.5,swap,route,1.0,0.7,8.0,0.2225,0.015,0.0284,0.007,14.8,0.203,False,0.599,0.491
ea9aa06a2d71cf05,[6.0],0.8,-1.0,ch12,ch23,0.5,0.7,8.0,0.0798,0.0038,0.0262,0.0004,20.86,0.018,False,0.622,0.455
e78ee61421fa4bba,[6.0],0.8,-1.0,ch12,ch23,1.0,0.7,8.0,0.2034,0.0118,0.0237,0.0044,17.22,0.174,False,0.525,0.377
fab99411cd3ae575,[6.0],0.8,-1.0,ch12,same,0.5,0.7,8.0,0.0717,0.0038,0.0508,0.0001,19.06,0.004,False,0.542,0.455
497a9a49b8526870,[6.0],0.8,-1.0,ch12,same,1.0,0.7,8.0,0.1776,0.0086,0.0442,0.0044,20.56,0.146,False,0.476,0.377
4188d955547f0197,[6.0],0.8,-1.0,ch12,route,0.5,0.7,8.0,0.0722,0.0037,0.067,0.0001,19.58,0.004,False,0.557,0.455
888706f436198445,[6.0],0.8,-1.0,ch12,route,1.0,0.7,8.0,0.1751,0.0068,0.0481,0.0044,25.58,0.117,False,0.48,0.377
02474e9ff37f3838,[6.0],0.8,-1.0,both,ch23,0.5,0.7,8.0,0.0766,0.0188,0.0284,0.0137,4.08,0.375,False,0.577,0.455
83db8d92836a05a2,[6.0],0.8,-1.0,both,ch23,1.0,0.7,8.0,0.188,0.0159,0.0248,0.0115,11.83,0.254,False,0.493,0.377
14cdba0544756294,[6.0],0.8,-1.0,both,same,0.5,0.7,8.0,0.0712,0.012,0.0412,0.0001,5.92,0.007,False,0.532,0.455
197a12dcc8242177,[6.0],0.8,-1.0,both,same,1.0,0.7,8.0,0.1708,0.0115,0.0348,0.0045,14.89,0.201,False,0.467,0.377
e4d2004550283453,[6.0],0.8,-1.0,both,route,0.5,0.7,8.0,0.0707,0.0109,0.0509,0.0001,6.49,0.007,False,0.541,0.455
88ea9bc4013a4b2d,[6.0],0.8,-1.0,both,route,1.0,0.7,8.0,0.171,0.011,0.0381,0.0045,15.54,0.193,False,0.47,0.377
d7f250cd5821cb66,[6.0],0.8,-1.0,swap,ch23,0.5,0.7,8.0,0.0756,0.0199,0.0284,0.0152,3.79,0.399,False,0.577,0.455
3078eba9853e69a3,[6.0],0.8,-1.0,swap,ch23,1.0,0.7,8.0,0.1911,0.029,0.0248,0.0163,7.72,0.389,False,0.497,0.377
42ad24c1b24d2311,[6.0],0.8,-1.0,swap,same,0.5,0.7,8.0,0.0711,0.0126,0.0414,0.0001,5.65,0.007,False,0.532,0.455
208731ab4df97c97,[6.0],0.8,-1.0,swap,same,1.0,0.7,8.0,0.1724,0.0173,0.0363,0.0051,9.98,0.255,False,0.469,0.377
b7480bfd6a87460d,[6.0],0.8,-1.0,swap,route,0.5,0.7,8.0,0.0706,0.0114,0.0509,0.0001,6.21,0.007,False,0.541,0.455
3ff5eaab30875c8e,[6.0],0.8,-1.0,swap,route,1.0,0.7,8.0,0.1713,0.0126,0.0382,0.0051,13.64,0.22,False,0.471,0.377
0fe5bd0a2f95ed75,[6.0],0.8,0.5,ch12,ch23,0.5,0.7,8.0,0.1141,0.008,0.0164,0.0001,14.28,0.007,False,0.823,0.713
fb77f56440c39d7f,[6.0],0.8,0.5,ch12,ch23,1.0,0.7,8.0,0.2785,0.0278,0.0163,0.0,17.06,0.0,False,0.741,0.585
6fc2d85fb38ff1f2,[6.0],0.8,0.5,ch12,same,0.5,0.7,8.0,0.1191,0.0078,0.0171,0.0002,15.37,0.011,False,0.82,0.713
fe859f7917a4beec,[6.0],0.8,0.5,ch12,same,1.0,0.7,8.0,0.2855,0.0166,0.0315,0.0067,17.17,0.175,False,0.721,0.585
46694fda53ea55cc,[6.0],0.8,0.5,ch12,route,0.5,0.7,8.0,0.1189,0.0078,0.0172,0.0002,15.23,0.011,False,0.82,0.713
9318a661107db901,[6.0],0.8,0.5,ch12,route,1.0,0.7,8.0,0.2887,0.0143,0.0277,0.0067,20.18,0.149,False,0.719,0.585
0c08fe746ca324cb,[6.0],0.8,0.5,both,ch23,0.5,0.7,8.0,0.116,0.0095,0.0165,0.0001,12.21,0.007,False,0.815,0.713
58a892948e8915e9,[6.0],0.8,0.5,both,ch23,1.0,0.7,8.0,0.2759,0.0153,0.0164,0.0,18.03,0.0,False,0.718,0.585
ca6ad24b327de2e1,[6.0],0.8,0.5,both,same,0.5,0.7,8.0,0.1185,0.0084,0.0168,0.0002,14.11,0.008,False,0.814,0.713
3c6db8db7dfa92c5,[6.0],0.8,0.5,both,same,1.0,0.7,8.0,0.2813,0.0145,0.023,0.0021,19.36,0.105,False,0.71,0.585
47a9b3928fc601e5,[6.0],0.8,0.5,both,route,0.5,0.7,8.0,0.1187,0.0088,0.0168,0.0002,13.51,0.008,False,0.814,0.713
00ecb9965702f019,[6.0],0.8,0.5,both,route,1.0,0.7,8.0,0.2839,0.0144,0.0215,0.0017,19.68,0.087,False,0.71,0.585
c305c9337e6e6285,[6.0],0.8,0.5,swap,ch23,0.5,0.7,8.0,0.1153,0.0112,0.0165,0.0001,10.32,0.004,False,0.816,0.713
6b68eaf1181d676b,[6.0],0.8,0.5,swap,ch23,1.0,0.7,8.0,0.2811,0.0524,0.0164,0.0,17.17,0.0,False,0.729,0.585
0f7a785cde8a4a8e,[6.0],0.8,0.5,swap,same,0.5,0.7,8.0,0.1182,0.0091,0.0168,0.0001,12.94,0.004,False,0.814,0.713
b817b504ba4c3f8c,[6.0],0.8,0.5,swap,same,1.0,0.7,8.0,0.2842,0.0273,0.0259,0.002,10.97,0.1,False,0.715,0.585
866f7df2051fee3a,[6.0],0.8,0.5,swap,route,0.5,0.7,8.0,0.1176,0.0095,0.0169,0.0001,12.43,0.007,False,0.814,0.713
03959ddae19a57d4,[6.0],0.8,0.5,swap,route,1.0,0.7,8.0,0.2848,0.0218,0.0233,0.0014,13.05,0.071,False,0.712,0.585
b6d23de3b36a6b18,[6.0],1.2,-0.5,ch12,ch23,0.5,0.7,8.0,0.1667,0.012,0.0237,0.0004,13.85,0.019,False,0.62,0.458
33f80208f6fa04f4,[6.0],1.2,-0.5,ch12,ch23,1.0,0.7,8.0,0.3243,0.0269,0.0214,0.018,15.12,0.198,False,0.452,0.294
5cd9f838134a8f64,[6.0],1.2,-0.5,ch12,same,0.5,0.7,8.0,0.1566,0.0119,0.0453,0.0001,13.11,0.004,False,0.562,0.458
f76a2c5eda91f424,[6.0],1.2,-0.5,ch12,same,1.0,0.7,8.0,0.2927,0.0232,0.0382,0.0196,12.62,0.238,False,0.419,0.294
813ee59ea7cb10c3,[6.0],1.2,-0.5,ch12,route,0.5,0.7,8.0,0.158,0.0119,0.0521,0.0001,13.31,0.004,False,0.568,0.458
41c973eae274f44b,[6.0],1.2,-0.5,ch12,route,1.0,0.7,8.0,0.2882,0.0231,0.0355,0.0196,12.47,0.241,False,0.416,0.294
0a7992d30c1a21ac,[6.0],1.2,-0.5,both,ch23,0.5,0.7,8.0,0.1626,0.017,0.0256,0.0023,9.59,0.113,False,0.586,0.458
7e22669a4eae0232,[6.0],1.2,-0.5,both,ch23,1.0,0.7,8.0,0.3035,0.0266,0.0215,0.018,14.13,0.212,False,0.427,0.294
adf22bc1736f6767,[6.0],1.2,-0.5,both,same,0.5,0.7,8.0,0.1563,0.0159,0.0374,0.0002,9.84,0.008,False,0.554,0.458
d42f507eb502e79d,[6.0],1.2,-0.5,both,same,1.0,0.7,8.0,0.2858,0.0234,0.03,0.0197,12.23,0.245,False,0.411,0.294
4ac3ae7aaa1dec21,[6.0],1.2,-0.5,both,route,0.5,0.7,8.0,0.1561,0.0127,0.0412,0.0002,12.3,0.008,False,0.557,0.458
2fddf8c24d5b6309,[6.0],1.2,-0.5,both,route,1.0,0.7,8.0,0.2821,0.023,0.0287,0.0197,12.25,0.245,False,0.41,0.294
f7a1154df566cb86,[6.0],1.2,-0.5,swap,ch23,0.5,0.7,8.0,0.1614,0.018,0.0256,0.004,8.96,0.2,False,0.586,0.458
a0c8a901e2aee83a,[6.0],1.2,-0.5,swap,ch23,1.0,0.7,8.0,0.3099,0.0425,0.0215,0.0181,14.43,0.208,False,0.433,0.294
3c2b0826edc437bc,[6.0],1.2,-0.5,swap,same,0.5,0.7,8.0,0.1559,0.0164,0.0375,0.0002,9.51,0.01,False,0.554,0.458
b0812ccbcdb81ddd,[6.0],1.2,-0.5,swap,same,1.0,0.7,8.0,0.2876,0.0281,0.0314,0.0198,10.25,0.293,False,0.413,0.294
3c35aea47c086610,[6.0],1.2,-0.5,swap,route,0.5,0.7,8.0,0.1562,0.0128,0.0412,0.0002,12.19,0.01,False,0.557,0.458
717677eceb7b7a87,[6.0],1.2,-0.5,swap,route,1.0,0.7,8.0,0.2838,0.0265,0.03,0.0198,10.7,0.28,False,0.411,0.294
2b3d968afa6b807b,[6.0],1.2,-1.0,ch12,ch23,0.5,0.7,8.0,0.1199,0.0059,0.0207,0.0,20.39,0.0,False,0.424,0.27
614201978fb60ae5,[6.0],1.2,-1.0,ch12,ch23,1.0,0.7,8.0,0.2114,0.0119,0.0107,0.0005,19.68,0.023,False,0.286,0.186
644f48af805173bb,[6.0],1.2,-1.0,ch12,same,0.5,0.7,8.0,0.1027,0.0059,0.0407,0.0,17.47,0.0,False,0.347,0.27
47ddf220e94b77af,[6.0],1.2,-1.0,ch12,same,1.0,0.7,8.0,0.1805,0.0116,0.0195,0.01,15.57,0.193,False,0.259,0.186
b25a2341724d034c,[6.0],1.2,-1.0,ch12,route,0.5,0.7,8.0,0.0976,0.0059,0.0514,0.0,16.59,0.0,False,0.357,0.27
5ad55efb358b5aa8,[6.0],1.2,-1.0,ch12,route,1.0,0.7,8.0,0.1783,0.0113,0.0214,0.01,15.76,0.19,False,0.261,0.186
ae6c03eec17270ef,[6.0],1.2,-1.0,both,ch23,0.5,0.7,8.0,0.1089,0.0242,0.0219,0.0005,4.98,0.023,False,0.38,0.27
6b0fc4f6458454d7,[6.0],1.2,-1.0,both,ch23,1.0,0.7,8.0,0.1908,0.0182,0.0108,0.0005,17.67,0.023,False,0.269,0.186
c5cfa78c4aa01061,[6.0],1.2,-1.0,both,same,0.5,0.7,8.0,0.0985,0.0122,0.0328,0.0,8.05,0.001,False,0.339,0.27
b48098236da49a20,[6.0],1.2,-1.0,both,same,1.0,0.7,8.0,0.1737,0.0142,0.0154,0.0022,12.24,0.112,False,0.255,0.186
eff284d34e916d12,[6.0],1.2,-1.0,both,route,0.5,0.7,8.0,0.0957,0.0094,0.038,0.0,10.14,0.001,False,0.344,0.27
40860204050590e6,[6.0],1.2,-1.0,both,route,1.0,0.7,8.0,0.1738,0.0125,0.0163,0.0019,13.92,0.096,False,0.256,0.186
270b427b4a4bf431,[6.0],1.2,-1.0,swap,ch23,0.5,0.7,8.0,0.1088,0.0244,0.0219,0.0007,4.97,0.033,False,0.38,0.27
8aaabebcd62bca8e,[6.0],1.2,-1.0,swap,ch23,1.0,0.7,8.0,0.1949,0.0191,0.0108,0.0007,18.05,0.033,False,0.269,0.186
700aa64f350fecc4,[6.0],1.2,-1.0,swap,same,0.5,0.7,8.0,0.0984,0.0123,0.0327,0.0,8.01,0.001,False,0.339,0.27
cc2fb8b80348cc4e,[6.0],1.2,-1.0,swap,same,1.0,0.7,8.0,0.1755,0.0146,0.0155,0.0018,12.02,0.091,False,0.255,0.186
a4aef9ba556ab63b,[6.0],1.2,-1.0,swap,route,0.5,0.7,8.0,0.0957,0.0095,0.038,0.0,10.1,0.001,False,0.344,0.27
0a9fbedd4deb92a7,[6.0],1.2,-1.0,swap,route,1.0,0.7,8.0,0.174,0.0125,0.0163,0.0015,13.88,0.075,False,0.256,0.186
41523e36018172f4,[6.0],1.2,0.5,ch12,ch23,0.5,0.7,8.0,0.2144,0.0162,0.0236,0.0001,13.23,0.006,False,0.742,0.614
0c231d1a28d041d6,[6.0],1.2,0.5,ch12,ch23,1.0,0.7,8.0,0.4067,0.0434,0.0235,0.0,17.32,0.0,False,0.592,0.394
e08ed31ce9114fc1,[6.0],1.2,0.5,ch12,same,0.5,0.7,8.0,0.2181,0.016,0.0242,0.0002,13.66,0.011,False,0.739,0.614
a555ac0cadb5f30b,[6.0],1.2,0.5,ch12,same,1.0,0.7,8.0,0.3957,0.0321,0.0408,0.0269,12.32,0.243,False,0.558,0.394
f3266cecd745e550,[6.0],1.2,0.5,ch12,route,0.5,0.7,8.0,0.2195,0.016,0.0243,0.0002,13.7,0.011,False,0.739,0.614
0471219b3043b5f2,[6.0],1.2,0.5,ch12,route,1.0,0.7,8.0,0.3911,0.0337,0.0371,0.02,11.59,0.259,False,0.555,0.394
51304fdbad408987,[6.0],1.2,0.5,both,ch23,0.5,0.7,8.0,0.217,0.0171,0.0236,0.0001,12.68,0.006,False,0.735,0.614
12de28bb37ad48d1,[6.0],1.2,0.5,both,ch23,1.0,0.7,8.0,0.3915,0.0362,0.0235,0.0,16.65,0.0,False,0.561,0.394
ee37d6b54d6e820e,[6.0],1.2,0.5,both,same,0.5,0.7,8.0,0.2183,0.0164,0.0239,0.0003,13.3,0.014,False,0.734,0.614
1c3104ba75c0c85e,[6.0],1.2,0.5,both,same,1.0,0.7,8.0,0.3888,0.0314,0.0315,0.004,12.36,0.201,False,0.548,0.394
8d5662fa8522164a,[6.0],1.2,0.5,both,route,0.5,0.7,8.0,0.2191,0.0167,0.0239,0.0003,13.15,0.014,False,0.734,0.614
8ff05aad445e8e51,[6.0],1.2,0.5,both,route,1.0,0.7,8.0,0.3853,0.0313,0.0293,0.0031,13.16,0.153,False,0.547,0.394
9be26a93c71da911,[6.0],1.2,0.5,swap,ch23,0.5,0.7,8.0,0.2149,0.0186,0.0236,0.0001,11.58,0.004,False,0.736,0.614
185ddb0a8f7846d6,[6.0],1.2,0.5,swap,ch23,1.0,0.7,8.0,0.3986,0.0769,0.0235,0.0,16.95,0.0,False,0.576,0.394
e2652a93c25813db,[6.0],1.2,0.5,swap,same,0.5,0.7,8.0,0.2175,0.0169,0.0239,0.0001,12.86,0.004,False,0.734,0.614
84d35456d0c18d89,[6.0],1.2,0.5,swap,same,1.0,0.7,8.0,0.3909,0.0421,0.0348,0.0037,11.24,0.185,False,0.552,0.394
b22a5cbd6f86f144,[6.0],1.2,0.5,swap,route,0.5,0.7,8.0,0.2183,0.0171,0.024,0.0001,12.77,0.007,False,0.734,0.614
9176450da8c5a130,[6.0],1.2,0.5,swap,route,1.0,0.7,8.0,0.3874,0.0415,0.0327,0.0023,11.84,0.114,False,0.55,0.394
da1e5acd8aa95d65,"[3.0, 6.0]",0.8,-0.5,ch12,ch23,0.5,0.7,8.0,0.1,0.0143,0.0322,0.0057,6.99,0.286,False,0.801,0.599
51573c112cd62df5,"[3.0, 6.0]",0.8,-0.5,ch12,ch23,1.0,0.7,8.0,0.2593,0.0324,0.029,0.0138,8.93,0.336,False,0.717,0.491
20f08790aa93bc79,"[3.0, 6.0]",0.8,-0.5,ch12,same,0.5,0.7,8.0,0.1001,0.0137,0.0301,0.0047,7.3,0.234,False,0.72,0.599
adacbbe2bc0c5b0c,"[3.0, 6.0]",0.8,-0.5,ch12,same,1.0,0.7,8.0,0.2488,0.0223,0.0403,0.0133,11.16,0.269,False,0.646,0.491
8877ba50e2646c84,"[3.0, 6.0]",0.8,-0.5,ch12,route,0.5,0.7,8.0,0.097,0.0139,0.0522,0.0053,6.99,0.266,False,0.741,0.599
1a00a48f181ad2b1,"[3.0, 6.0]",0.8,-0.5,ch12,route,1.0,0.7,8.0,0.2539,0.0204,0.0503,0.0133,12.46,0.241,False,0.655,0.491
34bf4f6b3e7cb62b,"[3.0, 6.0]",0.8,-0.5,both,ch23,0.5,0.7,8.0,0.1032,0.0201,0.0345,0.0101,5.15,0.401,False,0.761,0.599
c9374d6fc26c6416,"[3.0, 6.0]",0.8,-0.5,both,ch23,1.0,0.7,8.0,0.2571,0.025,0.03,0.0181,10.29,0.292,False,0.67,0.491
1424a4444108e671,"[3.0, 6.0]",0.8,-0.5,both,same,0.5,0.7,8.0,0.1021,0.0164,0.0285,0.0046,6.22,0.231,False,0.713,0.599
265833b640cec70d,"[3.0, 6.0]",0.8,-0.5,both,same,1.0,0.7,8.0,0.2455,0.022,0.0306,0.0117,11.17,0.269,False,0.633,0.491
eabe14661593e1bb,"[3.0, 6.0]",0.8,-0.5,both,route,0.5,0.7,8.0,0.1,0.0146,0.0417,0.0046,6.83,0.231,False,0.725,0.599
e0a2c9216c101b73,"[3.0, 6.0]",0.8,-0.5,both,route,1.0,0.7,8.0,0.2508,0.0195,0.0373,0.012,12.86,0.233,False,0.64,0.491
f0a7ce58cf60269e,"[3.0, 6.0]",0.8,-0.5,swap,ch23,0.5,0.7,8.0,0.0975,0.0263,0.0345,0.0178,3.71,0.525,False,0.763,0.599
4df0a74487b08b8e,"[3.0, 6.0]",0.8,-0.5,swap,ch23,1.0,0.7,8.0,0.2573,0.0666,0.03,0.018,8.59,0.349,False,0.683,0.491
f10bebbd8622f3d5,"[3.0, 6.0]",0.8,-0.5,swap,same,0.5,0.7,8.0,0.0986,0.0196,0.0285,0.0067,5.04,0.333,False,0.714,0.599
badd90af2e7b0c8b,"[3.0, 6.0]",0.8,-0.5,swap,same,1.0,0.7,8.0,0.2479,0.0367,0.0337,0.0103,7.35,0.408,False,0.639,0.491
d545f3806c52e22b,"[3.0, 6.0]",0.8,-0.5,swap,route,0.5,0.7,8.0,0.0954,0.0179,0.042,0.0067,5.33,0.333,False,0.726,0.599
2394c8b666ca34ed,"[3.0, 6.0]",0.8,-0.5,swap,route,1.0,0.7,8.0,0.2501,0.0282,0.0393,0.0117,8.87,0.338,False,0.643,0.491
85b702c9865135cb,"[3.0, 6.0]",0.8,-1.0,ch12,ch23,0.5,0.7,8.0,0.0841,0.0096,0.0348,0.0038,8.76,0.191,False,0.676,0.455
c554413ad3e5ed97,"[3.0, 6.0]",0.8,-1.0,ch12,ch23,1.0,0.7,8.0,0.2219,0.0233,0.0313,0.01,9.54,0.315,False,0.582,0.377
b2da405750106303,"[3.0, 6.0]",0.8,-1.0,ch12,same,0.5,0.7,8.0,0.0757,0.0091,0.0596,0.0031,8.28,0.155,False,0.568,0.455
f630efa0463399da,"[3.0, 6.0]",0.8,-1.0,ch12,same,1.0,0.7,8.0,0.1949,0.0156,0.0535,0.0092,12.53,0.239,False,0.505,0.377
ba2e9c49cf462e05,"[3.0, 6.0]",0.8,-1.0,ch12,route,0.5,0.7,8.0,0.0773,0.0094,0.0903,0.0031,8.26,0.155,False,0.599,0.455
5b1b1ba34036f5db,"[3.0, 6.0]",0.8,-1.0,ch12,route,1.0,0.7,8.0,0.1958,0.0142,0.0697,0.0092,13.78,0.218,False,0.521,0.377
66a1d85c41ac383d,"[3.0, 6.0]",0.8,-1.0,both,ch23,0.5,0.7,8.0,0.0845,0.0301,0.0394,0.0211,2.81,0.601,False,0.619,0.455
6aab333cc4075723,"[3.0, 6.0]",0.8,-1.0,both,ch23,1.0,0.7,8.0,0.2136,0.0266,0.034,0.0192,8.03,0.374,False,0.535,0.377
8333df7c1f82342e,"[3.0, 6.0]",0.8,-1.0,both,same,0.5,0.7,8.0,0.0781,0.0209,0.0516,0.0026,3.73,0.131,False,0.559,0.455
d69e8d87083b5ce3,"[3.0, 6.0]",0.8,-1.0,both,same,1.0,0.7,8.0,0.1886,0.0202,0.0439,0.0092,9.34,0.321,False,0.495,0.377
089e9e0863e25cf3,"[3.0, 6.0]",0.8,-1.0,both,route,0.5,0.7,8.0,0.0786,0.0168,0.0695,0.0026,4.67,0.131,False,0.576,0.455
a7e98015247dac4f,"[3.0, 6.0]",0.8,-1.0,both,route,1.0,0.7,8.0,0.1929,0.0173,0.054,0.0092,11.17,0.269,False,0.505,0.377
901e619942fe5467,"[3.0, 6.0]",0.8,-1.0,swap,ch23,0.5,0.7,8.0,0.0791,0.0349,0.0394,0.0256,2.27,0.697,False,0.62,0.455
5658ad5ac406a3d4,"[3.0, 6.0]",0.8,-1.0,swap,ch23,1.0,0.7,8.0,0.2095,0.0521,0.034,0.0256,6.16,0.487,False,0.542,0.377
aca09c50c377a654,"[3.0, 6.0]",0.8,-1.0,swap,same,0.5,0.7,8.0,0.0745,0.0233,0.0518,0.0041,3.2,0.203,False,0.559,0.455
b0f7faff52b625a6,"[3.0, 6.0]",0.8,-1.0,swap,same,1.0,0.7,8.0,0.1896,0.0291,0.0464,0.0092,6.51,0.461,False,0.498,0.377
274ed9942981082f,"[3.0, 6.0]",0.8,-1.0,swap,route,0.5,0.7,8.0,0.0742,0.0191,0.0696,0.0041,3.89,0.203,False,0.577,0.455
c071634e73bd414f,"[3.0, 6.0]",0.8,-1.0,swap,route,1.0,0.7,8.0,0.1913,0.0225,0.0555,0.0092,8.49,0.354,False,0.506,0.377
44ee5c4e05c6c1db,"[3.0, 6.0]",0.8,0.5,ch12,ch23,0.5,0.7,8.0,0.1193,0.0164,0.0223,0.002,7.26,0.099,False,0.863,0.713
de9e271aaf359e95,"[3.0, 6.0]",0.8,0.5,ch12,ch23,1.0,0.7,8.0,0.3054,0.0399,0.0212,0.0,14.41,0.0,False,0.798,0.585
9613db0d3f4b8779,"[3.0, 6.0]",0.8,0.5,ch12,same,0.5,0.7,8.0,0.1299,0.0161,0.0231,0.0035,8.07,0.175,False,0.859,0.713
5a11d918ac667d20,"[3.0, 6.0]",0.8,0.5,ch12,same,1.0,0.7,8.0,0.3212,0.0257,0.041,0.0159,12.47,0.241,False,0.774,0.585
d57988ebabe0dd54,"[3.0, 6.0]",0.8,0.5,ch12,route,0.5,0.7,8.0,0.1288,0.0164,0.0231,0.0024,7.86,0.12,False,0.86,0.713
4f556ee048ba06f1,"[3.0, 6.0]",0.8,0.5,ch12,route,1.0,0.7,8.0,0.3215,0.0239,0.0351,0.0159,13.45,0.223,False,0.77,0.585
31fca4857980a7d2,"[3.0, 6.0]",0.8,0.5,both,ch23,0.5,0.7,8.0,0.132,0.0193,0.0222,0.0019,6.83,0.094,False,0.853,0.713
9c68904e8f4a1f66,"[3.0, 6.0]",0.8,0.5,both,ch23,1.0,0.7,8.0,0.3087,0.0251,0.0212,0.0,14.54,0.0,False,0.765,0.585
4c3a9461d9419218,"[3.0, 6.0]",0.8,0.5,both,same,0.5,0.7,8.0,0.1371,0.018,0.0226,0.0019,7.64,0.097,False,0.851,0.713
c5f5c074a5bc223d,"[3.0, 6.0]",0.8,0.5,both,same,1.0,0.7,8.0,0.3189,0.0235,0.0293,0.0024,13.55,0.118,False,0.758,0.585
326376c73fb25339,"[3.0, 6.0]",0.8,0.5,both,route,0.5,0.7,8.0,0.1373,0.0181,0.0223,0.0019,7.58,0.096,False,0.852,0.713
060693d27944fdc9,"[3.0, 6.0]",0.8,0.5,both,route,1.0,0.7,8.0,0.3191,0.0238,0.0266,0.0013,13.39,0.066,False,0.757,0.585
23de014d5b4417d5,"[3.0, 6.0]",0.8,0.5,swap,ch23,0.5,0.7,8.0,0.127,0.0279,0.0222,0.0015,5.72,0.076,False,0.856,0.713
3fc954fe9e1aeedf,"[3.0, 6.0]",0.8,0.5,swap,ch23,1.0,0.7,8.0,0.3102,0.0832,0.0212,0.0,14.61,0.0,False,0.784,0.585
50d1cef38f37ff0b,"[3.0, 6.0]",0.8,0.5,swap,same,0.5,0.7,8.0,0.1334,0.024,0.0227,0.0015,5.88,0.077,False,0.853,0.713
b721d342be414182,"[3.0, 6.0]",0.8,0.5,swap,same,1.0,0.7,8.0,0.3211,0.0444,0.0337,0.0007,9.52,0.036,False,0.766,0.585
8c963f6a756816e0,"[3.0, 6.0]",0.8,0.5,swap,route,0.5,0.7,8.0,0.1324,0.0246,0.0229,0.0016,5.78,0.078,False,0.854,0.713
85b09ccb8fee873f,"[3.0, 6.0]",0.8,0.5,swap,route,1.0,0.7,8.0,0.3195,0.0381,0.0302,0.0005,10.57,0.025,False,0.762,0.585
6593d2a332e85dde,"[3.0, 6.0]",1.2,-0.5,ch12,ch23,0.5,0.7,8.0,0.1826,0.0183,0.0316,0.0044,9.97,0.219,False,0.672,0.458
eb203ec6add30ba7,"[3.0, 6.0]",1.2,-0.5,ch12,ch23,1.0,0.7,8.0,0.3537,0.0421,0.0279,0.0226,12.68,0.237,False,0.505,0.294
4994244ea7844296,"[3.0, 6.0]",1.2,-0.5,ch12,same,0.5,0.7,8.0,0.1715,0.0181,0.0539,0.0042,9.46,0.209,False,0.59,0.458
56e45765903fc778,"[3.0, 6.0]",1.2,-0.5,ch12,same,1.0,0.7,8.0,0.3243,0.032,0.0511,0.026,10.13,0.296,False,0.453,0.294
038cddd3d840d58f,"[3.0, 6.0]",1.2,-0.5,ch12,route,0.5,0.7,8.0,0.1758,0.0182,0.0737,0.0042,9.66,0.209,False,0.609,0.458
8a9f932b83865d09,"[3.0, 6.0]",1.2,-0.5,ch12,route,1.0,0.7,8.0,0.3205,0.0325,0.052,0.026,9.86,0.304,False,0.455,0.294
c96d406aedb62e4d,"[3.0, 6.0]",1.2,-0.5,both,ch23,0.5,0.7,8.0,0.1822,0.0284,0.0361,0.0112,6.41,0.468,False,0.627,0.458
53ba8bb2fb265700,"[3.0, 6.0]",1.2,-0.5,both,ch23,1.0,0.7,8.0,0.3356,0.038,0.0297,0.0226,11.3,0.266,False,0.466,0.294
d43c7e561d1d67d5,"[3.0, 6.0]",1.2,-0.5,both,same,0.5,0.7,8.0,0.1744,0.0247,0.0478,0.0035,7.05,0.177,False,0.582,0.458
99a2ccb8dcdd8f73,"[3.0, 6.0]",1.2,-0.5,both,same,1.0,0.7,8.0,0.3165,0.0332,0.0403,0.0247,9.54,0.315,False,0.443,0.294
67dcd600b615e57c,"[3.0, 6.0]",1.2,-0.5,both,route,0.5,0.7,8.0,0.1758,0.0205,0.0587,0.0035,8.57,0.177,False,0.593,0.458
95c435b88299cea3,"[3.0, 6.0]",1.2,-0.5,both,route,1.0,0.7,8.0,0.315,0.0313,0.0408,0.0247,10.07,0.298,False,0.444,0.294
416d10f9ebb37e31,"[3.0, 6.0]",1.2,-0.5,swap,ch23,0.5,0.7,8.0,0.1738,0.0329,0.0361,0.0175,5.29,0.567,False,0.629,0.458
91a308e3ee2e908c,"[3.0, 6.0]",1.2,-0.5,swap,ch23,1.0,0.7,8.0,0.3349,0.0752,0.0297,0.0227,11.27,0.266,False,0.479,0.294
ff1b4e07dc1080fe,"[3.0, 6.0]",1.2,-0.5,swap,same,0.5,0.7,8.0,0.1699,0.0269,0.0479,0.0052,6.33,0.262,False,0.583,0.458
0d1bb0e04061ef96,"[3.0, 6.0]",1.2,-0.5,swap,same,1.0,0.7,8.0,0.3167,0.0434,0.0437,0.0243,7.3,0.411,False,0.447,0.294
0315c8b28edeec14,"[3.0, 6.0]",1.2,-0.5,swap,route,0.5,0.7,8.0,0.1719,0.0227,0.0589,0.0052,7.56,0.262,False,0.593,0.458
cceee594b221c517,"[3.0, 6.0]",1.2,-0.5,swap,route,1.0,0.7,8.0,0.3151,0.0407,0.0443,0.0239,7.75,0.387,False,0.448,0.294
06867f68639f4a02,"[3.0, 6.0]",1.2,-1.0,ch12,ch23,0.5,0.7,8.0,0.1358,0.0119,0.0303,0.002,11.44,0.101,False,0.471,0.27
34fabad996b6b19a,"[3.0, 6.0]",1.2,-1.0,ch12,ch23,1.0,0.7,8.0,0.2483,0.0234,0.0183,0.0086,13.58,0.221,False,0.33,0.186
792755c3549be059,"[3.0, 6.0]",1.2,-1.0,ch12,same,0.5,0.7,8.0,0.116,0.0117,0.0541,0.0014,9.94,0.069,False,0.372,0.27
77329195f0943358,"[3.0, 6.0]",1.2,-1.0,ch12,same,1.0,0.7,8.0,0.2078,0.0193,0.0311,0.0141,10.77,0.279,False,0.284,0.186
db42c0087de98499,"[3.0, 6.0]",1.2,-1.0,ch12,route,0.5,0.7,8.0,0.114,0.0114,0.0721,0.0014,9.96,0.069,False,0.39,0.27
3ac57cad7e88bc26,"[3.0, 6.0]",1.2,-1.0,ch12,route,1.0,0.7,8.0,0.2048,0.019,0.0388,0.0141,10.8,0.278,False,0.291,0.186
a916fe6cbd71dfc9,"[3.0, 6.0]",1.2,-1.0,both,ch23,0.5,0.7,8.0,0.1244,0.0323,0.0333,0.0086,3.85,0.432,False,0.416,0.27
bc1c967973f8eebf,"[3.0, 6.0]",1.2,-1.0,both,ch23,1.0,0.7,8.0,0.2247,0.0272,0.0196,0.0086,11.44,0.262,False,0.302,0.186
f3846bc7c46fac8d,"[3.0, 6.0]",1.2,-1.0,both,same,0.5,0.7,8.0,0.1128,0.0196,0.0457,0.0014,5.74,0.069,False,0.363,0.27
e71fd4c41e7023c3,"[3.0, 6.0]",1.2,-1.0,both,same,1.0,0.7,8.0,0.2003,0.022,0.0258,0.0141,9.12,0.329,False,0.279,0.186
52d6e619eabb0e08,"[3.0, 6.0]",1.2,-1.0,both,route,0.5,0.7,8.0,0.1114,0.015,0.0555,0.0014,7.4,0.069,False,0.373,0.27
e4fb78226739205e,"[3.0, 6.0]",1.2,-1.0,both,route,1.0,0.7,8.0,0.1992,0.019,0.03,0.0141,10.51,0.286,False,0.283,0.186
8e1b28fba713423d,"[3.0, 6.0]",1.2,-1.0,swap,ch23,0.5,0.7,8.0,0.1228,0.0348,0.0333,0.0133,3.69,0.663,False,0.416,0.27
ddf1633a98b077b8,"[3.0, 6.0]",1.2,-1.0,swap,ch23,1.0,0.7,8.0,0.229,0.0382,0.0196,0.0133,11.66,0.257,False,0.305,0.186
71216c4937c3b021,"[3.0, 6.0]",1.2,-1.0,swap,same,0.5,0.7,8.0,0.1121,0.0211,0.0459,0.0016,5.31,0.082,False,0.363,0.27
b2f4d831e6d6e324,"[3.0, 6.0]",1.2,-1.0,swap,same,1.0,0.7,8.0,0.2027,0.0253,0.0268,0.0141,8.03,0.374,False,0.28,0.186
f76a48aeda7a6175,"[3.0, 6.0]",1.2,-1.0,swap,route,0.5,0.7,8.0,0.1113,0.0157,0.0555,0.0016,7.07,0.082,False,0.373,0.27
bda378932e42a72d,"[3.0, 6.0]",1.2,-1.0,swap,route,1.0,0.7,8.0,0.1993,0.0219,0.031,0.0141,9.11,0.329,False,0.284,0.186
90ece11b382389da,"[3.0, 6.0]",1.2,0.5,ch12,ch23,0.5,0.7,8.0,0.2393,0.0235,0.0275,0.0019,10.19,0.096,False,0.78,0.614
99edc6962a96bdc5,"[3.0, 6.0]",1.2,0.5,ch12,ch23,1.0,0.7,8.0,0.4586,0.0546,0.0264,0.0,17.36,0.0,False,0.638,0.394
60c930b7c42d87a5,"[3.0, 6.0]",1.2,0.5,ch12,same,0.5,0.7,8.0,0.2466,0.0232,0.0284,0.0035,10.64,0.175,False,0.776,0.614
6ae0544bb8b87f02,"[3.0, 6.0]",1.2,0.5,ch12,same,1.0,0.7,8.0,0.4475,0.0408,0.0462,0.0309,10.98,0.273,False,0.603,0.394
112da658f9e89286,"[3.0, 6.0]",1.2,0.5,ch12,route,0.5,0.7,8.0,0.2473,0.0235,0.0282,0.0023,10.54,0.116,False,0.777,0.614
8aadc0870b17bc14,"[3.0, 6.0]",1.2,0.5,ch12,route,1.0,0.7,8.0,0.4465,0.0423,0.043,0.0221,10.56,0.284,False,0.6,0.394
444845ace0aae21d,"[3.0, 6.0]",1.2,0.5,both,ch23,0.5,0.7,8.0,0.2499,0.0253,0.0274,0.0019,9.88,0.093,False,0.771,0.614
a6cf26d2c1b96d1a,"[3.0, 6.0]",1.2,0.5,both,ch23,1.0,0.7,8.0,0.4432,0.0446,0.0265,0.0,16.74,0.0,False,0.599,0.394
9d734f87626b59cf,"[3.0, 6.0]",1.2,0.5,both,same,0.5,0.7,8.0,0.2518,0.0248,0.0278,0.0019,10.16,0.096,False,0.769,0.614
cf971e5bbdb6170e,"[3.0, 6.0]",1.2,0.5,both,same,1.0,0.7,8.0,0.4388,0.0401,0.0351,0.0038,12.48,0.189,False,0.589,0.394
1a37d07a0cee4b7d,"[3.0, 6.0]",1.2,0.5,both,route,0.5,0.7,8.0,0.2521,0.0249,0.0275,0.0019,10.12,0.095,False,0.769,0.614
bc1e62f28f680a07,"[3.0, 6.0]",1.2,0.5,both,route,1.0,0.7,8.0,0.4383,0.0398,0.0327,0.0027,13.41,0.134,False,0.588,0.394
7c3c39ab14b244cc,"[3.0, 6.0]",1.2,0.5,swap,ch23,0.5,0.7,8.0,0.2405,0.0325,0.0274,0.0015,8.77,0.075,False,0.773,0.614
b378b2c718127586,"[3.0, 6.0]",1.2,0.5,swap,ch23,1.0,0.7,8.0,0.4473,0.1042,0.0265,0.0,16.89,0.0,False,0.622,0.394
8fc84a52de97b075,"[3.0, 6.0]",1.2,0.5,swap,same,0.5,0.7,8.0,0.2462,0.0294,0.0279,0.0015,8.81,0.076,False,0.77,0.614
e9c34d7b20813e60,"[3.0, 6.0]",1.2,0.5,swap,same,1.0,0.7,8.0,0.4406,0.0567,0.039,0.0018,11.3,0.088,False,0.595,0.394
15eb19a70eb48e74,"[3.0, 6.0]",1.2,0.5,swap,route,0.5,0.7,8.0,0.2466,0.03,0.0281,0.0016,8.77,0.078,False,0.77,0.614
3a8009874032a8c2,"[3.0, 6.0]",1.2,0.5,swap,route,1.0,0.7,8.0,0.4394,0.056,0.0379,0.0013,11.6,0.067,False,0.594,0.394
