key,factor,pair,i,j,level,chernoff_behaviour,chernoff_lambda,chernoff_se,chernoff_none,sym_kl_behaviour,sym_kl_se,kl_i_j,kl_j_i,regret_i_acting_on_j,regret_j_acting_on_i,relevance,relevance_se,o_value_i,o_value_j,id_mean_truth_i,id_median_truth_i,id_p90_truth_i,id_censored_truth_i,id_mean_truth_j,id_median_truth_j,id_p90_truth_j,id_censored_truth_j,id_mean,id_p90,pattern_entries_floored_frac
912bb1557ed4fe03,A,A0B0C0-A1B0C0,0,4,passive_episode,15.116306486499827,0.41000000000000003,1.5419347424301464,15.1122942570076,116.04484399315228,0.012694866806830745,57.84717335199738,58.197670641154915,0.10173480830793125,0.0691203238307807,0.08542756606935598,0.0028979012066951133,0.550187245773671,0.6368930379706086,1.0,1.0,1.0,0.0,1.0,1.0,1.0,0.0,1.0,1.0,1.8780048076923078e-05
912bb1557ed4fe03,A,A0B0C0-A1B0C0,0,4,passive_steady,15.116306486499827,0.41000000000000003,1.5572386799459677,15.1122942570076,116.04484399315228,0.01192959700239405,57.84717335199738,58.197670641154915,0.10173480830793125,0.0691203238307807,0.08542756606935598,0.002797116102299974,0.550187245773671,0.6368930379706086,1.0,1.0,1.0,0.0,1.0,1.0,1.0,0.0,1.0,1.0,1.8780048076923078e-05
912bb1557ed4fe03,A,A0B0C0-A1B0C0,0,4,active,15.116306486499827,0.41000000000000003,1.657000067488578,15.1122942570076,116.04484399315228,0.012236516467156029,57.84717335199738,58.197670641154915,0.10173480830793125,0.0691203238307807,0.08542756606935598,0.0030082833523104235,0.550187245773671,0.6368930379706086,1.0,1.0,1.0,0.0,1.0,1.0,1.0,0.0,1.0,1.0,1.8780048076923078e-05
912bb1557ed4fe03,A,A0B0C1-A1B0C1,1,5,passive_episode,18.164819120859473,0.49,0.28472942061447803,18.16007670800099,116.09182563266234,0.013391169171913374,58.22600684083079,57.86581879183154,0.13817025418473605,0.09604910214016371,0.11710967816244988,0.0035464586346887887,0.5960144263279332,0.7283928319916697,1.0,1.0,1.0,0.0,1.0,1.0,1.0,0.0,1.0,1.0,0.0
912bb1557ed4fe03,A,A0B0C1-A1B0C1,1,5,passive_steady,18.164819120859473,0.49,0.2954289980779971,18.16007670800099,116.09182563266234,0.014758714908682049,58.2260068408308,57.865818791831536,0.13817025418473605,0.09604910214016371,0.11710967816244988,0.0035007864271953387,0.5960144263279332,0.7283928319916697,1.0,1.0,1.0,0.0,1.0,1.0,1.0,0.0,1.0,1.0,0.0
912bb1557ed4fe03,A,A0B0C1-A1B0C1,1,5,active,18.164819120859473,0.49,0.29710507768628647,18.16007670800099,116.09182563266234,0.014663038519685815,58.2260068408308,57.86581879183154,0.13817025418473605,0.09604910214016371,0.11710967816244988,0.0034864616260294034,0.5960144263279332,0.7283928319916697,1.0,1.0,1.0,0.0,1.0,1.0,1.0,0.0,1.0,1.0,0.0
912bb1557ed4fe03,A,A0B1C0-A1B1C0,2,6,passive_episode,14.627622261078582,0.38,1.7883188512331927,14.62624292247356,116.1015654291893,0.014998766001985605,58.428650798373795,57.6729146308155,0.03228106863874558,0.04137592586744887,0.036828497253097225,0.001751058278478727,0.530536603188061,0.7603829191738356,1.0,1.0,1.0,0.0,1.0,1.0,1.0,0.0,1.0,1.0,2.191005608974359e-05
912bb1557ed4fe03,A,A0B1C0-A1B1C0,2,6,passive_steady,14.627622261078582,0.38,1.586627086076182,14.62624292247356,116.1015654291893,0.015062917241139435,58.428650798373795,57.6729146308155,0.03228106863874558,0.04137592586744887,0.036828497253097225,0.0017171978598391389,0.530536603188061,0.7603829191738356,1.0,1.0,1.0,0.0,1.0,1.0,1.0,0.0,1.0,1.0,2.191005608974359e-05
912bb1557ed4fe03,A,A0B1C0-A1B1C0,2,6,active,14.627622261078582,0.38,1.6456938692260281,14.62624292247356,116.1015654291893,0.014431252735063108,58.428650798373795,57.6729146308155,0.03228106863874558,0.04137592586744887,0.036828497253097225,0.0018359795761738304,0.530536603188061,0.7603829191738356,1.0,1.0,1.0,0.0,1.0,1.0,1.0,0.0,1.0,1.0,2.191005608974359e-05
912bb1557ed4fe03,A,A0B1C1-A1B1C1,3,7,passive_episode,19.485977792093028,0.52,0.2238019139988267,19.469682231233424,116.10918637577298,0.014628808309254223,58.25396213101483,57.85522424475815,0.08176303235530469,0.07757961287191506,0.07967132261360987,0.0029567558326525885,0.5689047774448781,0.7995259071539991,1.0,1.0,1.0,0.0,1.0,1.0,1.0,0.0,1.0,1.0,9.703024839743589e-05
912bb1557ed4fe03,A,A0B1C1-A1B1C1,3,7,passive_steady,19.485977792093028,0.52,0.24945702283046384,19.469682231233424,116.10918637577298,0.012964827659023626,58.25396213101483,57.85522424475815,0.08176303235530469,0.07757961287191506,0.07967132261360987,0.00303091737257041,0.5689047774448781,0.7995259071539991,1.0,1.0,1.0,0.0,1.0,1.0,1.0,0.0,1.0,1.0,9.703024839743589e-05
912bb1557ed4fe03,A,A0B1C1-A1B1C1,3,7,active,19.485977792093028,0.52,0.26172269710591584,19.469682231233424,116.10918637577298,0.015849414020741977,58.25396213101483,57.85522424475815,0.08176303235530469,0.07757961287191506,0.07967132261360987,0.002819674010283917,0.5689047774448781,0.7995259071539991,1.0,1.0,1.0,0.0,1.0,1.0,1.0,0.0,1.0,1.0,9.703024839743589e-05
912bb1557ed4fe03,B,A0B0C0-A0B1C0,0,2,passive_episode,17.39352121266886,0.53,0.8201703581307157,17.290703923149092,130.08728877663555,0.2128225493159982,65.32541649135428,64.76187228528127,0.03818557941860945,0.02163903975665704,0.029912309587633246,0.0015427971681084777,0.5552627536601733,0.5141760389020362,1.0,1.0,1.0,0.0,1.0,1.0,1.0,0.0,1.0,1.0,0.012986403245192308
912bb1557ed4fe03,B,A0B0C0-A0B1C0,0,2,passive_steady,21.059000788631675,0.47000000000000003,0.8915846002121616,20.926360567587878,147.36728877663555,0.23282339516467354,73.90023965809436,73.46704911854118,0.03818557941860945,0.02163903975665704,0.029912309587633246,0.0016673900888220952,0.5552627536601733,0.5141760389020362,1.0,1.0,1.0,0.0,1.0,1.0,1.0,0.0,1.0,1.0,0.012986403245192308
912bb1557ed4fe03,B,A0B0C0-A0B1C0,0,2,active,0.5788977478261559,0.52,0.018551865147006602,-0.0,9.127288776635538,0.22098561380024112,4.545048734100537,4.582240042535001,0.03818557941860945,0.02163903975665704,0.029912309587633246,0.0015972985173052644,0.5552627536601733,0.5141760389020362,2.3095,2.0,4.0,0.0,2.3005,2.0,5.0,0.0,2.3049999999999997,5.0,0.012986403245192308
912bb1557ed4fe03,B,A0B0C1-A0B1C1,1,3,passive_episode,19.91658205740609,0.5,0.4173887846092672,19.467125174687638,128.27558039955107,0.22311739141839182,63.82152501406091,64.45405538549016,0.06791841223142825,0.05334546208571567,0.06063193715857196,0.002654151879577616,0.5994813507976957,0.5697609288249765,1.0,1.0,1.0,0.0,1.0,1.0,1.0,0.0,1.0,1.0,0.01385967548076923
912bb1557ed4fe03,B,A0B0C1-A0B1C1,1,3,passive_steady,22.370014501538755,0.52,0.6346308016740441,21.841295014242746,145.55558039955105,0.21644838401008734,72.46008584807947,73.09549455147157,0.06791841223142825,0.05334546208571567,0.06063193715857196,0.0028585912488589783,0.5994813507976957,0.5697609288249765,1.0,1.0,1.0,0.0,1.0,1.0,1.0,0.0,1.0,1.0,0.01385967548076923
912bb1557ed4fe03,B,A0B0C1-A0B1C1,1,3,active,0.43711137613233564,0.51,0.01553847027060284,-0.0,7.315580399551059,0.20993311914187,3.6263325296673847,3.689247869883674,0.06791841223142825,0.05334546208571567,0.06063193715857196,0.002686737037854788,0.5994813507976957,0.5697609288249765,2.829,2.0,6.0,0.0,2.7605,2.0,6.0,0.0,2.79475,6.0,0.01385967548076923
912bb1557ed4fe03,B,A1B0C0-A1B1C0,4,6,passive_episode,19.66258383082164,0.49,0.5542211089937311,19.49006782585132,126.22482433915675,0.19978178975814023,63.5174312121888,62.70739312696795,0.017061657623564486,0.028843782219674097,0.02295271992161929,0.001361792405144761,0.6287394253442216,0.7570922958945658,1.0,1.0,1.0,0.0,1.0,1.0,1.0,0.0,1.0,1.0,0.007173978365384615
912bb1557ed4fe03,B,A1B0C0-A1B1C0,4,6,passive_steady,23.014782183217307,0.5,0.6152756182875551,22.916299555496728,143.50482433915676,0.16950306027031975,72.04790769242558,71.45691664673117,0.017061657623564486,0.028843782219674097,0.02295271992161929,0.001311117105216852,0.6287394253442216,0.7570922958945658,1.0,1.0,1.0,0.0,1.0,1.0,1.0,0.0,1.0,1.0,0.007173978365384615
912bb1557ed4fe03,B,A1B0C0-A1B1C0,4,6,active,0.29981113654564856,0.51,0.012238360799271573,-0.0,5.2648243391567515,0.18113533319749656,2.6876929819304327,2.5771313572263184,0.017061657623564486,0.028843782219674097,0.02295271992161929,0.0013387855559955813,0.6287394253442216,0.7570922958945658,3.825,3.0,8.0,0.0,3.888,3.0,8.0,0.0,3.8565,8.0,0.007173978365384615
912bb1557ed4fe03,B,A1B0C1-A1B1C1,5,7,passive_episode,17.924136048880264,0.48,0.5730621036288926,17.89377062937311,124.16981217890992,0.163032360481439,61.926576991437784,62.24323518747214,0.03616020025886968,0.038134306208853275,0.03714725323386148,0.002014773417160263,0.7357063793821439,0.8100830784685158,1.0,1.0,1.0,0.0,1.0,1.0,1.0,0.0,1.0,1.0,0.006798377403846154
912bb1557ed4fe03,B,A1B0C1-A1B1C1,5,7,passive_steady,21.235733726256658,0.45,0.9342238870247423,21.198884920853352,141.44981217890995,0.16050713021397262,70.59809265390378,70.85171952500616,0.03616020025886968,0.038134306208853275,0.03714725323386148,0.0021302014347661935,0.7357063793821439,0.8100830784685158,1.0,1.0,1.0,0.0,1.0,1.0,1.0,0.0,1.0,1.0,0.006798377403846154
912bb1557ed4fe03,B,A1B0C1-A1B1C1,5,7,active,0.17342442040666428,0.55,0.007941100770428316,-0.0,3.209812178909919,0.1358589959074187,1.6086998854499837,1.6011122934599358,0.03616020025886968,0.038134306208853275,0.03714725323386148,0.0020301580958055326,0.7357063793821439,0.8100830784685158,6.4015,5.0,14.0,0.0,6.408,5.0,14.0,0.0,6.40475,14.0,0.006798377403846154
912bb1557ed4fe03,C,A0B0C0-A0B0C1,0,1,passive_episode,0.7108799091093914,0.48,0.022704070063193128,0.7108798404999881,46.45682750752791,1.0243730751306768,23.102460201714038,23.354367305813874,0.018252488084051777,0.045669994814147685,0.03196124144909973,0.0020851994819911022,0.5533525187368653,0.599022513551013,2.004,2.0,4.0,0.0,1.9995,2.0,4.0,0.0,2.00175,4.0,0.007521409254807692
912bb1557ed4fe03,C,A0B0C0-A0B0C1,0,1,passive_steady,0.09648114123661586,0.59,0.007892374019961098,-0.0,1.9479603200279134,0.15299882395621608,1.0074330485063263,0.9405272715215871,0.018252488084051777,0.045669994814147685,0.03196124144909973,0.0021926028256688385,0.5533525187368653,0.599022513551013,10.3485,7.0,24.0,0.0,11.124,8.0,24.0,0.0,10.73625,24.0,0.007521409254807692
912bb1557ed4fe03,C,A0B0C0-A0B0C1,0,1,active,0.09648114123661586,0.59,0.006758056845616139,-0.0,1.9479603200279134,0.12915327195663084,1.0074330485063263,0.9405272715215871,0.018252488084051777,0.045669994814147685,0.03196124144909973,0.002154042280571476,0.5533525187368653,0.599022513551013,10.543,7.0,24.0,0.0,11.218,8.0,25.0,0.0,10.8805,25.0,0.007521409254807692
912bb1557ed4fe03,C,A0B1C0-A0B1C1,2,3,passive_episode,0.6642685377787912,0.51,0.022491607461849642,0.6642684841536135,44.74955439504397,1.0837624081228912,22.485727528802876,22.263826866241093,0.0184906999231913,0.052742753459007474,0.03561672669109939,0.002416052562478827,0.5220422700616609,0.5747850235206684,2.032,2.0,4.0,0.0,2.079,2.0,4.0,0.0,2.0555000000000003,4.0,0.008075420673076924
912bb1557ed4fe03,C,A0B1C0-A0B1C1,2,3,passive_steady,0.11433128819865102,0.6,0.00705338749347561,-0.0,2.290999707543972,0.13631164265184792,1.1818079694153565,1.1091917381286156,0.0184906999231913,0.052742753459007474,0.03561672669109939,0.0019674778325819366,0.5220422700616609,0.5747850235206684,9.1935,6.0,21.0,0.0,9.284,7.0,21.0,0.0,9.23875,21.0,0.008075420673076924
912bb1557ed4fe03,C,A0B1C0-A0B1C1,2,3,active,0.11433128819865102,0.6,0.006954011048431145,-0.0,2.290999707543972,0.13277769100996878,1.1818079694153565,1.1091917381286156,0.0184906999231913,0.052742753459007474,0.03561672669109939,0.002139930622696006,0.5220422700616609,0.5747850235206684,8.9185,6.0,20.0,0.0,9.2475,7.0,21.0,0.0,9.083,21.0,0.008075420673076924
912bb1557ed4fe03,C,A1B0C0-A1B0C1,4,5,passive_episode,0.7198668087578565,0.46,0.024043834573083806,0.7198665720506193,48.07975816831433,1.1018775215747763,24.161065110908005,23.918693057406323,0.011913607796657288,0.08807371673538711,0.0499936622660222,0.0026883877558672525,0.6320086481917784,0.7200823649271655,1.9885,2.0,4.0,0.0,1.954,1.0,4.0,0.0,1.97125,4.0,0.004525991586538462
912bb1557ed4fe03,C,A1B0C0-A1B0C1,4,5,passive_steady,0.16379534293411555,0.56,0.00855446440044596,-0.0,3.1864573870643316,0.1560388683746849,1.6564760002719225,1.529981386792409,0.011913607796657288,0.08807371673538711,0.0499936622660222,0.0026978017470500543,0.6320086481917784,0.7200823649271655,6.2745,4.0,14.0,0.0,6.887,5.0,15.0,0.0,6.58075,15.0,0.004525991586538462
912bb1557ed4fe03,C,A1B0C0-A1B0C1,4,5,active,0.16379534293411555,0.56,0.008919641666344347,-0.0,3.1864573870643316,0.15978897998367997,1.6564760002719225,1.529981386792409,0.011913607796657288,0.08807371673538711,0.0499936622660222,0.002597366068981286,0.6320086481917784,0.7200823649271655,6.401,4.0,14.0,0.0,6.93,5.0,15.0,0.0,6.6655,15.0,0.004525991586538462
912bb1557ed4fe03,C,A1B1C0-A1B1C1,6,7,passive_episode,0.7178606136582717,0.46,0.02263895544067222,0.7178580792070387,46.27405822882123,1.0112128321801683,23.07925051761212,23.19480771120911,0.0368303582101106,0.04729231083845775,0.04206133452428418,0.0023900134870500304,0.7495044676684941,0.7967967785069519,1.9515,1.0,4.0,0.0,1.9495,1.0,4.0,0.0,1.9505,4.0,0.004144130608974359
912bb1557ed4fe03,C,A1B1C0-A1B1C1,6,7,passive_steady,0.07234806989500864,0.59,0.006065510480901742,-0.0,1.4661871350712306,0.12086337510117007,0.7653780332329416,0.7008091018382889,0.0368303582101106,0.04729231083845775,0.04206133452428418,0.002616931670865614,0.7495044676684941,0.7967967785069519,14.0835,10.0,31.0,0.0,14.6415,10.0,33.0,0.0,14.3625,33.0,0.004144130608974359
912bb1557ed4fe03,C,A1B1C0-A1B1C1,6,7,active,0.07234806989500864,0.59,0.006170745347710166,-0.0,1.4661871350712306,0.12328431788433547,0.7653780332329416,0.7008091018382889,0.0368303582101106,0.04729231083845775,0.04206133452428418,0.002544220726392118,0.7495044676684941,0.7967967785069519,13.5555,10.0,30.0,0.0,14.4815,10.0,33.0,0.0,14.0185,33.0,0.004144130608974359
309f87f5c812b7b9,A,A0B0C0-A1B0C0,0,4,passive_episode,26.543513072724245,0.44,1.9619819758175265,26.539944561778732,181.35479680301842,0.01864803971272121,90.47582250996201,90.8789742930564,0.14441390066076565,0.08703567129612821,0.11572478597844693,0.003846488675775509,0.4294019258127193,0.5389978778872191,1.0,1.0,1.0,0.0,1.0,1.0,1.0,0.0,1.0,1.0,3.7560096153846156e-05
309f87f5c812b7b9,A,A0B0C0-A1B0C0,0,4,passive_steady,26.543513072724245,0.44,1.93251790734954,26.539944561778732,181.35479680301842,0.018301845716051743,90.47582250996201,90.8789742930564,0.14441390066076565,0.08703567129612821,0.11572478597844693,0.003745520680560329,0.4294019258127193,0.5389978778872191,1.0,1.0,1.0,0.0,1.0,1.0,1.0,0.0,1.0,1.0,3.7560096153846156e-05
309f87f5c812b7b9,A,A0B0C0-A1B0C0,0,4,active,26.543513072724245,0.44,1.9627994014925982,26.539944561778732,181.35479680301842,0.018563755119134297,90.47582250996201,90.8789742930564,0.14441390066076565,0.08703567129612821,0.11572478597844693,0.003370190294183767,0.4294019258127193,0.5389978778872191,1.0,1.0,1.0,0.0,1.0,1.0,1.0,0.0,1.0,1.0,3.7560096153846156e-05
309f87f5c812b7b9,A,A0B0C1-A1B0C1,1,5,passive_episode,30.132168815119016,0.49,0.4460648362053938,30.480844723664617,181.3999557459593,0.01922625093615187,90.92305200112526,90.47690374483402,0.19354329502129275,0.14665663214604052,0.17009996358366664,0.00417307341420491,0.4551020716894385,0.6472030712880184,1.0,1.0,1.0,0.0,1.0,1.0,1.0,0.0,1.0,1.0,3.1300080128205125e-05
309f87f5c812b7b9,A,A0B0C1-A1B0C1,1,5,passive_steady,30.132168815119016,0.49,0.4457532613509799,30.480844723664617,181.3999557459593,0.020287100678626175,90.92305200112526,90.47690374483402,0.19354329502129275,0.14665663214604052,0.17009996358366664,0.004085008326948246,0.4551020716894385,0.6472030712880184,1.0,1.0,1.0,0.0,1.0,1.0,1.0,0.0,1.0,1.0,3.1300080128205125e-05
309f87f5c812b7b9,A,A0B0C1-A1B0C1,1,5,active,30.132168815119016,0.49,0.49108270853107966,30.480844723664617,181.3999557459593,0.017658939420367656,90.92305200112526,90.47690374483402,0.19354329502129275,0.14665663214604052,0.17009996358366664,0.0037729465193089284,0.4551020716894385,0.6472030712880184,1.0,1.0,1.0,0.0,1.0,1.0,1.0,0.0,1.0,1.0,3.1300080128205125e-05
309f87f5c812b7b9,A,A0B1C0-A1B1C0,2,6,passive_episode,26.6657422632614,0.43,1.746022980300781,26.665316609431155,181.44523094065084,0.019528348250736977,91.20119057063822,90.24404037001264,0.051212974152541335,0.06875290966783609,0.059982941910188714,0.002455064791943615,0.4064410678967292,0.6957398126990313,1.0,1.0,1.0,0.0,1.0,1.0,1.0,0.0,1.0,1.0,3.1300080128205125e-05
309f87f5c812b7b9,A,A0B1C0-A1B1C0,2,6,passive_steady,26.6657422632614,0.43,1.7288423716395,26.665316609431155,181.44523094065084,0.01833549788362033,91.20119057063822,90.24404037001264,0.051212974152541335,0.06875290966783609,0.059982941910188714,0.002470250072138215,0.4064410678967292,0.6957398126990313,1.0,1.0,1.0,0.0,1.0,1.0,1.0,0.0,1.0,1.0,3.1300080128205125e-05
309f87f5c812b7b9,A,A0B1C0-A1B1C0,2,6,active,26.6657422632614,0.43,1.7665884703354937,26.66531660943116,181.44523094065084,0.02122124994907078,91.20119057063822,90.24404037001264,0.051212974152541335,0.06875290966783609,0.059982941910188714,0.0024365428680915833,0.4064410678967292,0.6957398126990313,1.0,1.0,1.0,0.0,1.0,1.0,1.0,0.0,1.0,1.0,3.1300080128205125e-05
309f87f5c812b7b9,A,A0B1C1-A1B1C1,3,7,passive_episode,32.25202990037256,0.52,0.26427431857298284,32.251742566317844,181.44582418617838,0.0208528745821853,90.97669079681582,90.46913338936257,0.11871966038281556,0.1329482521341987,0.12583395625850713,0.0036060919028659986,0.4325126811330122,0.7360539836503008,1.0,1.0,1.0,0.0,1.0,1.0,1.0,0.0,1.0,1.0,2.5040064102564102e-05
309f87f5c812b7b9,A,A0B1C1-A1B1C1,3,7,passive_steady,32.25202990037257,0.52,0.2633621723135583,32.251742566317844,181.44582418617838,0.021427014134011525,90.97669079681582,90.46913338936257,0.11871966038281556,0.1329482521341987,0.12583395625850713,0.003769335797736485,0.4325126811330122,0.7360539836503008,1.0,1.0,1.0,0.0,1.0,1.0,1.0,0.0,1.0,1.0,2.5040064102564102e-05
309f87f5c812b7b9,A,A0B1C1-A1B1C1,3,7,active,32.25202990037257,0.52,0.26661882415389004,32.251742566317844,181.44582418617838,0.021342574512220616,90.97669079681582,90.46913338936257,0.11871966038281556,0.1329482521341987,0.12583395625850713,0.0031744121115544676,0.4325126811330122,0.7360539836503008,1.0,1.0,1.0,0.0,1.0,1.0,1.0,0.0,1.0,1.0,2.5040064102564102e-05
309f87f5c812b7b9,B,A0B0C0-A0B1C0,0,2,passive_episode,17.40015848208272,0.53,0.8230236156401958,17.290703923149092,131.46805878328445,0.22397284621284386,66.02547261124457,65.44258617203988,0.05359598409167887,0.028130664605448885,0.04086332434856388,0.001848915762323543,0.4361832186992345,0.3955563089166887,1.0,1.0,1.0,0.0,1.0,1.0,1.0,0.0,1.0,1.0,0.016579652443910256
309f87f5c812b7b9,B,A0B0C0-A0B1C0,0,2,passive_steady,21.11872435093565,0.47000000000000003,0.8814581179174402,20.926360567587878,148.74805878328445,0.2408133662100201,74.60029577798466,74.1477630052998,0.05359598409167887,0.028130664605448885,0.04086332434856388,0.0018925325552942673,0.4361832186992345,0.3955563089166887,1.0,1.0,1.0,0.0,1.0,1.0,1.0,0.0,1.0,1.0,0.016579652443910256
309f87f5c812b7b9,B,A0B0C0-A0B1C0,0,2,active,0.6818639421717954,0.52,0.020912839777488014,-0.0,10.508058783284437,0.22035997960391648,5.245104853990831,5.262953929293606,0.05359598409167887,0.028130664605448885,0.04086332434856388,0.0020877164194977884,0.4361832186992345,0.3955563089166887,1.9775,2.0,4.0,0.0,2.044,2.0,4.0,0.0,2.01075,4.0,0.016579652443910256
309f87f5c812b7b9,B,A0B0C1-A0B1C1,1,3,passive_episode,20.809419639658586,0.49,0.34545543084380664,19.467125174687638,130.12166341216962,0.23661498819467106,64.79250137800358,65.32916203416605,0.07753697845877383,0.05416383158941329,0.06585040502409356,0.0028299677214693388,0.45359366738232865,0.4303276594516632,1.0,1.0,1.0,0.0,1.0,1.0,1.0,0.0,1.0,1.0,0.017621945112179488
309f87f5c812b7b9,B,A0B0C1-A0B1C1,1,3,passive_steady,22.77814493555059,0.53,0.800958571880626,21.841295014242746,147.40166341216965,0.24833123118265996,73.43106221202217,73.97060120014748,0.07753697845877383,0.05416383158941329,0.06585040502409356,0.0028547988750115515,0.45359366738232865,0.4303276594516632,1.0,1.0,1.0,0.0,1.0,1.0,1.0,0.0,1.0,1.0,0.017621945112179488
309f87f5c812b7b9,B,A0B0C1-A0B1C1,1,3,active,0.570362002360596,0.49,0.01845624102952468,-0.0,9.161663412169634,0.2254155010578847,4.597308893610057,4.564354518559577,0.07753697845877383,0.05416383158941329,0.06585040502409356,0.002649728446985922,0.45359366738232865,0.4303276594516632,2.2735,2.0,4.0,0.0,2.2845,2.0,5.0,0.0,2.279,5.0,0.017621945112179488
309f87f5c812b7b9,B,A1B0C0-A1B1C0,4,6,passive_episode,19.63908996872701,0.49,0.5708520342557748,19.49006782585132,127.26844576192738,0.21397673630600886,64.04696521307434,63.22148054885304,0.014388394681049022,0.04929146514491123,0.031839929912980125,0.0019242807475183857,0.5371239962492567,0.691214810826736,1.0,1.0,1.0,0.0,1.0,1.0,1.0,0.0,1.0,1.0,0.008576221955128206
309f87f5c812b7b9,B,A1B0C0-A1B1C0,4,6,passive_steady,23.001552698690535,0.5,0.5836170902952115,22.916299555496728,144.54844576192738,0.21839077007081623,72.57744169331113,71.97100406861627,0.014388394681049022,0.04929146514491123,0.031839929912980125,0.0017034187786579675,0.5371239962492567,0.691214810826736,1.0,1.0,1.0,0.0,1.0,1.0,1.0,0.0,1.0,1.0,0.008576221955128206
309f87f5c812b7b9,B,A1B0C0-A1B1C0,4,6,active,0.3687717444317116,0.53,0.0134230023370814,-0.0,6.30844576192738,0.19236898761820365,3.2172269828159807,3.091218779111399,0.014388394681049022,0.04929146514491123,0.031839929912980125,0.0017466616934787434,0.5371239962492567,0.691214810826736,3.2985,2.0,7.0,0.0,3.3155,2.0,7.0,0.0,3.3070000000000004,7.0,0.008576221955128206
309f87f5c812b7b9,B,A1B0C1-A1B1C1,5,7,passive_episode,17.93551777717544,0.48,0.6388414899014695,17.89377062937311,124.98992318132137,0.18813871564546003,62.39062307785494,62.59930010346643,0.038469993544552494,0.04805430107209219,0.04326214730832234,0.0022401174062071055,0.6547780282402655,0.7499389992573668,1.0,1.0,1.0,0.0,1.0,1.0,1.0,0.0,1.0,1.0,0.008400941506410256
309f87f5c812b7b9,B,A1B0C1-A1B1C1,5,7,passive_steady,21.24115114396399,0.45,0.9292150523955924,21.198884920853352,142.2699231813214,0.17954260282351395,71.06213874032093,71.20778444100046,0.038469993544552494,0.04805430107209219,0.04326214730832234,0.0023376472801660705,0.6547780282402655,0.7499389992573668,1.0,1.0,1.0,0.0,1.0,1.0,1.0,0.0,1.0,1.0,0.008400941506410256
309f87f5c812b7b9,B,A1B0C1-A1B1C1,5,7,active,0.2171016265039505,0.62,0.01071075387455986,-0.0,4.029923181321372,0.17240544059868154,2.072745971867141,1.957177209454231,0.038469993544552494,0.04805430107209219,0.04326214730832234,0.0025784276635300737,0.6547780282402655,0.7499389992573668,4.904,3.0,11.0,0.0,5.139,4.0,11.0,0.0,5.0215,11.0,0.008400941506410256
309f87f5c812b7b9,C,A0B0C0-A0B0C1,0,1,passive_episode,0.710879911616837,0.48,0.021690479996008285,0.7108798404999881,46.73614691540484,0.9769875003341912,23.240539716134677,23.49560719927016,0.010506342850817418,0.03160620197416364,0.02105627241249053,0.0016449617263758303,0.43131504592137304,0.4629212478955367,1.967,1.0,4.0,0.0,1.987,2.0,4.0,0.0,1.977,4.0,0.009937775440705128
309f87f5c812b7b9,C,A0B0C0-A0B0C1,0,1,passive_steady,0.10959950745237824,0.62,0.007623751309559462,-0.0,2.2272797279048415,0.14426569181241103,1.1455125629269678,1.0817671649778737,0.010506342850817418,0.03160620197416364,0.02105627241249053,0.00161713985613197,0.43131504592137304,0.4629212478955367,9.3345,7.0,20.0,0.0,10.1895,7.0,22.0,0.0,9.762,22.0,0.009937775440705128
309f87f5c812b7b9,C,A0B0C0-A0B0C1,0,1,active,0.10959950745237824,0.62,0.007802624279266705,-0.0,2.2272797279048415,0.147307818466192,1.1455125629269678,1.0817671649778737,0.010506342850817418,0.03160620197416364,0.02105627241249053,0.0014669666190908974,0.43131504592137304,0.4629212478955367,9.5545,7.0,21.0,0.0,9.6655,7.0,22.0,0.0,9.61,22.0,0.009937775440705128
309f87f5c812b7b9,C,A0B1C0-A0B1C1,2,3,passive_episode,0.6642685468230045,0.51,0.019962552844384748,0.6642684841536135,44.87601430397369,0.9542474871465962,22.54878332925336,22.32723097472033,0.011184040221401403,0.03667277094474031,0.023928405583070855,0.0017597389532085365,0.3996603114823287,0.43633308242706903,2.0515,2.0,4.0,0.0,2.049,2.0,4.0,0.0,2.05025,4.0,0.0106201171875
309f87f5c812b7b9,C,A0B1C0-A0B1C1,2,3,passive_steady,0.119675987538288,0.54,0.007895454310846496,-0.0,2.417459616473691,0.1518125304675664,1.244863769865841,1.1725958466078499,0.011184040221401403,0.03667277094474031,0.023928405583070855,0.001692763358668083,0.3996603114823287,0.43633308242706903,8.7325,6.0,19.0,0.0,9.317,7.0,21.0,0.0,9.024750000000001,21.0,0.0106201171875
309f87f5c812b7b9,C,A0B1C0-A0B1C1,2,3,active,0.119675987538288,0.54,0.007648558890163079,-0.0,2.417459616473691,0.14670208567775145,1.244863769865841,1.1725958466078499,0.011184040221401403,0.03667277094474031,0.023928405583070855,0.0016706684092894603,0.3996603114823287,0.43633308242706903,8.811,6.0,20.0,0.0,9.2245,7.0,20.0,0.0,9.01775,20.0,0.0106201171875
309f87f5c812b7b9,C,A1B0C0-A1B0C1,4,5,passive_episode,0.7198669639526567,0.46,0.02116558676685595,0.7198665720506193,49.010111993985426,0.9888330522880173,24.619157310585067,24.39095468340036,0.010998675846998651,0.10271254931498675,0.0568556125809927,0.0027559458203854277,0.5349435036885808,0.6376560530035675,1.95,1.0,4.0,0.0,1.992,1.0,4.0,0.0,1.971,4.0,0.005659054487179487
309f87f5c812b7b9,C,A1B0C0-A1B0C1,4,5,passive_steady,0.21463217280838576,0.59,0.01048400788564563,-0.0,4.11681121273543,0.18153343834059002,2.114568199948985,2.0022430127864452,0.010998675846998651,0.10271254931498675,0.0568556125809927,0.002850976921701866,0.5349435036885808,0.6376560530035675,5.212,4.0,11.0,0.0,5.2325,4.0,11.0,0.0,5.22225,11.0,0.005659054487179487
309f87f5c812b7b9,C,A1B0C0-A1B0C1,4,5,active,0.21463217280838576,0.59,0.010786962912387595,-0.0,4.11681121273543,0.1857940321664216,2.114568199948985,2.0022430127864452,0.010998675846998651,0.10271254931498675,0.0568556125809927,0.002696428338378379,0.5349435036885808,0.6376560530035675,5.047,4.0,11.0,0.0,5.2575,4.0,12.0,0.0,5.15225,12.0,0.005659054487179487
309f87f5c812b7b9,C,A1B1C0-A1B1C1,6,7,passive_episode,0.7178606276185417,0.46,0.021838077047399117,0.7178580792070387,46.77963454125549,0.9867825617296461,23.328008022613506,23.451626518641984,0.040996129656477365,0.05319356427406774,0.04709484696527255,0.0025139722712023134,0.6847821170028752,0.7379756812769429,1.942,1.0,4.0,0.0,1.9355,1.0,4.0,0.0,1.93875,4.0,0.005502554086538462
309f87f5c812b7b9,C,A1B1C0-A1B1C1,6,7,passive_steady,0.09676115840994352,0.59,0.0068049168216586025,-0.0,1.9717634475054904,0.13474850017242632,1.0141355382343273,0.957627909271163,0.040996129656477365,0.05319356427406774,0.04709484696527255,0.0025477679426686144,0.6847821170028752,0.7379756812769429,10.642,7.0,23.0,0.0,11.2625,8.0,26.0,0.0,10.95225,26.0,0.005502554086538462
309f87f5c812b7b9,C,A1B1C0-A1B1C1,6,7,active,0.09676115840994352,0.59,0.006552322683605212,-0.0,1.9717634475054904,0.12960513079079236,1.0141355382343273,0.957627909271163,0.040996129656477365,0.05319356427406774,0.04709484696527255,0.0026438365733660128,0.6847821170028752,0.7379756812769429,10.314,8.0,23.0,0.0,10.9715,8.0,25.0,0.0,10.64275,25.0,0.005502554086538462
1586f04b8d3cc8c2,A,A0B0C0-A1B0C0,0,4,passive_episode,15.116405823584493,0.41000000000000003,1.6016786745861087,15.1122942570076,116.04423879756284,0.011879553452556651,57.84640829160498,58.19783050595786,0.10474734701976018,0.07224336713118618,0.08849535707547318,0.0029465622601498654,0.5501877187151223,0.6400167393377245,1.0,1.0,1.0,0.0,1.0,1.0,1.0,0.0,1.0,1.0,1.8780048076923078e-05
1586f04b8d3cc8c2,A,A0B0C0-A1B0C0,0,4,passive_steady,15.116405823584493,0.41000000000000003,1.656627390175277,15.1122942570076,116.04423879756284,0.011200308324562414,57.84640829160498,58.19783050595786,0.10474734701976018,0.07224336713118618,0.08849535707547318,0.003605032427339414,0.5501877187151223,0.6400167393377245,1.0,1.0,1.0,0.0,1.0,1.0,1.0,0.0,1.0,1.0,1.8780048076923078e-05
1586f04b8d3cc8c2,A,A0B0C0-A1B0C0,0,4,active,15.116405823584493,0.41000000000000003,1.6620004809060185,15.1122942570076,116.04423879756284,0.012202635580546774,57.84640829160498,58.19783050595786,0.10474734701976018,0.07224336713118618,0.08849535707547318,0.0032653666782386363,0.5501877187151223,0.6400167393377245,1.0,1.0,1.0,0.0,1.0,1.0,1.0,0.0,1.0,1.0,1.8780048076923078e-05
1586f04b8d3cc8c2,A,A0B0C1-A1B0C1,1,5,passive_episode,18.16482012786216,0.49,0.32064973538448416,18.16007670800099,116.09123197767033,0.013296180508715382,58.22657568159402,57.864656296076305,0.14006874399614588,0.09784084055471709,0.11895479227543149,0.003487530757633768,0.5960161658347758,0.7301842127783544,1.0,1.0,1.0,0.0,1.0,1.0,1.0,0.0,1.0,1.0,6.2600160256410254e-06
1586f04b8d3cc8c2,A,A0B0C1-A1B0C1,1,5,passive_steady,18.16482012786216,0.49,0.3005026021936182,18.16007670800099,116.09123197767033,0.013458807637132373,58.22657568159402,57.864656296076305,0.14006874399614588,0.09784084055471709,0.11895479227543149,0.0035780679489064446,0.5960161658347758,0.7301842127783544,1.0,1.0,1.0,0.0,1.0,1.0,1.0,0.0,1.0,1.0,6.2600160256410254e-06
1586f04b8d3cc8c2,A,A0B0C1-A1B0C1,1,5,active,18.16482012786216,0.49,0.291576559409764,18.16007670800099,116.09123197767033,0.014461661058597666,58.22657568159402,57.864656296076305,0.14006874399614588,0.09784084055471709,0.11895479227543149,0.003779687968401727,0.5960161658347758,0.7301842127783544,1.0,1.0,1.0,0.0,1.0,1.0,1.0,0.0,1.0,1.0,6.2600160256410254e-06
1586f04b8d3cc8c2,A,A0B1C0-A1B1C0,2,6,passive_episode,14.626357465859305,0.38,1.6880289012280276,14.62624292247356,116.10237595080923,0.013533318109643904,58.4297186680162,57.67265728279303,0.03418815188759794,0.04730095280189062,0.04074455234474428,0.0016864384451238405,0.5305363984413773,0.7663035893230656,1.0,1.0,1.0,0.0,1.0,1.0,1.0,0.0,1.0,1.0,1.5650040064102563e-05
1586f04b8d3cc8c2,A,A0B1C0-A1B1C0,2,6,passive_steady,14.626357465859305,0.38,1.7500819582137073,14.62624292247356,116.10237595080923,0.015529471379288827,58.4297186680162,57.67265728279303,0.03418815188759794,0.04730095280189062,0.04074455234474428,0.0016819544020996945,0.5305363984413773,0.7663035893230656,1.0,1.0,1.0,0.0,1.0,1.0,1.0,0.0,1.0,1.0,1.5650040064102563e-05
1586f04b8d3cc8c2,A,A0B1C0-A1B1C0,2,6,active,14.626357465859305,0.38,1.7008050973604318,14.62624292247356,116.10237595080923,0.013808983058418087,58.4297186680162,57.67265728279303,0.03418815188759794,0.04730095280189062,0.04074455234474428,0.0016524440480150569,0.5305363984413773,0.7663035893230656,1.0,1.0,1.0,0.0,1.0,1.0,1.0,0.0,1.0,1.0,1.5650040064102563e-05
1586f04b8d3cc8c2,A,A0B1C1-A1B1C1,3,7,passive_episode,19.488540241192215,0.52,0.24740398920068918,19.469682231233424,116.11145097385428,0.014130218932596684,58.25545236023626,57.85599861361801,0.08225257514530426,0.0803192803956776,0.08128592777049093,0.0030354978857190284,0.5689049563170201,0.8022657492425367,1.0,1.0,1.0,0.0,1.0,1.0,1.0,0.0,1.0,1.0,9.703024839743589e-05
1586f04b8d3cc8c2,A,A0B1C1-A1B1C1,3,7,passive_steady,19.488540241192215,0.52,0.23254466739978344,19.469682231233424,116.11145097385428,0.014324677455561768,58.25545236023626,57.85599861361801,0.08225257514530426,0.0803192803956776,0.08128592777049093,0.002981702790937841,0.5689049563170201,0.8022657492425367,1.0,1.0,1.0,0.0,1.0,1.0,1.0,0.0,1.0,1.0,9.703024839743589e-05
1586f04b8d3cc8c2,A,A0B1C1-A1B1C1,3,7,active,19.488540241192215,0.52,0.2652207567449527,19.469682231233424,116.11145097385428,0.01352100471514871,58.25545236023626,57.85599861361801,0.08225257514530426,0.0803192803956776,0.08128592777049093,0.003016143787602855,0.5689049563170201,0.8022657492425367,1.0,1.0,1.0,0.0,1.0,1.0,1.0,0.0,1.0,1.0,9.703024839743589e-05
1586f04b8d3cc8c2,B,A0B0C0-A0B1C0,0,2,passive_episode,17.39352121266886,0.53,0.8237680378855958,17.290703923149092,130.08728877663555,0.22162690461034382,65.32541649135428,64.76187228528127,0.038206788361364374,0.02163763707211075,0.029922212716737562,0.0016644612381143478,0.5552643743658052,0.514176212070609,1.0,1.0,1.0,0.0,1.0,1.0,1.0,0.0,1.0,1.0,0.012986403245192308
1586f04b8d3cc8c2,B,A0B0C0-A0B1C0,0,2,passive_steady,21.059000788631675,0.47000000000000003,0.9224079356152414,20.926360567587878,147.36728877663555,0.21658575295641946,73.90023965809436,73.46704911854118,0.038206788361364374,0.02163763707211075,0.029922212716737562,0.001573600216650811,0.5552643743658052,0.514176212070609,1.0,1.0,1.0,0.0,1.0,1.0,1.0,0.0,1.0,1.0,0.012986403245192308
1586f04b8d3cc8c2,B,A0B0C0-A0B1C0,0,2,active,0.5788977478261559,0.52,0.019900095116572165,-0.0,9.127288776635538,0.2312713503713418,4.545048734100537,4.582240042535001,0.038206788361364374,0.02163763707211075,0.029922212716737562,0.0014751460899495583,0.5552643743658052,0.514176212070609,2.328,2.0,5.0,0.0,2.3265,2.0,5.0,0.0,2.32725,5.0,0.012986403245192308
1586f04b8d3cc8c2,B,A0B0C1-A0B1C1,1,3,passive_episode,19.91658205740609,0.5,0.44762365507498025,19.467125174687638,128.27558039955107,0.21583311371850034,63.82152501406091,64.45405538549016,0.06791848033846293,0.05334529805328003,0.06063188919587148,0.0029585925908470483,0.5994813354861179,0.5697610663044372,1.0,1.0,1.0,0.0,1.0,1.0,1.0,0.0,1.0,1.0,0.01385967548076923
1586f04b8d3cc8c2,B,A0B0C1-A0B1C1,1,3,passive_steady,22.370014501538755,0.52,0.6550761720385242,21.841295014242746,145.55558039955105,0.20652300701833917,72.46008584807947,73.09549455147157,0.06791848033846293,0.05334529805328003,0.06063188919587148,0.0029579722255530243,0.5994813354861179,0.5697610663044372,1.0,1.0,1.0,0.0,1.0,1.0,1.0,0.0,1.0,1.0,0.01385967548076923
1586f04b8d3cc8c2,B,A0B0C1-A0B1C1,1,3,active,0.43711137613233564,0.51,0.015975797249905152,-0.0,7.315580399551059,0.21626223767834815,3.6263325296673847,3.689247869883674,0.06791848033846293,0.05334529805328003,0.06063188919587148,0.0026636990719819805,0.5994813354861179,0.5697610663044372,2.7785,2.0,6.0,0.0,2.817,2.0,6.0,0.0,2.79775,6.0,0.01385967548076923
1586f04b8d3cc8c2,B,A1B0C0-A1B1C0,4,6,passive_episode,19.658090338034643,0.49,0.5565358716601476,19.49006782585132,126.17102569168902,0.18799916859522273,63.50359213597091,62.66743355571811,0.021087022405907874,0.03337132631097717,0.02722917435844252,0.001377487042181296,0.6314870350499291,0.7643397678922668,1.0,1.0,1.0,0.0,1.0,1.0,1.0,0.0,1.0,1.0,0.007173978365384615
1586f04b8d3cc8c2,B,A1B0C0-A1B1C0,4,6,passive_steady,23.014739657729137,0.5,0.602445350872514,22.916299555496728,143.45102569168904,0.1974352681028764,72.03406861620769,71.41695707548135,0.021087022405907874,0.03337132631097717,0.02722917435844252,0.0015211172736369525,0.6314870350499291,0.7643397678922668,1.0,1.0,1.0,0.0,1.0,1.0,1.0,0.0,1.0,1.0,0.007173978365384615
1586f04b8d3cc8c2,B,A1B0C0-A1B1C0,4,6,active,0.2952295811620073,0.52,0.013408690702229338,-0.0,5.211025691689025,0.2009168129818417,2.6738539057125448,2.537171785976481,0.021087022405907874,0.03337132631097717,0.02722917435844252,0.0012832426406656319,0.6314870350499291,0.7643397678922668,3.819,3.0,8.0,0.0,4.0295,3.0,9.0,0.0,3.92425,9.0,0.007173978365384615
1586f04b8d3cc8c2,B,A1B0C1-A1B1C1,5,7,passive_episode,17.92412957056949,0.48,0.5850530265839525,17.89377062937311,124.15106837011693,0.17203736733989222,61.922917797887365,62.228150572229566,0.03727799641491458,0.0398793321986588,0.03857866430678669,0.002057192501877799,0.7377366016414371,0.8141382897883673,1.0,1.0,1.0,0.0,1.0,1.0,1.0,0.0,1.0,1.0,0.006798377403846154
1586f04b8d3cc8c2,B,A1B0C1-A1B1C1,5,7,passive_steady,21.23571249526801,0.45,0.879107808904972,21.198884920853352,141.43106837011695,0.15799492057083234,70.59443346035336,70.83663490976359,0.03727799641491458,0.0398793321986588,0.03857866430678669,0.002149400194718187,0.7377366016414371,0.8141382897883673,1.0,1.0,1.0,0.0,1.0,1.0,1.0,0.0,1.0,1.0,0.006798377403846154
1586f04b8d3cc8c2,B,A1B0C1-A1B1C1,5,7,active,0.172075253219557,0.55,0.009964507268064495,-0.0,3.1910683701169305,0.17036282759545682,1.605040691899563,1.5860276782173672,0.03727799641491458,0.0398793321986588,0.03857866430678669,0.0022270630768938377,0.7377366016414371,0.8141382897883673,6.6345,5.0,15.0,0.0,6.363,5.0,14.0,0.0,6.49875,15.0,0.006798377403846154
1586f04b8d3cc8c2,C,A0B0C0-A0B0C1,0,1,passive_episode,0.7051497576886695,0.58,0.02199538153148674,0.7046072824539832,24.202342022601535,0.5402286340458139,12.033921234683548,12.168420787917988,0.018200798412053132,0.04548414753173802,0.031842472971895575,0.0021378627821282224,0.553354665231673,0.5990236968836555,1.96,1.0,4.0,0.0,1.916,1.0,4.0,0.0,1.938,4.0,0.007521409254807692
1586f04b8d3cc8c2,C,A0B0C0-A0B0C1,0,1,passive_steady,0.09648081362002998,0.59,0.007208546103959328,-0.0,1.9479084288515391,0.13826395325703167,1.0074342808285914,0.9404741480229476,0.018200798412053132,0.04548414753173802,0.031842472971895575,0.002243324052118605,0.553354665231673,0.5990236968836555,10.4305,7.0,23.0,0.0,10.9945,8.0,25.0,0.0,10.7125,25.0,0.007521409254807692
1586f04b8d3cc8c2,C,A0B0C0-A0B0C1,0,1,active,0.09648081362002998,0.59,0.00738510394390709,-0.0,1.9479084288515391,0.1428284940443772,1.0074342808285914,0.9404741480229476,0.018200798412053132,0.04548414753173802,0.031842472971895575,0.0020574533079002707,0.553354665231673,0.5990236968836555,10.545,8.0,24.0,0.0,11.525,8.0,26.0,0.0,11.035,26.0,0.007521409254807692
1586f04b8d3cc8c2,C,A0B1C0-A0B1C1,2,3,passive_episode,0.6629171654209928,0.49,0.021522389127650053,0.6625811989007048,23.520259652018737,0.5316866347329603,11.816865807743294,11.703393844275443,0.0184253739914908,0.052421612276795315,0.03542349313414306,0.0020427403863384212,0.5220433304888275,0.5747859838888658,2.0615,2.0,4.0,0.0,2.1365,2.0,4.0,0.0,2.099,4.0,0.008062900641025642
1586f04b8d3cc8c2,C,A0B1C0-A0B1C1,2,3,passive_steady,0.11432837029708583,0.6,0.007673581986265333,-0.0,2.2909823082687404,0.1465033717121576,1.1818309585555231,1.1091513497132173,0.0184253739914908,0.052421612276795315,0.03542349313414306,0.002265038161760993,0.5220433304888275,0.5747859838888658,8.9805,7.0,20.0,0.0,9.6025,7.0,20.100000000000136,0.0,9.2915,20.100000000000136,0.008062900641025642
1586f04b8d3cc8c2,C,A0B1C0-A0B1C1,2,3,active,0.11432837029708583,0.6,0.007880804900994999,-0.0,2.2909823082687404,0.15076290790734448,1.1818309585555231,1.1091513497132173,0.0184253739914908,0.052421612276795315,0.03542349313414306,0.002219017586697731,0.5220433304888275,0.5747859838888658,9.1375,6.0,21.0,0.0,9.612,7.0,21.100000000000136,0.0,9.374749999999999,21.100000000000136,0.008062900641025642
1586f04b8d3cc8c2,C,A1B0C0-A1B0C1,4,5,passive_episode,0.7140560266230089,0.42,0.02043476421175477,0.7129628613776641,25.601352248276832,0.5162524051601532,12.941969482457491,12.659382765819343,0.00968524382927427,0.08567608849151753,0.0476806661603959,0.0026575493156920696,0.6349757478159219,0.7218366334199331,1.917,1.0,4.0,0.0,1.928,1.0,4.0,0.0,1.9224999999999999,4.0,0.004169170673076923
1586f04b8d3cc8c2,C,A1B0C0-A1B0C1,4,5,passive_steady,0.16185688881908164,0.5700000000000001,0.009362767753090872,-0.0,3.154701857651836,0.16967623601158957,1.640675322214812,1.5140265354370241,0.00968524382927427,0.08567608849151753,0.0476806661603959,0.0029432184621389344,0.6349757478159219,0.7218366334199331,6.586,5.0,15.0,0.0,7.024,5.0,16.0,0.0,6.805,16.0,0.004169170673076923
1586f04b8d3cc8c2,C,A1B0C0-A1B0C1,4,5,active,0.16185688881908164,0.5700000000000001,0.009014927584541386,-0.0,3.154701857651836,0.16449256863926978,1.640675322214812,1.5140265354370241,0.00968524382927427,0.08567608849151753,0.0476806661603959,0.0026405362849993732,0.6349757478159219,0.7218366334199331,6.534,5.0,14.0,0.0,6.896,5.0,16.0,0.0,6.715,16.0,0.004169170673076923
1586f04b8d3cc8c2,C,A1B1C0-A1B1C1,6,7,passive_episode,0.7147712177696035,0.53,0.021294482428698643,0.7145626571728864,23.8482942823769,0.48312507058538856,11.811547413195665,12.036746869181236,0.03418686582021735,0.04255249651926363,0.03836968116974049,0.0023911324485116512,0.7561236098418149,0.8007146172471593,1.9515,1.0,4.0,0.0,1.9575,1.0,4.0,0.0,1.9545,4.0,0.003962590144230769
1586f04b8d3cc8c2,C,A1B1C0-A1B1C1,6,7,passive_steady,0.07077410187150228,0.5700000000000001,0.005979892846069354,-0.0,1.4443587355019014,0.11986111704128302,0.7529892436716515,0.6913694918302498,0.03418686582021735,0.04255249651926363,0.03836968116974049,0.0023618770024896475,0.7561236098418149,0.8007146172471593,13.8895,10.0,31.0,0.0,15.1635,11.0,32.0,0.0,14.5265,32.0,0.003962590144230769
1586f04b8d3cc8c2,C,A1B1C0-A1B1C1,6,7,active,0.07077410187150228,0.5700000000000001,0.005172195574818991,-0.0,1.4443587355019014,0.10274558499481162,0.7529892436716515,0.6913694918302498,0.03418686582021735,0.04255249651926363,0.03836968116974049,0.002672745310488769,0.7561236098418149,0.8007146172471593,14.1545,10.0,33.0,0.0,14.891,10.0,33.0,0.0,14.52275,33.0,0.003962590144230769
0a0624bec5569e2e,A,A0B0C0-A1B0C0,0,4,passive_episode,4.9530266223252655,0.62,0.5006530508271307,4.967865571645097,41.78297173778527,0.006892057151235624,20.77986735069218,21.00310438709309,0.0667554971434896,0.04494534842967113,0.05585042278658037,0.0024894644443648794,0.550187245773671,0.6231598975252268,1.0025,1.0,1.0,0.0,1.004,1.0,1.0,0.0,1.00325,1.0,0.0
0a0624bec5569e2e,A,A0B0C0-A1B0C0,0,4,passive_steady,4.9530266223252655,0.62,0.5346000857031795,4.967865571645097,41.78297173778527,0.00623752591090626,20.77986735069218,21.00310438709309,0.0667554971434896,0.04494534842967113,0.05585042278658037,0.002390453066590706,0.550187245773671,0.6231598975252268,1.001,1.0,1.0,0.0,1.0025,1.0,1.0,0.0,1.00175,1.0,0.0
0a0624bec5569e2e,A,A0B0C0-A1B0C0,0,4,active,4.9530266223252655,0.62,0.5262044405691889,4.967865571645097,41.78297173778527,0.006639559369845422,20.77986735069218,21.00310438709309,0.0667554971434896,0.04494534842967113,0.05585042278658037,0.0025035186460933582,0.550187245773671,0.6231598975252268,1.0015,1.0,1.0,0.0,1.0035,1.0,1.0,0.0,1.0025,1.0,0.0
0a0624bec5569e2e,A,A0B0C1-A1B0C1,1,5,passive_episode,5.608293612525998,0.5,0.13784624126904949,5.617859670939025,41.79021218995402,0.007560776612805805,20.999780034147445,20.79043215580657,0.09387409251234402,0.0639552122004261,0.07891465235638506,0.002787166210525922,0.5960144263279332,0.7051501442638966,1.002,1.0,1.0,0.0,1.0015,1.0,1.0,0.0,1.00175,1.0,0.0
0a0624bec5569e2e,A,A0B0C1-A1B0C1,1,5,passive_steady,5.608293612525998,0.5,0.13432011708486538,5.617859670939025,41.79021218995402,0.006914315529261226,20.999780034147445,20.79043215580657,0.09387409251234402,0.0639552122004261,0.07891465235638506,0.0027191960600664302,0.5960144263279332,0.7051501442638966,1.004,1.0,1.0,0.0,1.0045,1.0,1.0,0.0,1.0042499999999999,1.0,0.0
0a0624bec5569e2e,A,A0B0C1-A1B0C1,1,5,active,5.608293612525998,0.5,0.14626890689036878,5.617859670939025,41.79021218995402,0.006869805719211629,20.999780034147445,20.79043215580657,0.09387409251234402,0.0639552122004261,0.07891465235638506,0.0026794681522626833,0.5960144263279332,0.7051501442638966,1.006,1.0,1.0,0.0,1.0025,1.0,1.0,0.0,1.0042499999999999,1.0,0.0
0a0624bec5569e2e,A,A0B1C0-A1B1C0,2,6,passive_episode,4.7459093045312635,0.65,0.5442519460713012,4.745922063913576,41.7939802672593,0.00870424919969501,21.11814223586708,20.675838031392217,0.02109293423073666,0.02125655719865449,0.021174745714695575,0.0011446604580193673,0.530536603188061,0.7128321216351381,1.0045,1.0,1.0,0.0,1.0015,1.0,1.0,0.0,1.0030000000000001,1.0,0.0
0a0624bec5569e2e,A,A0B1C0-A1B1C0,2,6,passive_steady,4.745909304531263,0.65,0.5103505006853548,4.745922063913575,41.7939802672593,0.00792732373300165,21.11814223586708,20.675838031392217,0.02109293423073666,0.02125655719865449,0.021174745714695575,0.001181018953863138,0.530536603188061,0.7128321216351381,1.005,1.0,1.0,0.0,1.0025,1.0,1.0,0.0,1.00375,1.0,0.0
0a0624bec5569e2e,A,A0B1C0-A1B1C0,2,6,active,4.7459093045312635,0.65,0.5230691553704961,4.745922063913576,41.7939802672593,0.008715210964363371,21.11814223586708,20.675838031392217,0.02109293423073666,0.02125655719865449,0.021174745714695575,0.0011460064040478754,0.530536603188061,0.7128321216351381,1.0045,1.0,1.0,0.0,1.0035,1.0,1.0,0.0,1.004,1.0,0.0
0a0624bec5569e2e,A,A0B1C1-A1B1C1,3,7,passive_episode,6.119981603313712,0.51,0.15325598722123096,6.126276803496995,41.79764293420101,0.007444413903338935,21.013642952516904,20.783999981684104,0.05381570428153282,0.04569690438356844,0.04975630433255063,0.002268003636960908,0.5689047774448781,0.7522941849494131,1.0,1.0,1.0,0.0,1.0005,1.0,1.0,0.0,1.0002499999999999,1.0,0.00010016025641025641
0a0624bec5569e2e,A,A0B1C1-A1B1C1,3,7,passive_steady,6.119981603313712,0.51,0.15357420106717581,6.126276803496995,41.79764293420101,0.008226876871635137,21.013642952516904,20.783999981684104,0.05381570428153282,0.04569690438356844,0.04975630433255063,0.0020368189413758836,0.5689047774448781,0.7522941849494131,1.0,1.0,1.0,0.0,1.0025,1.0,1.0,0.0,1.00125,1.0,0.00010016025641025641
0a0624bec5569e2e,A,A0B1C1-A1B1C1,3,7,active,6.119981603313712,0.51,0.1467138737028056,6.126276803496995,41.79764293420101,0.007482270239776967,21.013642952516904,20.783999981684104,0.05381570428153282,0.04569690438356844,0.04975630433255063,0.002162570967408906,0.5689047774448781,0.7522941849494131,1.0,1.0,1.0,0.0,1.0035,1.0,1.0,0.0,1.00175,1.0,0.00010016025641025641
0a0624bec5569e2e,B,A0B0C0-A0B1C0,0,2,passive_episode,17.39352121266886,0.53,0.843986458232002,17.290703923149092,130.08728877663555,0.23356954489912465,65.32541649135428,64.76187228528127,0.03818557941860945,0.02163903975665704,0.029912309587633246,0.0014089047768503196,0.5552627536601733,0.5141760389020362,1.0,1.0,1.0,0.0,1.0,1.0,1.0,0.0,1.0,1.0,0.012986403245192308
0a0624bec5569e2e,B,A0B0C0-A0B1C0,0,2,passive_steady,21.059000788631675,0.47000000000000003,0.9381398966087741,20.926360567587878,147.36728877663555,0.2305531481285777,73.90023965809436,73.46704911854118,0.03818557941860945,0.02163903975665704,0.029912309587633246,0.0017521688207259919,0.5552627536601733,0.5141760389020362,1.0,1.0,1.0,0.0,1.0,1.0,1.0,0.0,1.0,1.0,0.012986403245192308
0a0624bec5569e2e,B,A0B0C0-A0B1C0,0,2,active,0.5788977478261559,0.52,0.018527007212796032,-0.0,9.127288776635538,0.21814647074488883,4.545048734100537,4.582240042535001,0.03818557941860945,0.02163903975665704,0.029912309587633246,0.0016849711138416175,0.5552627536601733,0.5141760389020362,2.267,2.0,5.0,0.0,2.232,2.0,4.0,0.0,2.2495000000000003,5.0,0.012986403245192308
0a0624bec5569e2e,B,A0B0C1-A0B1C1,1,3,passive_episode,19.91658205740609,0.5,0.45295352578387327,19.467125174687638,128.27558039955107,0.21404647891292347,63.82152501406091,64.45405538549016,0.06791841223142825,0.05334546208571567,0.06063193715857196,0.002660346812061558,0.5994813507976957,0.5697609288249765,1.0,1.0,1.0,0.0,1.0,1.0,1.0,0.0,1.0,1.0,0.01385967548076923
0a0624bec5569e2e,B,A0B0C1-A0B1C1,1,3,passive_steady,22.370014501538755,0.52,0.5752994929997653,21.841295014242746,145.55558039955105,0.2203907096865029,72.46008584807947,73.09549455147157,0.06791841223142825,0.05334546208571567,0.06063193715857196,0.002826732856329434,0.5994813507976957,0.5697609288249765,1.0,1.0,1.0,0.0,1.0,1.0,1.0,0.0,1.0,1.0,0.01385967548076923
0a0624bec5569e2e,B,A0B0C1-A0B1C1,1,3,active,0.43711137613233564,0.51,0.01549574909875969,-0.0,7.315580399551059,0.20789070300330198,3.6263325296673847,3.689247869883674,0.06791841223142825,0.05334546208571567,0.06063193715857196,0.002835903149461999,0.5994813507976957,0.5697609288249765,2.826,2.0,6.0,0.0,2.784,2.0,6.0,0.0,2.8049999999999997,6.0,0.01385967548076923
0a0624bec5569e2e,B,A1B0C0-A1B1C0,4,6,passive_episode,20.687449884400134,0.52,0.35180701899617944,19.49006782585132,127.18562480090621,0.20248439588628478,63.94749387692015,63.23813092398606,0.019158512322277943,0.02851144908490255,0.023834980703590247,0.0012660472688032706,0.6134753304795808,0.7014315003661125,1.0,1.0,1.0,0.0,1.0,1.0,1.0,0.0,1.0,1.0,0.008344601362179488
0a0624bec5569e2e,B,A1B0C0-A1B1C0,4,6,passive_steady,23.734019271567444,0.51,0.42439012664891496,22.916299555496728,144.46562480090623,0.2151968118951215,72.47797035715692,71.9876544437493,0.019158512322277943,0.02851144908490255,0.023834980703590247,0.0011655228135424934,0.6134753304795808,0.7014315003661125,1.0,1.0,1.0,0.0,1.0,1.0,1.0,0.0,1.0,1.0,0.008344601362179488
0a0624bec5569e2e,B,A1B0C0-A1B1C0,4,6,active,0.36928012537392724,0.51,0.013507107218048441,-0.0,6.225624800906215,0.19007762664340805,3.117755646661783,3.107869154244432,0.019158512322277943,0.02851144908490255,0.023834980703590247,0.0011933242919083512,0.6134753304795808,0.7014315003661125,3.3155,2.0,7.0,0.0,3.31,2.0,7.0,0.0,3.3127500000000003,7.0,0.008344601362179488
0a0624bec5569e2e,B,A1B0C1-A1B1C1,5,7,passive_episode,18.191367189894947,0.47000000000000003,0.5292005015377821,17.89377062937311,125.01576670816355,0.18401135768538443,62.313943137968934,62.70182357019462,0.03990018798926087,0.040211554690962714,0.04005587134011179,0.0022559457542370045,0.7112026305532524,0.7590618184184734,1.0,1.0,1.0,0.0,1.0,1.0,1.0,0.0,1.0,1.0,0.007940830328525642
0a0624bec5569e2e,B,A1B0C1-A1B1C1,5,7,passive_steady,21.277040867902205,0.45,0.9065325984820635,21.198884920853352,142.29576670816357,0.1760643693191897,70.98545880043494,71.31030790772863,0.03990018798926087,0.040211554690962714,0.04005587134011179,0.0020197884987754127,0.7112026305532524,0.7590618184184734,1.0,1.0,1.0,0.0,1.0,1.0,1.0,0.0,1.0,1.0,0.007940830328525642
0a0624bec5569e2e,B,A1B0C1-A1B1C1,5,7,active,0.22284173795396595,0.45,0.01100656869506458,-0.0,4.055766708163551,0.1762335876236738,1.9960660319811399,2.0597006761824113,0.03990018798926087,0.040211554690962714,0.04005587134011179,0.0018999704633560948,0.7112026305532524,0.7590618184184734,5.2365,4.0,11.0,0.0,5.081,3.0,11.0,0.0,5.15875,11.0,0.007940830328525642
0a0624bec5569e2e,C,A0B0C0-A0B0C1,0,1,passive_episode,0.7108799091093914,0.48,0.02287310648629678,0.7108798404999881,46.45682750752791,1.0525811597565655,23.102460201714038,23.354367305813874,0.018252488084051777,0.045669994814147685,0.03196124144909973,0.0022077288639932064,0.5533525187368653,0.599022513551013,1.9035,1.0,4.0,0.0,1.957,1.0,4.0,0.0,1.93025,4.0,0.007521409254807692
0a0624bec5569e2e,C,A0B0C0-A0B0C1,0,1,passive_steady,0.09648114123661586,0.59,0.007041618097901992,-0.0,1.9479603200279134,0.13684725680774912,1.0074330485063263,0.9405272715215871,0.018252488084051777,0.045669994814147685,0.03196124144909973,0.0020540105665854207,0.5533525187368653,0.599022513551013,10.6035,8.0,24.0,0.0,11.241,8.0,26.0,0.0,10.92225,26.0,0.007521409254807692
0a0624bec5569e2e,C,A0B0C0-A0B0C1,0,1,active,0.09648114123661586,0.59,0.006638044536318892,-0.0,1.9479603200279134,0.12895230537473498,1.0074330485063263,0.9405272715215871,0.018252488084051777,0.045669994814147685,0.03196124144909973,0.002117770101683979,0.5533525187368653,0.599022513551013,10.9375,8.0,24.0,0.0,11.144,8.0,24.0,0.0,11.04075,24.0,0.007521409254807692
0a0624bec5569e2e,C,A0B1C0-A0B1C1,2,3,passive_episode,0.6642685377787912,0.51,0.02103561189184097,0.6642684841536135,44.74955439504397,1.0151815896660412,22.485727528802876,22.263826866241093,0.0184906999231913,0.052742753459007474,0.03561672669109939,0.002430276462113908,0.5220422700616609,0.5747850235206684,2.099,2.0,4.0,0.0,2.0595,2.0,4.0,0.0,2.07925,4.0,0.008075420673076924
0a0624bec5569e2e,C,A0B1C0-A0B1C1,2,3,passive_steady,0.11433128819865102,0.6,0.007194090099807009,-0.0,2.290999707543972,0.1376634486648398,1.1818079694153565,1.1091917381286156,0.0184906999231913,0.052742753459007474,0.03561672669109939,0.002046096089903763,0.5220422700616609,0.5747850235206684,8.9225,6.0,20.0,0.0,9.303,7.0,21.0,0.0,9.11275,21.0,0.008075420673076924
0a0624bec5569e2e,C,A0B1C0-A0B1C1,2,3,active,0.11433128819865102,0.6,0.00809830713372745,-0.0,2.290999707543972,0.15236698475718108,1.1818079694153565,1.1091917381286156,0.0184906999231913,0.052742753459007474,0.03561672669109939,0.0022776215084546057,0.5220422700616609,0.5747850235206684,9.2135,6.0,20.0,0.0,9.5305,7.0,21.0,0.0,9.372,21.0,0.008075420673076924
0a0624bec5569e2e,C,A1B0C0-A1B0C1,4,5,passive_episode,0.7198668173234014,0.46,0.02391202864176762,0.7198665720506193,47.805849885603216,1.1069942379591469,24.02468967843236,23.781160207170856,0.01350059528395775,0.07762883505532159,0.04556471516963967,0.0029373235609244765,0.6185355776012358,0.6961644126565574,1.897,1.0,4.0,0.0,1.995,1.0,4.0,0.0,1.9460000000000002,4.0,0.005321013621794872
0a0624bec5569e2e,C,A1B0C0-A1B0C1,4,5,passive_steady,0.14898815641878407,0.5700000000000001,0.010019004776263312,-0.0,2.9125491043532197,0.18359693095559565,1.5201005677962787,1.392448536556941,0.01350059528395775,0.07762883505532159,0.04556471516963967,0.0027887139892821414,0.6185355776012358,0.6961644126565574,7.024,5.0,15.0,0.0,7.11,5.0,16.0,0.0,7.067,16.0,0.005321013621794872
0a0624bec5569e2e,C,A1B0C0-A1B0C1,4,5,active,0.14898815641878407,0.5700000000000001,0.00846360166116302,-0.0,2.9125491043532197,0.1540053676151739,1.5201005677962787,1.392448536556941,0.01350059528395775,0.07762883505532159,0.04556471516963967,0.002569744972899668,0.6185355776012358,0.6961644126565574,7.119,5.0,15.0,0.0,7.3355,5.0,16.0,0.0,7.22725,16.0,0.005321013621794872
0a0624bec5569e2e,C,A1B1C0-A1B1C1,6,7,passive_episode,0.7178606156259751,0.46,0.023344513059899697,0.7178580792070387,46.364716953214014,1.0419827899590273,23.138120950463783,23.226596002750235,0.03429041426014834,0.05027539738853193,0.04228290582434013,0.0025993370966589436,0.700163328595643,0.7504387259841749,2.004,2.0,4.0,0.0,1.967,1.0,4.0,0.0,1.9855,4.0,0.004964192708333333
0a0624bec5569e2e,C,A1B1C0-A1B1C1,6,7,passive_steady,0.07799530557155253,0.61,0.006160626777410933,-0.0,1.556845859464023,0.11947381179764437,0.8242484660846058,0.7325973933794173,0.03429041426014834,0.05027539738853193,0.04228290582434013,0.0025462104800452,0.700163328595643,0.7504387259841749,12.9735,9.0,29.0,0.0,14.02,10.0,31.0,0.0,13.496749999999999,31.0,0.004964192708333333
0a0624bec5569e2e,C,A1B1C0-A1B1C1,6,7,active,0.07799530557155253,0.61,0.006337940776357471,-0.0,1.556845859464023,0.12365148249087933,0.8242484660846058,0.7325973933794173,0.03429041426014834,0.05027539738853193,0.04228290582434013,0.0026320125595195635,0.700163328595643,0.7504387259841749,12.971,10.0,29.0,0.0,13.9145,10.0,32.0,0.0,13.44275,32.0,0.004964192708333333
9249e8d765be7b24,A,A0B0C0-A1B0C0,0,4,passive_episode,26.543513072724245,0.44,1.9192395475601858,26.539944561778732,181.35479680301842,0.020244020457755016,90.47582250996201,90.8789742930564,0.14441390066076565,0.08703567129612821,0.11572478597844693,0.0038079060513012174,0.4294019258127193,0.5389978778872191,1.0,1.0,1.0,0.0,1.0,1.0,1.0,0.0,1.0,1.0,3.7560096153846156e-05
9249e8d765be7b24,A,A0B0C0-A1B0C0,0,4,passive_steady,26.543513072724245,0.44,1.9580215348573957,26.539944561778732,181.35479680301842,0.018692744997305662,90.47582250996201,90.8789742930564,0.14441390066076565,0.08703567129612821,0.11572478597844693,0.0035914708287563776,0.4294019258127193,0.5389978778872191,1.0,1.0,1.0,0.0,1.0,1.0,1.0,0.0,1.0,1.0,3.7560096153846156e-05
9249e8d765be7b24,A,A0B0C0-A1B0C0,0,4,active,26.543513072724245,0.44,2.0732249514877457,26.539944561778732,181.35479680301842,0.018300404468905705,90.47582250996201,90.8789742930564,0.14441390066076565,0.08703567129612821,0.11572478597844693,0.0038922508837127404,0.4294019258127193,0.5389978778872191,1.0,1.0,1.0,0.0,1.0,1.0,1.0,0.0,1.0,1.0,3.7560096153846156e-05
9249e8d765be7b24,A,A0B0C1-A1B0C1,1,5,passive_episode,30.132168815119016,0.49,0.5000979934875667,30.480844723664617,181.3999557459593,0.01963380879192043,90.92305200112526,90.47690374483402,0.19354329502129275,0.14665663214604052,0.17009996358366664,0.003937740003640017,0.4551020716894385,0.6472030712880184,1.0,1.0,1.0,0.0,1.0,1.0,1.0,0.0,1.0,1.0,3.1300080128205125e-05
9249e8d765be7b24,A,A0B0C1-A1B0C1,1,5,passive_steady,30.132168815119016,0.49,0.49368994520579,30.480844723664617,181.3999557459593,0.02056601272649997,90.92305200112526,90.47690374483402,0.19354329502129275,0.14665663214604052,0.17009996358366664,0.0038493448069304927,0.4551020716894385,0.6472030712880184,1.0,1.0,1.0,0.0,1.0,1.0,1.0,0.0,1.0,1.0,3.1300080128205125e-05
9249e8d765be7b24,A,A0B0C1-A1B0C1,1,5,active,30.132168815119016,0.49,0.4953111782629105,30.480844723664617,181.3999557459593,0.020607255910541425,90.92305200112526,90.47690374483402,0.19354329502129275,0.14665663214604052,0.17009996358366664,0.004010717693121391,0.4551020716894385,0.6472030712880184,1.0,1.0,1.0,0.0,1.0,1.0,1.0,0.0,1.0,1.0,3.1300080128205125e-05
9249e8d765be7b24,A,A0B1C0-A1B1C0,2,6,passive_episode,26.66550934855247,0.43,1.7873407627879154,26.665316609431155,181.40871228435728,0.017307573895127677,91.17006351076816,90.23864877358912,0.06925439350834495,0.09887728237596605,0.0840658379421555,0.0029064041389513123,0.41823598769607173,0.692773809183997,1.0,1.0,1.0,0.0,1.0,1.0,1.0,0.0,1.0,1.0,2.8170072115384617e-05
9249e8d765be7b24,A,A0B1C0-A1B1C0,2,6,passive_steady,26.66550934855247,0.43,1.8012031043722103,26.665316609431155,181.40871228435728,0.01866834131891683,91.17006351076816,90.23864877358912,0.06925439350834495,0.09887728237596605,0.0840658379421555,0.003002601836513375,0.41823598769607173,0.692773809183997,1.0,1.0,1.0,0.0,1.0,1.0,1.0,0.0,1.0,1.0,2.8170072115384617e-05
9249e8d765be7b24,A,A0B1C0-A1B1C0,2,6,active,26.66550934855247,0.43,1.7549367471151944,26.66531660943116,181.40871228435728,0.01987079644628808,91.17006351076816,90.23864877358912,0.06925439350834495,0.09887728237596605,0.0840658379421555,0.002816069090687099,0.41823598769607173,0.692773809183997,1.0,1.0,1.0,0.0,1.0,1.0,1.0,0.0,1.0,1.0,2.8170072115384617e-05
9249e8d765be7b24,A,A0B1C1-A1B1C1,3,7,passive_episode,32.260476865045554,0.52,0.2709551586981494,32.251742566317844,181.43182827721597,0.021256405379941126,90.96923973193708,90.46258854527889,0.13269869589247918,0.1478746846779302,0.14028669028520468,0.00356996273735435,0.4378119860837941,0.7348188861630973,1.0,1.0,1.0,0.0,1.0,1.0,1.0,0.0,1.0,1.0,2.5040064102564102e-05
9249e8d765be7b24,A,A0B1C1-A1B1C1,3,7,passive_steady,32.260476865045554,0.52,0.2827910524490635,32.251742566317844,181.43182827721597,0.020813450119522618,90.96923973193708,90.46258854527889,0.13269869589247918,0.1478746846779302,0.14028669028520468,0.003629820652658169,0.4378119860837941,0.7348188861630973,1.0,1.0,1.0,0.0,1.0,1.0,1.0,0.0,1.0,1.0,2.5040064102564102e-05
9249e8d765be7b24,A,A0B1C1-A1B1C1,3,7,active,32.260476865045554,0.52,0.28267367409095034,32.251742566317844,181.43182827721597,0.02200950764396889,90.96923973193708,90.46258854527889,0.13269869589247918,0.1478746846779302,0.14028669028520468,0.004117883488301545,0.4378119860837941,0.7348188861630973,1.0,1.0,1.0,0.0,1.0,1.0,1.0,0.0,1.0,1.0,2.5040064102564102e-05
9249e8d765be7b24,B,A0B0C0-A0B1C0,0,2,passive_episode,12.739285730168035,0.55,0.6642152410257832,12.583273194565399,102.54993849083556,0.22401568197968763,51.48625562848825,51.06368286234731,0.03334929599576952,0.025986415130752505,0.029667855563261014,0.001547353500492825,0.4361832186992345,0.406332840806769,1.0,1.0,1.0,0.0,1.0,1.0,1.0,0.0,1.0,1.0,0.014886318108974358
9249e8d765be7b24,B,A0B0C0-A0B1C0,0,2,passive_steady,15.495538070872252,0.47000000000000003,0.7917869015430755,15.27419584213422,115.77993849083555,0.2451547133675477,58.04422589938584,57.73571259144971,0.03334929599576952,0.025986415130752505,0.029667855563261014,0.001586765652853815,0.4361832186992345,0.406332840806769,1.0,1.0,1.0,0.0,1.0,1.0,1.0,0.0,1.0,1.0,0.014886318108974358
9249e8d765be7b24,B,A0B0C0-A0B1C0,0,2,active,0.6426686651916349,0.54,0.020431138869114546,-0.0,9.939938490835594,0.20807934149689125,4.918433840891259,5.021504649944335,0.03334929599576952,0.025986415130752505,0.029667855563261014,0.001812609056356764,0.4361832186992345,0.406332840806769,2.1365,2.0,4.0,0.0,2.107,2.0,4.0,0.0,2.12175,4.0,0.014886318108974358
9249e8d765be7b24,B,A0B0C1-A0B1C1,1,3,passive_episode,15.531590388202442,0.49,0.2792599881705363,14.339908686845305,101.14613208030883,0.21994067657632627,50.345425108681184,50.80070697162765,0.06171835842938833,0.04750299662263302,0.054610677526010676,0.002702037417545123,0.45359366738232865,0.4351457965455694,1.0,1.0,1.0,0.0,1.0,1.0,1.0,0.0,1.0,1.0,0.015762720352564104
9249e8d765be7b24,B,A0B0C1-A0B1C1,1,3,passive_steady,16.847718617650198,0.53,0.6705138027837422,16.068947302724386,114.37613208030882,0.22942912534354826,56.95916583844743,57.41696624186139,0.06171835842938833,0.04750299662263302,0.054610677526010676,0.0026889910790362037,0.45359366738232865,0.4351457965455694,1.0,1.0,1.0,0.0,1.0,1.0,1.0,0.0,1.0,1.0,0.015762720352564104
9249e8d765be7b24,B,A0B0C1-A0B1C1,1,3,active,0.5251176990788798,0.48,0.019724225164523865,-0.0,8.53613208030886,0.23726988481524963,4.2896316848368645,4.246500395471996,0.06171835842938833,0.04750299662263302,0.054610677526010676,0.0026302080313096946,0.45359366738232865,0.4351457965455694,2.465,2.0,5.0,0.0,2.414,2.0,5.0,0.0,2.4395,5.0,0.015762720352564104
9249e8d765be7b24,B,A1B0C0-A1B1C0,4,6,passive_episode,14.576449230048842,0.49,0.43368680669983856,14.41098812024104,98.54261466022764,0.18365674467207738,49.70627957657839,48.83633508364925,0.011627797607410173,0.042163864672154716,0.026895831139782445,0.0015664150743094367,0.5371239962492567,0.6898282730087146,1.0,1.0,1.0,0.0,1.0,1.0,1.0,0.0,1.0,1.0,0.007737379807692308
9249e8d765be7b24,B,A1B0C0-A1B1C0,4,6,passive_steady,17.077265673328984,0.5,0.4557416678583779,16.965774784607177,111.77261466022765,0.20715572091914122,56.22544649678557,55.54716816344207,0.011627797607410173,0.042163864672154716,0.026895831139782445,0.0014837186195855423,0.5371239962492567,0.6898282730087146,1.0,1.0,1.0,0.0,1.0,1.0,1.0,0.0,1.0,1.0,0.007737379807692308
9249e8d765be7b24,B,A1B0C0-A1B1C0,4,6,active,0.3389528833624525,0.51,0.014189255509698188,-0.0,5.932614660227679,0.20342961742009716,3.0952586251023373,2.8373560351253415,0.011627797607410173,0.042163864672154716,0.026895831139782445,0.0016444648001598969,0.5371239962492567,0.6898282730087146,3.342,2.0,7.0,0.0,3.4885,3.0,7.0,0.0,3.4152500000000003,7.0,0.007737379807692308
9249e8d765be7b24,B,A1B0C1-A1B1C1,5,7,passive_episode,13.157018545518861,0.48,0.43698708093468897,13.103522921081781,96.45581865520177,0.17317358829641302,48.16129350238393,48.29452515281784,0.031021486624815964,0.04066345268007865,0.035842469652447306,0.0020239428546846034,0.6547780282402655,0.7498240683317121,1.0,1.0,1.0,0.0,1.0,1.0,1.0,0.0,1.0,1.0,0.007593399439102564
9249e8d765be7b24,B,A1B0C1-A1B1C1,5,7,passive_steady,15.54493991751106,0.45,0.8063371951806378,15.493867784745756,109.68581865520176,0.17293091719726256,54.80386970704167,54.881948948160094,0.031021486624815964,0.04066345268007865,0.035842469652447306,0.0021291057281338623,0.6547780282402655,0.7498240683317121,1.0,1.0,1.0,0.0,1.0,1.0,1.0,0.0,1.0,1.0,0.007593399439102564
9249e8d765be7b24,B,A1B0C1-A1B1C1,5,7,active,0.2057877220550434,0.63,0.010363725874821123,-0.0,3.845818655201805,0.17432391047394546,1.998151034644625,1.8476676205571805,0.031021486624815964,0.04066345268007865,0.035842469652447306,0.0021306479593340417,0.6547780282402655,0.7498240683317121,5.3865,4.0,12.0,0.0,5.395,4.0,12.0,0.0,5.39075,12.0,0.007593399439102564
9249e8d765be7b24,C,A0B0C0-A0B0C1,0,1,passive_episode,0.710879911616837,0.48,0.02115159303344024,0.7108798404999881,46.73614691540484,0.9465017678581027,23.240539716134677,23.49560719927016,0.010506342850817418,0.03160620197416364,0.02105627241249053,0.001481508658910671,0.43131504592137304,0.4629212478955367,1.977,2.0,4.0,0.0,2.066,2.0,4.0,0.0,2.0215,4.0,0.009937775440705128
9249e8d765be7b24,C,A0B0C0-A0B0C1,0,1,passive_steady,0.10959950745237824,0.62,0.006899616659397907,-0.0,2.2272797279048415,0.13074431747439177,1.1455125629269678,1.0817671649778737,0.010506342850817418,0.03160620197416364,0.02105627241249053,0.0015144803172378867,0.43131504592137304,0.4629212478955367,9.181,7.0,20.0,0.0,9.883,7.0,22.0,0.0,9.532,22.0,0.009937775440705128
9249e8d765be7b24,C,A0B0C0-A0B0C1,0,1,active,0.10959950745237824,0.62,0.007208977516785089,-0.0,2.2272797279048415,0.13897870278200725,1.1455125629269678,1.0817671649778737,0.010506342850817418,0.03160620197416364,0.02105627241249053,0.0015351351519768707,0.43131504592137304,0.4629212478955367,9.4215,7.0,22.0,0.0,9.72,7.0,22.0,0.0,9.57075,22.0,0.009937775440705128
9249e8d765be7b24,C,A0B1C0-A0B1C1,2,3,passive_episode,0.664269022330814,0.52,0.02083265386524051,0.6642684841536135,44.76150535606694,0.9965334758602347,22.482252210925886,22.279253145141055,0.015927648860170507,0.03356952162499027,0.02474858524258039,0.0018206519909256859,0.41034492138389567,0.44391444300888594,2.0965,2.0,4.0,0.0,2.073,2.0,4.0,0.0,2.0847499999999997,4.0,0.0106201171875
9249e8d765be7b24,C,A0B1C0-A0B1C1,2,3,passive_steady,0.11320811963150904,0.53,0.007255463405785334,-0.0,2.302950668566945,0.1408525508330763,1.1783326515383654,1.1246180170285793,0.015927648860170507,0.03356952162499027,0.02474858524258039,0.0016518741442330847,0.41034492138389567,0.44391444300888594,9.26,6.0,21.0,0.0,9.847,7.0,22.0,0.0,9.5535,22.0,0.0106201171875
9249e8d765be7b24,C,A0B1C0-A0B1C1,2,3,active,0.11320811963150904,0.53,0.007244795081042956,-0.0,2.302950668566945,0.13979525078949537,1.1783326515383654,1.1246180170285793,0.015927648860170507,0.03356952162499027,0.02474858524258039,0.0018061772382168414,0.41034492138389567,0.44391444300888594,9.4195,7.0,21.0,0.0,9.4275,7.0,21.0,0.0,9.4235,21.0,0.0106201171875
9249e8d765be7b24,C,A1B0C0-A1B0C1,4,5,passive_episode,0.7198669639526567,0.46,0.02178138386421106,0.7198665720506193,49.010111993985426,1.0046891152950959,24.619157310585067,24.39095468340036,0.010998675846998651,0.10271254931498675,0.0568556125809927,0.0029112779083755183,0.5349435036885808,0.6376560530035675,1.9105,1.0,4.0,0.0,1.976,1.0,4.0,0.0,1.94325,4.0,0.005659054487179487
9249e8d765be7b24,C,A1B0C0-A1B0C1,4,5,passive_steady,0.21463217280838576,0.59,0.011354277029549222,-0.0,4.11681121273543,0.19297924078148967,2.114568199948985,2.0022430127864452,0.010998675846998651,0.10271254931498675,0.0568556125809927,0.003077625688869009,0.5349435036885808,0.6376560530035675,5.011,4.0,11.0,0.0,5.2915,4.0,12.0,0.0,5.15125,12.0,0.005659054487179487
9249e8d765be7b24,C,A1B0C0-A1B0C1,4,5,active,0.21463217280838576,0.59,0.010307318866915447,-0.0,4.11681121273543,0.17626468379643304,2.114568199948985,2.0022430127864452,0.010998675846998651,0.10271254931498675,0.0568556125809927,0.0028105416692974262,0.5349435036885808,0.6376560530035675,5.11,4.0,11.0,0.0,5.334,4.0,11.0,0.0,5.2219999999999995,11.0,0.005659054487179487
9249e8d765be7b24,C,A1B1C0-A1B1C1,6,7,passive_episode,0.71786058611202,0.46,0.021143098774551925,0.7178580792070387,46.76241472456844,0.9641078662282754,23.313384817685836,23.4490299068826,0.04316440295534818,0.05434369932500971,0.048754051140178944,0.0026278413286590354,0.683344378288119,0.7376880776131287,1.9315,1.0,4.0,0.0,1.8995,1.0,4.0,0.0,1.9155,4.0,0.005502554086538462
9249e8d765be7b24,C,A1B1C0-A1B1C1,6,7,passive_steady,0.09538491952560454,0.58,0.007003423350751788,-0.0,1.9545436308184374,0.13710685153922447,0.9995123333066558,0.9550312975117816,0.04316440295534818,0.05434369932500971,0.048754051140178944,0.0027395987239351716,0.683344378288119,0.7376880776131287,10.738,8.0,24.0,0.0,11.2425,8.0,25.0,0.0,10.99025,25.0,0.005502554086538462
9249e8d765be7b24,C,A1B1C0-A1B1C1,6,7,active,0.09538491952560454,0.58,0.00696337242973387,-0.0,1.9545436308184374,0.1366162591054373,0.9995123333066558,0.9550312975117816,0.04316440295534818,0.05434369932500971,0.048754051140178944,0.002847270055876428,0.683344378288119,0.7376880776131287,10.8245,8.0,24.0,0.0,11.2665,8.0,25.0,0.0,11.0455,25.0,0.005502554086538462
c95034cb6b9f528d,A,A0B0C0-A1B0C0,0,4,passive_episode,11.493333168583826,0.41000000000000003,1.6127539926417538,11.500408033237084,94.00616889562643,0.010884406914340781,46.83475309448152,47.17141580114491,0.19500336139672214,0.11433120053672496,0.15466728096672355,0.0039448834044691124,0.5045331278594745,0.6768420591384157,1.0,1.0,1.0,0.0,1.0,1.0,1.0,0.0,1.0,1.0,0.0
c95034cb6b9f528d,A,A0B0C0-A1B0C0,0,4,passive_steady,11.493333168583826,0.41000000000000003,1.5216357330866102,11.500408033237084,94.00616889562643,0.01061022692518085,46.83475309448152,47.17141580114491,0.19500336139672214,0.11433120053672496,0.15466728096672355,0.0035283014536768896,0.5045331278594745,0.6768420591384157,1.0,1.0,1.0,0.0,1.0,1.0,1.0,0.0,1.0,1.0,0.0
c95034cb6b9f528d,A,A0B0C0-A1B0C0,0,4,active,11.493333168583826,0.41000000000000003,1.4591334268577645,11.500408033237084,94.00616889562643,0.010110782316316898,46.83475309448152,47.17141580114491,0.19500336139672214,0.11433120053672496,0.15466728096672355,0.0038011232852256487,0.5045331278594745,0.6768420591384157,1.0,1.0,1.0,0.0,1.0,1.0,1.0,0.0,1.0,1.0,0.0
c95034cb6b9f528d,A,A0B0C1-A1B0C1,1,5,passive_episode,14.262294479712658,0.49,0.24536091684657477,14.234944342727541,94.03002669124149,0.012141556282422555,47.17547496811785,46.85455172312365,0.21015906190012146,0.1531048370690371,0.18163194948457928,0.003864144654373139,0.5216983200846101,0.7404613085423009,1.0,1.0,1.0,0.0,1.0,1.0,1.0,0.0,1.0,1.0,6.2600160256410254e-06
c95034cb6b9f528d,A,A0B0C1-A1B0C1,1,5,passive_steady,14.262294479712658,0.49,0.2525317312856968,14.234944342727541,94.03002669124149,0.01259531974667285,47.17547496811785,46.85455172312365,0.21015906190012146,0.1531048370690371,0.18163194948457928,0.003924026363353714,0.5216983200846101,0.7404613085423009,1.0,1.0,1.0,0.0,1.0,1.0,1.0,0.0,1.0,1.0,6.2600160256410254e-06
c95034cb6b9f528d,A,A0B0C1-A1B0C1,1,5,active,14.262294479712658,0.49,0.2187254851522383,14.234944342727541,94.03002669124149,0.011021718443157899,47.17547496811785,46.85455172312365,0.21015906190012146,0.1531048370690371,0.18163194948457928,0.0039962225371181805,0.5216983200846101,0.7404613085423009,1.0,1.0,1.0,0.0,1.0,1.0,1.0,0.0,1.0,1.0,6.2600160256410254e-06
c95034cb6b9f528d,A,A0B1C0-A1B1C0,2,6,passive_episode,11.174995379412215,0.39,1.5476836324297236,11.180688655856038,94.09049865182698,0.015629846741782433,47.375419629420065,46.71507902240691,0.05558341027199987,0.05037963555840719,0.05298152291520353,0.001997783930175723,0.3265177714442018,0.5868150366778266,1.0,1.0,1.0,0.0,1.0,1.0,1.0,0.0,1.0,1.0,1.2520032051282051e-05
c95034cb6b9f528d,A,A0B1C0-A1B1C0,2,6,passive_steady,11.174995379412215,0.39,1.538928820364307,11.180688655856038,94.09049865182698,0.014706614340376227,47.375419629420065,46.71507902240691,0.05558341027199987,0.05037963555840719,0.05298152291520353,0.001905949804397727,0.3265177714442018,0.5868150366778266,1.0,1.0,1.0,0.0,1.0,1.0,1.0,0.0,1.0,1.0,1.2520032051282051e-05
c95034cb6b9f528d,A,A0B1C0-A1B1C0,2,6,active,11.174995379412215,0.39,1.5260786195050937,11.180688655856038,94.09049865182698,0.014601805572260478,47.375419629420065,46.71507902240691,0.05558341027199987,0.05037963555840719,0.05298152291520353,0.0019775688789803974,0.3265177714442018,0.5868150366778266,1.0,1.0,1.0,0.0,1.0,1.0,1.0,0.0,1.0,1.0,1.2520032051282051e-05
c95034cb6b9f528d,A,A0B1C1-A1B1C1,3,7,passive_episode,15.091953402222824,0.53,0.33777646623188307,15.087260638379927,94.0520683376117,0.013299028326736682,47.20734315123367,46.844725186378035,0.10266114395855652,0.10061325623772177,0.10163720009813915,0.0032947266773090825,0.4071072413480792,0.6858186822044061,1.0,1.0,1.0,0.0,1.0,1.0,1.0,0.0,1.0,1.0,6.2600160256410254e-06
c95034cb6b9f528d,A,A0B1C1-A1B1C1,3,7,passive_steady,15.091953402222824,0.53,0.3223896601565253,15.087260638379927,94.0520683376117,0.012515348038424622,47.20734315123367,46.844725186378035,0.10266114395855652,0.10061325623772177,0.10163720009813915,0.0032688339941274493,0.4071072413480792,0.6858186822044061,1.0,1.0,1.0,0.0,1.0,1.0,1.0,0.0,1.0,1.0,6.2600160256410254e-06
c95034cb6b9f528d,A,A0B1C1-A1B1C1,3,7,active,15.091953402222824,0.53,0.33895058982003495,15.087260638379927,94.0520683376117,0.013048884695926044,47.20734315123367,46.844725186378035,0.10266114395855652,0.10061325623772177,0.10163720009813915,0.00306343082081676,0.4071072413480792,0.6858186822044061,1.0,1.0,1.0,0.0,1.0,1.0,1.0,0.0,1.0,1.0,6.2600160256410254e-06
c95034cb6b9f528d,B,A0B0C0-A0B1C0,0,2,passive_episode,11.389778859076433,0.63,1.5043162494430418,11.331287301152148,107.55642606126054,0.20890355066354488,53.93906158386604,53.6173644773945,0.07680116329392916,0.007435843894370464,0.042118503594149814,0.0023800398109478484,0.5010079399863443,0.3195248871333476,1.0,1.0,1.0,0.0,1.0,1.0,1.0,0.0,1.0,1.0,0.01166240985576923
c95034cb6b9f528d,B,A0B0C0-A0B1C0,0,2,passive_steady,21.099101362786588,0.47000000000000003,0.8551260178768633,20.926360567587878,147.87642606126056,0.24537660406646614,74.02606917538347,73.85035688587709,0.07680116329392916,0.007435843894370464,0.042118503594149814,0.002378276002079345,0.5010079399863443,0.3195248871333476,1.0,1.0,1.0,0.0,1.0,1.0,1.0,0.0,1.0,1.0,0.01166240985576923
c95034cb6b9f528d,B,A0B0C0-A0B1C0,0,2,active,0.612069902644554,0.41000000000000003,0.020296845480782262,-0.0,9.636426061260536,0.22798017135198395,4.670878251389629,4.965547809870906,0.07680116329392916,0.007435843894370464,0.042118503594149814,0.002212063239884608,0.5010079399863443,0.3195248871333476,2.237,2.0,4.0,0.0,2.1475,2.0,4.0,0.0,2.19225,4.0,0.01166240985576923
c95034cb6b9f528d,B,A0B0C1-A0B1C1,1,3,passive_episode,14.892845515249656,0.51,0.747802918704886,14.788959250298634,124.5378295570431,0.44196838784333736,61.95422588691604,62.58360367012706,0.09684763023517462,0.04237151322064392,0.06960957172790927,0.002824851332271748,0.5308944741617836,0.41391719152331063,1.0,1.0,1.0,0.0,1.0,1.0,1.0,0.0,1.0,1.0,0.014626527443910256
c95034cb6b9f528d,B,A0B0C1-A0B1C1,1,3,passive_steady,22.518054607364157,0.53,0.622091018648646,21.841295014242746,146.9872045570431,0.2495844209831504,73.21365118983687,73.77355336720623,0.09684763023517462,0.04237151322064392,0.06960957172790927,0.002765141597269038,0.5308944741617836,0.41391719152331063,1.0,1.0,1.0,0.0,1.0,1.0,1.0,0.0,1.0,1.0,0.014626527443910256
c95034cb6b9f528d,B,A0B0C1-A0B1C1,1,3,active,0.531650209344873,0.45,0.01826341466771022,-0.0,8.747204557043105,0.23012527334401464,4.3798978714247685,4.367306685618336,0.09684763023517462,0.04237151322064392,0.06960957172790927,0.0031208186953547157,0.5308944741617836,0.41391719152331063,2.4475,2.0,5.0,0.0,2.5065,2.0,5.0,0.0,2.477,5.0,0.014626527443910256
c95034cb6b9f528d,B,A1B0C0-A1B1C0,4,6,passive_episode,15.52671050710018,0.49,0.3338796742984779,14.637632393545534,101.38446319309696,0.16065872873462425,50.86110426681622,50.523358926280736,0.017646005158269418,0.013951132777719977,0.015798568967994697,0.0011221513422577107,0.666376522829836,0.575054621810267,1.0,1.0,1.0,0.0,1.0,1.0,1.0,0.0,1.0,1.0,0.00433193108974359
c95034cb6b9f528d,B,A1B0C0-A1B1C0,4,6,passive_steady,23.670309155432076,0.51,0.4080746376076361,22.916299555496728,141.70446319309693,0.14810077498847468,70.89687678183893,70.807586411258,0.017646005158269418,0.013951132777719977,0.015798568967994697,0.001247924905283656,0.666376522829836,0.575054621810267,1.0,1.0,1.0,0.0,1.0,1.0,1.0,0.0,1.0,1.0,0.00433193108974359
c95034cb6b9f528d,B,A1B0C0-A1B1C0,4,6,active,0.19613533585841822,0.37,0.009566117288646023,-0.0,3.4644631930969396,0.15238855199297452,1.5366620713437942,1.9278011217531454,0.017646005158269418,0.013951132777719977,0.015798568967994697,0.0012391299514448895,0.666376522829836,0.575054621810267,6.158,4.0,13.100000000000136,0.0,5.297,4.0,12.0,0.0,5.7275,13.100000000000136,0.00433193108974359
c95034cb6b9f528d,B,A1B0C1-A1B1C1,5,7,passive_episode,14.962454035618453,0.46,0.9964598657501608,14.65061936290578,118.95083081851558,0.41693192185350175,59.307773611426185,59.643057207089406,0.0393957530031912,0.04092347388432671,0.04015961344375896,0.0022282824247919527,0.7431655372819463,0.7009211358243803,1.0,1.0,1.0,0.0,1.0,1.0,1.0,0.0,1.0,1.0,0.006691957131410256
c95034cb6b9f528d,B,A1B0C1-A1B1C1,5,7,passive_steady,21.25587979901161,0.45,0.951724221636862,21.198884920853352,141.46770581851558,0.16002542732187536,70.52986949045834,70.93783632805726,0.0393957530031912,0.04092347388432671,0.04015961344375896,0.002020328357618959,0.7431655372819463,0.7009211358243803,1.0,1.0,1.0,0.0,1.0,1.0,1.0,0.0,1.0,1.0,0.006691957131410256
c95034cb6b9f528d,B,A1B0C1-A1B1C1,5,7,active,0.1773787840241436,0.4,0.009242177340468989,-0.0,3.2277058185155867,0.15365047241186103,1.540476722004534,1.6872290965110528,0.0393957530031912,0.04092347388432671,0.04015961344375896,0.002200830817307285,0.7431655372819463,0.7009211358243803,6.796,5.0,15.0,0.0,6.134,4.0,13.0,0.0,6.465,15.0,0.006691957131410256
c95034cb6b9f528d,C,A0B0C0-A0B0C1,0,1,passive_episode,0.7029219191527725,0.63,0.02272213049400065,0.7026747230022798,24.254846898049863,0.554924245652863,12.051656272085195,12.203190625964666,0.016215239950348348,0.032847568357254886,0.024531404153801617,0.0016821790720353313,0.5002272652429767,0.5350461401213664,1.957,1.0,4.0,0.0,2.004,1.0,4.0,0.0,1.9805000000000001,4.0,0.009017553084935898
c95034cb6b9f528d,C,A0B0C0-A0B0C1,0,1,passive_steady,0.0881476282196547,0.59,0.00639899604236956,-0.0,1.7256672105498634,0.122973544052727,0.9071507075363637,0.8185165030134998,0.016215239950348348,0.032847568357254886,0.024531404153801617,0.0017033619084496875,0.5002272652429767,0.5350461401213664,11.8325,8.0,26.0,0.0,12.0765,8.0,28.0,0.0,11.9545,28.0,0.009017553084935898
c95034cb6b9f528d,C,A0B0C0-A0B0C1,0,1,active,0.0881476282196547,0.59,0.006206105428260634,-0.0,1.7256672105498634,0.11973205082172604,0.9071507075363637,0.8185165030134998,0.016215239950348348,0.032847568357254886,0.024531404153801617,0.0016430888808189614,0.5002272652429767,0.5350461401213664,12.009,9.0,26.0,0.0,11.9065,8.0,27.0,0.0,11.95775,27.0,0.009017553084935898
c95034cb6b9f528d,C,A0B1C0-A0B1C1,2,3,passive_episode,0.6642697455103472,0.53,0.022282801890605518,0.6642693575459604,47.43636298764348,1.1299585746803709,23.914769346110205,23.521593641533272,0.007337021377587405,0.07297890264122486,0.040157962009406134,0.002232465633750655,0.3244601990207343,0.40956878062538493,2.0345,2.0,4.0,0.0,2.0395,2.0,4.0,0.0,2.037,4.0,0.01232597155448718
c95034cb6b9f528d,C,A0B1C0-A0B1C1,2,3,passive_steady,0.2671131358467631,0.58,0.013379190123177231,-0.0,4.977808300143479,0.22030548503131486,2.583678663971577,2.394129636171902,0.007337021377587405,0.07297890264122486,0.040157962009406134,0.002153330884744253,0.3244601990207343,0.40956878062538493,4.111,3.0,9.0,0.0,4.3375,3.0,9.0,0.0,4.22425,9.0,0.01232597155448718
c95034cb6b9f528d,C,A0B1C0-A0B1C1,2,3,active,0.2671131358467631,0.58,0.012679108138026935,-0.0,4.977808300143479,0.20655423887097665,2.583678663971577,2.394129636171902,0.007337021377587405,0.07297890264122486,0.040157962009406134,0.002200700153648871,0.3244601990207343,0.40956878062538493,4.022,3.0,8.0,0.0,4.3625,3.0,9.0,0.0,4.19225,9.0,0.01232597155448718
c95034cb6b9f528d,C,A1B0C0-A1B0C1,4,5,passive_episode,0.714653741367461,0.43,0.020668071087517254,0.7137308829956794,24.64567113907111,0.5005100711829686,12.448364405195015,12.197306733876093,0.013523401484562214,0.03671510270766731,0.025119252096114764,0.0018958135083328963,0.669958789611961,0.7323595235423355,1.934,1.0,4.0,0.0,1.9785,1.0,4.0,0.0,1.9562499999999998,4.0,0.005183293269230769
c95034cb6b9f528d,C,A1B0C0-A1B0C1,4,5,passive_steady,0.1006454198395332,0.67,0.0068805625558050094,-0.0,1.9219016078211135,0.12671059439715332,0.9953087795994902,0.9265928282216234,0.013523401484562214,0.03671510270766731,0.025119252096114764,0.0016099127109611131,0.669958789611961,0.7323595235423355,10.724,8.0,23.0,0.0,10.474,7.0,23.0,0.0,10.599,23.0,0.005183293269230769
c95034cb6b9f528d,C,A1B0C0-A1B0C1,4,5,active,0.1006454198395332,0.67,0.006739912330401372,-0.0,1.9219016078211135,0.12486270222967713,0.9953087795994902,0.9265928282216234,0.013523401484562214,0.03671510270766731,0.025119252096114764,0.0018146661838483258,0.669958789611961,0.7323595235423355,10.769,8.0,25.0,0.0,10.712,7.0,25.0,0.0,10.7405,25.0,0.005183293269230769
c95034cb6b9f528d,C,A1B1C0-A1B1C1,6,7,passive_episode,0.7178634015988986,0.46,0.0239094293659683,0.7178596356237935,48.00792854486923,1.0873953912618386,24.11734364809658,23.890584896772655,0.00819951319974166,0.06912790486717313,0.038663709033457394,0.0021239521503976346,0.5872851511555126,0.6922550888115566,1.977,1.0,4.0,0.0,1.8935,1.0,4.0,0.0,1.93525,4.0,0.007305438701923077
c95034cb6b9f528d,C,A1B1C0-A1B1C1,6,7,passive_steady,0.16860096572801853,0.62,0.00933036524301711,-0.0,3.2000574511192346,0.1635929994882187,1.6920176668083795,1.508039784310855,0.00819951319974166,0.06912790486717313,0.038663709033457394,0.0023901895636016957,0.5872851511555126,0.6922550888115566,6.011,4.0,13.0,0.0,6.6685,5.0,15.0,0.0,6.33975,15.0,0.007305438701923077
c95034cb6b9f528d,C,A1B1C0-A1B1C1,6,7,active,0.16860096572801853,0.62,0.009529134412696936,-0.0,3.2000574511192346,0.16928819746399396,1.6920176668083795,1.508039784310855,0.00819951319974166,0.06912790486717313,0.038663709033457394,0.002266539647041855,0.5872851511555126,0.6922550888115566,6.2955,5.0,14.0,0.0,6.485,5.0,14.0,0.0,6.39025,14.0,0.007305438701923077
