arm,seed,context,episode,regret
MF,21101,A0B0C0,0,0.30359896946813647
MF,21101,A0B0C0,256,0.18241450727852104
MF,21101,A0B0C0,512,0.1345631862800225
MF,21101,A0B0C0,1024,0.051798381528510795
MF,21101,A0B0C0,2048,0.02862329566683597
MF,21101,A0B0C0,3072,0.027606822823200705
MF,21101,A0B0C0,4096,0.03036121208143161
MF,21101,A1B0C0,0,0.32444283654111405
MF,21101,A1B0C0,256,0.14421175016561172
MF,21101,A1B0C0,512,0.056775339966300464
MF,21101,A1B0C0,1024,0.043622653870297956
MF,21101,A1B0C0,2048,0.03019114728048322
MF,21101,A1B0C0,3072,0.03262597509200171
MF,21101,A1B0C0,4096,0.033552857252682866
MF,21101,A0B1C0,0,0.32702510975092114
MF,21101,A0B1C0,256,0.17977114043428033
MF,21101,A0B1C0,512,0.09047798697537957
MF,21101,A0B1C0,1024,0.08433630392923952
MF,21101,A0B1C0,2048,0.05256319151579447
MF,21101,A0B1C0,3072,0.05133098230022126
MF,21101,A0B1C0,4096,0.047761246484450126
MF,21101,A0B0C1,0,0.3439125610803293
MF,21101,A0B0C1,256,0.2023984295280239
MF,21101,A0B0C1,512,0.13488106800672295
MF,21101,A0B0C1,1024,0.07325725643267855
MF,21101,A0B0C1,2048,0.05909318815673936
MF,21101,A0B0C1,3072,0.06458626941826662
MF,21101,A0B0C1,4096,0.06265418257592525
MF,21101,A1B1C1,0,0.6475520333259177
MF,21101,A1B1C1,256,0.25483206814901305
MF,21101,A1B1C1,512,0.15449601094111243
MF,21101,A1B1C1,1024,0.08542374652112317
MF,21101,A1B1C1,2048,0.06520065119297547
MF,21101,A1B1C1,3072,0.06657625820738433
MF,21101,A1B1C1,4096,0.06476627424787562
MF,21102,A0B0C0,0,0.26616820145769715
MF,21102,A0B0C0,256,0.1183004174259703
MF,21102,A0B0C0,512,0.06407749618624736
MF,21102,A0B0C0,1024,0.05184861079856473
MF,21102,A0B0C0,2048,0.04220296063260909
MF,21102,A0B0C0,3072,0.04429418742076052
MF,21102,A0B0C0,4096,0.04480163134764048
MF,21102,A1B0C0,0,0.21526784536297017
MF,21102,A1B0C0,256,0.1109650762068548
MF,21102,A1B0C0,512,0.07857187006378874
MF,21102,A1B0C0,1024,0.06959644425966305
MF,21102,A1B0C0,2048,0.057311500196834064
MF,21102,A1B0C0,3072,0.05879161692997137
MF,21102,A1B0C0,4096,0.05715166031214114
MF,21102,A0B1C0,0,0.341195517887233
MF,21102,A0B1C0,256,0.16981768703988198
MF,21102,A0B1C0,512,0.12996879633217917
MF,21102,A0B1C0,1024,0.07689845812868157
MF,21102,A0B1C0,2048,0.056545019172137057
MF,21102,A0B1C0,3072,0.046540254916244805
MF,21102,A0B1C0,4096,0.05178787984726396
MF,21102,A0B0C1,0,0.48047780422808506
MF,21102,A0B0C1,256,0.1990849465623259
MF,21102,A0B0C1,512,0.14903832166081443
MF,21102,A0B0C1,1024,0.09141091615561603
MF,21102,A0B0C1,2048,0.06881188993486598
MF,21102,A0B0C1,3072,0.07973298701423381
MF,21102,A0B0C1,4096,0.07297195008176072
MF,21102,A1B1C1,0,0.39615649538049125
MF,21102,A1B1C1,256,0.2531841864030482
MF,21102,A1B1C1,512,0.12534476274061923
MF,21102,A1B1C1,1024,0.10340259646191985
MF,21102,A1B1C1,2048,0.09476689596639165
MF,21102,A1B1C1,3072,0.08604194228511064
MF,21102,A1B1C1,4096,0.06843333184283162
MF,21103,A0B0C0,0,0.29471031254341273
MF,21103,A0B0C0,256,0.11007972962451706
MF,21103,A0B0C0,512,0.060572581568518746
MF,21103,A0B0C0,1024,0.045328480244359426
MF,21103,A0B0C0,2048,0.041856000595923426
MF,21103,A0B0C0,3072,0.03501969616913225
MF,21103,A0B0C0,4096,0.039980637751889425
MF,21103,A1B0C0,0,0.18370704520214964
MF,21103,A1B0C0,256,0.15910416543581407
MF,21103,A1B0C0,512,0.09466365682037914
MF,21103,A1B0C0,1024,0.06624242694218196
MF,21103,A1B0C0,2048,0.03742302914937001
MF,21103,A1B0C0,3072,0.03576959935063506
MF,21103,A1B0C0,4096,0.03636196189146634
MF,21103,A0B1C0,0,0.20670811880564788
MF,21103,A0B1C0,256,0.11102289971381563
MF,21103,A0B1C0,512,0.08419725401273359
MF,21103,A0B1C0,1024,0.04162640323292344
MF,21103,A0B1C0,2048,0.05751421121080558
MF,21103,A0B1C0,3072,0.0557077014979499
MF,21103,A0B1C0,4096,0.05189395578427147
MF,21103,A0B0C1,0,0.3971209054047078
MF,21103,A0B0C1,256,0.23516139189511298
MF,21103,A0B0C1,512,0.1510794357788825
MF,21103,A0B0C1,1024,0.10886499980833086
MF,21103,A0B0C1,2048,0.08405286808089363
MF,21103,A0B0C1,3072,0.07409048098185966
MF,21103,A0B0C1,4096,0.07688662674875779
MF,21103,A1B1C1,0,0.4079723583502224
MF,21103,A1B1C1,256,0.2628800775459066
MF,21103,A1B1C1,512,0.12521478550645426
MF,21103,A1B1C1,1024,0.1163782284897108
MF,21103,A1B1C1,2048,0.06603106816076965
MF,21103,A1B1C1,3072,0.04924350494756524
MF,21103,A1B1C1,4096,0.05918755250901775
MF,21104,A0B0C0,0,0.4058466363847151
MF,21104,A0B0C0,256,0.15651151288437992
MF,21104,A0B0C0,512,0.14511347318340073
MF,21104,A0B0C0,1024,0.1269750197608186
MF,21104,A0B0C0,2048,0.10619792201735034
MF,21104,A0B0C0,3072,0.10129689863281754
MF,21104,A0B0C0,4096,0.10145731796088997
MF,21104,A1B0C0,0,0.23931326115180696
MF,21104,A1B0C0,256,0.12500805969248097
MF,21104,A1B0C0,512,0.08710631492468224
MF,21104,A1B0C0,1024,0.04514942408103284
MF,21104,A1B0C0,2048,0.04292177912542128
MF,21104,A1B0C0,3072,0.035012851654117494
MF,21104,A1B0C0,4096,0.037580751203710516
MF,21104,A0B1C0,0,0.25199955188085843
MF,21104,A0B1C0,256,0.1480012636030712
MF,21104,A0B1C0,512,0.09079934725036143
MF,21104,A0B1C0,1024,0.06483510083515087
MF,21104,A0B1C0,2048,0.046070000826119006
MF,21104,A0B1C0,3072,0.04477736503645868
MF,21104,A0B1C0,4096,0.0387937097638984
MF,21104,A0B0C1,0,0.3137632683871061
MF,21104,A0B0C1,256,0.15708193677842086
MF,21104,A0B0C1,512,0.11291769899834314
MF,21104,A0B0C1,1024,0.09266076589998784
MF,21104,A0B0C1,2048,0.07879618735599925
MF,21104,A0B0C1,3072,0.07165410517354243
MF,21104,A0B0C1,4096,0.07512530134412998
MF,21104,A1B1C1,0,0.4769843008349457
MF,21104,A1B1C1,256,0.1797767624912745
MF,21104,A1B1C1,512,0.1548205925827606
MF,21104,A1B1C1,1024,0.09239252926260644
MF,21104,A1B1C1,2048,0.07612966658740428
MF,21104,A1B1C1,3072,0.06078167778761845
MF,21104,A1B1C1,4096,0.05342954486742668
MF,21105,A0B0C0,0,0.32300011231215153
MF,21105,A0B0C0,256,0.1272626792835525
MF,21105,A0B0C0,512,0.078837947607314
MF,21105,A0B0C0,1024,0.03925392493793245
MF,21105,A0B0C0,2048,0.0280523493158209
MF,21105,A0B0C0,3072,0.029215672968742723
MF,21105,A0B0C0,4096,0.031644019281323654
MF,21105,A1B0C0,0,0.32811877914602716
MF,21105,A1B0C0,256,0.13015643066565774
MF,21105,A1B0C0,512,0.0689360634713605
MF,21105,A1B0C0,1024,0.05045167886866553
MF,21105,A1B0C0,2048,0.04980652526162377
MF,21105,A1B0C0,3072,0.045655922698192075
MF,21105,A1B0C0,4096,0.03812533174522903
MF,21105,A0B1C0,0,0.3515252984767647
MF,21105,A0B1C0,256,0.1656122431390057
MF,21105,A0B1C0,512,0.0996746065128633
MF,21105,A0B1C0,1024,0.06620544802363781
MF,21105,A0B1C0,2048,0.04094002212680836
MF,21105,A0B1C0,3072,0.04082493866822201
MF,21105,A0B1C0,4096,0.03521017125951209
MF,21105,A0B0C1,0,0.3394337880413949
MF,21105,A0B0C1,256,0.19321477227621253
MF,21105,A0B0C1,512,0.1364121643880103
MF,21105,A0B0C1,1024,0.10173533864307283
MF,21105,A0B0C1,2048,0.1032768471400205
MF,21105,A0B0C1,3072,0.09243242184924183
MF,21105,A0B0C1,4096,0.08397890860364621
MF,21105,A1B1C1,0,0.4147652026845692
MF,21105,A1B1C1,256,0.22038272458650843
MF,21105,A1B1C1,512,0.1520505777196024
MF,21105,A1B1C1,1024,0.10378049128423728
MF,21105,A1B1C1,2048,0.0776242569200929
MF,21105,A1B1C1,3072,0.059693321636545615
MF,21105,A1B1C1,4096,0.05674424574994941
MF,21106,A0B0C0,0,0.39458853389449855
MF,21106,A0B0C0,256,0.23536122177424623
MF,21106,A0B0C0,512,0.1431563081722631
MF,21106,A0B0C0,1024,0.06839315837717441
MF,21106,A0B0C0,2048,0.051631808414424274
MF,21106,A0B0C0,3072,0.05280010519614775
MF,21106,A0B0C0,4096,0.05562367494780762
MF,21106,A1B0C0,0,0.19702988347693173
MF,21106,A1B0C0,256,0.07437488994265173
MF,21106,A1B0C0,512,0.0757616166078221
MF,21106,A1B0C0,1024,0.0702579990046881
MF,21106,A1B0C0,2048,0.05654155002973704
MF,21106,A1B0C0,3072,0.05226756819535261
MF,21106,A1B0C0,4096,0.04676662752088756
MF,21106,A0B1C0,0,0.2457326903957311
MF,21106,A0B1C0,256,0.17137975847629727
MF,21106,A0B1C0,512,0.13638389999900857
MF,21106,A0B1C0,1024,0.07737468843379425
MF,21106,A0B1C0,2048,0.07485602699104543
MF,21106,A0B1C0,3072,0.0764660819495484
MF,21106,A0B1C0,4096,0.0703190780138816
MF,21106,A0B0C1,0,0.4225734338455651
MF,21106,A0B0C1,256,0.1855227809599862
MF,21106,A0B0C1,512,0.12052113948431398
MF,21106,A0B0C1,1024,0.0925635861435321
MF,21106,A0B0C1,2048,0.07604790026729091
MF,21106,A0B0C1,3072,0.06866687759721124
MF,21106,A0B0C1,4096,0.05829050527833202
MF,21106,A1B1C1,0,0.474170193339297
MF,21106,A1B1C1,256,0.2617287858584021
MF,21106,A1B1C1,512,0.2066776276109299
MF,21106,A1B1C1,1024,0.10188135435668455
MF,21106,A1B1C1,2048,0.08583565487766398
MF,21106,A1B1C1,3072,0.08197211561160245
MF,21106,A1B1C1,4096,0.07556304732271046
MF,21107,A0B0C0,0,0.37862552412428485
MF,21107,A0B0C0,256,0.13753987053346384
MF,21107,A0B0C0,512,0.12071320657898355
MF,21107,A0B0C0,1024,0.06690582048609306
MF,21107,A0B0C0,2048,0.037369938960531535
MF,21107,A0B0C0,3072,0.03834057931219714
MF,21107,A0B0C0,4096,0.04126052495105048
MF,21107,A1B0C0,0,0.40375630357705594
MF,21107,A1B0C0,256,0.15985919484982025
MF,21107,A1B0C0,512,0.06193530235444733
MF,21107,A1B0C0,1024,0.058329631025337836
MF,21107,A1B0C0,2048,0.040953127818139645
MF,21107,A1B0C0,3072,0.03580126868408229
MF,21107,A1B0C0,4096,0.038070595422178055
MF,21107,A0B1C0,0,0.42370055352565217
MF,21107,A0B1C0,256,0.16504437329007882
MF,21107,A0B1C0,512,0.13271661716557492
MF,21107,A0B1C0,1024,0.09303940051378135
MF,21107,A0B1C0,2048,0.055694212510989605
MF,21107,A0B1C0,3072,0.045405064917421356
MF,21107,A0B1C0,4096,0.050612637589975584
MF,21107,A0B0C1,0,0.3888213448531004
MF,21107,A0B0C1,256,0.19731689685611808
MF,21107,A0B0C1,512,0.15458459227630783
MF,21107,A0B0C1,1024,0.09547207377157774
MF,21107,A0B0C1,2048,0.0636810645605923
MF,21107,A0B0C1,3072,0.06280378641238382
MF,21107,A0B0C1,4096,0.06574954573554503
MF,21107,A1B1C1,0,0.4735713574389777
MF,21107,A1B1C1,256,0.22587109129392413
MF,21107,A1B1C1,512,0.16340632021123458
MF,21107,A1B1C1,1024,0.08971081613353915
MF,21107,A1B1C1,2048,0.08373732199416395
MF,21107,A1B1C1,3072,0.08300331720713183
MF,21107,A1B1C1,4096,0.07482205658490892
MF,21108,A0B0C0,0,0.397163776928803
MF,21108,A0B0C0,256,0.1945679174299686
MF,21108,A0B0C0,512,0.10805380411206666
MF,21108,A0B0C0,1024,0.07240549100679194
MF,21108,A0B0C0,2048,0.06103049441611308
MF,21108,A0B0C0,3072,0.05002337388786149
MF,21108,A0B0C0,4096,0.04676364626300833
MF,21108,A1B0C0,0,0.2509206246814646
MF,21108,A1B0C0,256,0.1755902562019087
MF,21108,A1B0C0,512,0.08055866451346283
MF,21108,A1B0C0,1024,0.04354994082514452
MF,21108,A1B0C0,2048,0.03630300191629887
MF,21108,A1B0C0,3072,0.04025174503966733
MF,21108,A1B0C0,4096,0.04308322713301216
MF,21108,A0B1C0,0,0.406389217970879
MF,21108,A0B1C0,256,0.137014200083601
MF,21108,A0B1C0,512,0.11716770208213623
MF,21108,A0B1C0,1024,0.058239272252704755
MF,21108,A0B1C0,2048,0.049704044295433736
MF,21108,A0B1C0,3072,0.04239257435610133
MF,21108,A0B1C0,4096,0.04480210823241304
MF,21108,A0B0C1,0,0.41493482533978243
MF,21108,A0B0C1,256,0.15018232988018765
MF,21108,A0B0C1,512,0.13534609015465993
MF,21108,A0B0C1,1024,0.09254280656532243
MF,21108,A0B0C1,2048,0.07059310569069233
MF,21108,A0B0C1,3072,0.07726236677474052
MF,21108,A0B0C1,4096,0.07447133313327159
MF,21108,A1B1C1,0,0.3598226944424816
MF,21108,A1B1C1,256,0.2621505539706237
MF,21108,A1B1C1,512,0.13229738645672962
MF,21108,A1B1C1,1024,0.09910000120836404
MF,21108,A1B1C1,2048,0.05636192428061371
MF,21108,A1B1C1,3072,0.05806626370900059
MF,21108,A1B1C1,4096,0.060844822030905465
MF,21109,A0B0C0,0,0.14821377038441508
MF,21109,A0B0C0,256,0.10126254842859783
MF,21109,A0B0C0,512,0.060938999087834844
MF,21109,A0B0C0,1024,0.0546798325355593
MF,21109,A0B0C0,2048,0.0472920016850531
MF,21109,A0B0C0,3072,0.0431699634674243
MF,21109,A0B0C0,4096,0.039372393455153976
MF,21109,A1B0C0,0,0.287274002587119
MF,21109,A1B0C0,256,0.11295969873917544
MF,21109,A1B0C0,512,0.12212770505162718
MF,21109,A1B0C0,1024,0.06587320977536537
MF,21109,A1B0C0,2048,0.06101814057369648
MF,21109,A1B0C0,3072,0.05225854027938137
MF,21109,A1B0C0,4096,0.053036373113366064
MF,21109,A0B1C0,0,0.32708344330530936
MF,21109,A0B1C0,256,0.06705910884102595
MF,21109,A0B1C0,512,0.07493136078420637
MF,21109,A0B1C0,1024,0.05872816296530914
MF,21109,A0B1C0,2048,0.05570966486603757
MF,21109,A0B1C0,3072,0.04411312701797909
MF,21109,A0B1C0,4096,0.04703929973110332
MF,21109,A0B0C1,0,0.2252420115991205
MF,21109,A0B0C1,256,0.1838180981978157
MF,21109,A0B0C1,512,0.1523503561672337
MF,21109,A0B0C1,1024,0.09203271254827383
MF,21109,A0B0C1,2048,0.05785666717180371
MF,21109,A0B0C1,3072,0.056586284832507605
MF,21109,A0B0C1,4096,0.06115839912418197
MF,21109,A1B1C1,0,0.35340006921831213
MF,21109,A1B1C1,256,0.14846663229700585
MF,21109,A1B1C1,512,0.13352790619830213
MF,21109,A1B1C1,1024,0.08734951713757999
MF,21109,A1B1C1,2048,0.06884043440910625
MF,21109,A1B1C1,3072,0.07132173692948962
MF,21109,A1B1C1,4096,0.07837523935466661
MF,21110,A0B0C0,0,0.3183434601755448
MF,21110,A0B0C0,256,0.14559754998443264
MF,21110,A0B0C0,512,0.09683417422041396
MF,21110,A0B0C0,1024,0.06634320776996017
MF,21110,A0B0C0,2048,0.06246812650871769
MF,21110,A0B0C0,3072,0.057348614879218385
MF,21110,A0B0C0,4096,0.05400370123256781
MF,21110,A1B0C0,0,0.2874770740011954
MF,21110,A1B0C0,256,0.10765014778958282
MF,21110,A1B0C0,512,0.0480994587283079
MF,21110,A1B0C0,1024,0.03420831469142804
MF,21110,A1B0C0,2048,0.03100577198262533
MF,21110,A1B0C0,3072,0.03697061117932021
MF,21110,A1B0C0,4096,0.03288592103060939
MF,21110,A0B1C0,0,0.4503998024293301
MF,21110,A0B1C0,256,0.17130983164539204
MF,21110,A0B1C0,512,0.1219909576056919
MF,21110,A0B1C0,1024,0.10866931006123082
MF,21110,A0B1C0,2048,0.05834710515124408
MF,21110,A0B1C0,3072,0.05904062195399762
MF,21110,A0B1C0,4096,0.051439842088349064
MF,21110,A0B0C1,0,0.37522672807229585
MF,21110,A0B0C1,256,0.2590423488337228
MF,21110,A0B0C1,512,0.16985346376146992
MF,21110,A0B0C1,1024,0.10308550592887533
MF,21110,A0B0C1,2048,0.08078403081252583
MF,21110,A0B0C1,3072,0.06992318515510831
MF,21110,A0B0C1,4096,0.07154208686938723
MF,21110,A1B1C1,0,0.2708227018346121
MF,21110,A1B1C1,256,0.19784692949515037
MF,21110,A1B1C1,512,0.13228954954403793
MF,21110,A1B1C1,1024,0.08345309865595318
MF,21110,A1B1C1,2048,0.06820839239660392
MF,21110,A1B1C1,3072,0.07354167357956065
MF,21110,A1B1C1,4096,0.06662284518294337
MF,21111,A0B0C0,0,0.26237570576646974
MF,21111,A0B0C0,256,0.15897287350482658
MF,21111,A0B0C0,512,0.1256390071299469
MF,21111,A0B0C0,1024,0.08101516068068904
MF,21111,A0B0C0,2048,0.05593034526673302
MF,21111,A0B0C0,3072,0.0445644184526528
MF,21111,A0B0C0,4096,0.04315523064217697
MF,21111,A1B0C0,0,0.13679778552258526
MF,21111,A1B0C0,256,0.14635908852893653
MF,21111,A1B0C0,512,0.053397644081475626
MF,21111,A1B0C0,1024,0.04801775612767889
MF,21111,A1B0C0,2048,0.04901340832882717
MF,21111,A1B0C0,3072,0.031308652737938036
MF,21111,A1B0C0,4096,0.032187790240273184
MF,21111,A0B1C0,0,0.45993975000699683
MF,21111,A0B1C0,256,0.22160970802817426
MF,21111,A0B1C0,512,0.12860614270148263
MF,21111,A0B1C0,1024,0.06433307140327349
MF,21111,A0B1C0,2048,0.045599277449506204
MF,21111,A0B1C0,3072,0.0400349157833193
MF,21111,A0B1C0,4096,0.04069366368598981
MF,21111,A0B0C1,0,0.29758810574207484
MF,21111,A0B0C1,256,0.20737425193879666
MF,21111,A0B0C1,512,0.1370402168632956
MF,21111,A0B0C1,1024,0.1051471308781542
MF,21111,A0B0C1,2048,0.08583440237732276
MF,21111,A0B0C1,3072,0.0698449168916726
MF,21111,A0B0C1,4096,0.07140115267726843
MF,21111,A1B1C1,0,0.6931431971362416
MF,21111,A1B1C1,256,0.3034522935764268
MF,21111,A1B1C1,512,0.13080080907331304
MF,21111,A1B1C1,1024,0.08240986511238724
MF,21111,A1B1C1,2048,0.07490511457397364
MF,21111,A1B1C1,3072,0.06973698131787431
MF,21111,A1B1C1,4096,0.06622297567911328
MF,21112,A0B0C0,0,0.38246294534513803
MF,21112,A0B0C0,256,0.11782206397543638
MF,21112,A0B0C0,512,0.08142959579911979
MF,21112,A0B0C0,1024,0.07884016980462638
MF,21112,A0B0C0,2048,0.04327005228403458
MF,21112,A0B0C0,3072,0.04726195511879494
MF,21112,A0B0C0,4096,0.04742242218060566
MF,21112,A1B0C0,0,0.2501998958883105
MF,21112,A1B0C0,256,0.10954549290509696
MF,21112,A1B0C0,512,0.09994966054452936
MF,21112,A1B0C0,1024,0.06094946987909955
MF,21112,A1B0C0,2048,0.06423363152098416
MF,21112,A1B0C0,3072,0.04928049242108434
MF,21112,A1B0C0,4096,0.051645901975049036
MF,21112,A0B1C0,0,0.2721226422990628
MF,21112,A0B1C0,256,0.12981250440391134
MF,21112,A0B1C0,512,0.12764938580288865
MF,21112,A0B1C0,1024,0.10021481690306899
MF,21112,A0B1C0,2048,0.054334948415037054
MF,21112,A0B1C0,3072,0.051929098375906424
MF,21112,A0B1C0,4096,0.04995746704691406
MF,21112,A0B0C1,0,0.2627214045612747
MF,21112,A0B0C1,256,0.11182680203295847
MF,21112,A0B0C1,512,0.09890568073028572
MF,21112,A0B0C1,1024,0.05888800145814921
MF,21112,A0B0C1,2048,0.0514082168817831
MF,21112,A0B0C1,3072,0.05608224228051606
MF,21112,A0B0C1,4096,0.0544364767757366
MF,21112,A1B1C1,0,0.5173659541399527
MF,21112,A1B1C1,256,0.22328892585398963
MF,21112,A1B1C1,512,0.14050285225069103
MF,21112,A1B1C1,1024,0.10726731391470867
MF,21112,A1B1C1,2048,0.07200728510975019
MF,21112,A1B1C1,3072,0.07840208044949293
MF,21112,A1B1C1,4096,0.0744724176324012
MB,21101,A0B0C0,0,0.3032282294582118
MB,21101,A0B0C0,256,0.2456596253005916
MB,21101,A0B0C0,512,0.12572743361115934
MB,21101,A0B0C0,1024,0.05166101943380719
MB,21101,A0B0C0,2048,0.004814503043403917
MB,21101,A0B0C0,3072,0.004955224924957147
MB,21101,A0B0C0,4096,0.0038572739146203183
MB,21101,A1B0C0,0,0.2004665865817481
MB,21101,A1B0C0,256,0.2902868182153018
MB,21101,A1B0C0,512,0.18333275484202538
MB,21101,A1B0C0,1024,0.032657586643924486
MB,21101,A1B0C0,2048,0.005514817685830398
MB,21101,A1B0C0,3072,0.0066548590681692055
MB,21101,A1B0C0,4096,0.0064345037293889185
MB,21101,A0B1C0,0,0.2872602319278932
MB,21101,A0B1C0,256,0.22773776695076853
MB,21101,A0B1C0,512,0.07931371571402046
MB,21101,A0B1C0,1024,0.053441105157553626
MB,21101,A0B1C0,2048,0.01059122699823023
MB,21101,A0B1C0,3072,0.005110082074400779
MB,21101,A0B1C0,4096,0.007190986560135393
MB,21101,A0B0C1,0,0.3394337880413949
MB,21101,A0B0C1,256,0.2698503569155468
MB,21101,A0B0C1,512,0.1452824323501467
MB,21101,A0B0C1,1024,0.08305425256630539
MB,21101,A0B0C1,2048,0.015789255717256978
MB,21101,A0B0C1,3072,0.01058765508068582
MB,21101,A0B0C1,4096,0.011549377163036834
MB,21101,A1B1C1,0,0.4538661098450789
MB,21101,A1B1C1,256,0.26047727821437183
MB,21101,A1B1C1,512,0.36393687094638105
MB,21101,A1B1C1,1024,0.11637022276533315
MB,21101,A1B1C1,2048,0.0414153990009587
MB,21101,A1B1C1,3072,0.03590493047669474
MB,21101,A1B1C1,4096,0.02775624739934024
MB,21102,A0B0C0,0,0.22761803104378586
MB,21102,A0B0C0,256,0.26422971237095494
MB,21102,A0B0C0,512,0.038812353257270615
MB,21102,A0B0C0,1024,0.0839657446423483
MB,21102,A0B0C0,2048,0.010682597021153484
MB,21102,A0B0C0,3072,0.0052307966203195555
MB,21102,A0B0C0,4096,0.0027581063424202412
MB,21102,A1B0C0,0,0.521484878548502
MB,21102,A1B0C0,256,0.07550796991238151
MB,21102,A1B0C0,512,0.08903867774396712
MB,21102,A1B0C0,1024,0.04399125442328211
MB,21102,A1B0C0,2048,0.00582683293144326
MB,21102,A1B0C0,3072,0.007350324199215219
MB,21102,A1B0C0,4096,0.007337613252417441
MB,21102,A0B1C0,0,0.3170095805237101
MB,21102,A0B1C0,256,0.2729301139457383
MB,21102,A0B1C0,512,0.055362264996533295
MB,21102,A0B1C0,1024,0.054594182052878804
MB,21102,A0B1C0,2048,0.004799559793184471
MB,21102,A0B1C0,3072,0.005638346028696173
MB,21102,A0B1C0,4096,0.0045561973894883145
MB,21102,A0B0C1,0,0.4752292695650331
MB,21102,A0B0C1,256,0.14684490332955757
MB,21102,A0B0C1,512,0.1207133679233583
MB,21102,A0B0C1,1024,0.08872939897267829
MB,21102,A0B0C1,2048,0.012676478850438322
MB,21102,A0B0C1,3072,0.012638613934455645
MB,21102,A0B0C1,4096,0.015184544945079814
MB,21102,A1B1C1,0,0.2543325868611217
MB,21102,A1B1C1,256,0.2918306517258338
MB,21102,A1B1C1,512,0.15236142353860682
MB,21102,A1B1C1,1024,0.05731003262748846
MB,21102,A1B1C1,2048,0.044424145762087086
MB,21102,A1B1C1,3072,0.02983213047007771
MB,21102,A1B1C1,4096,0.029247732772203605
MB,21103,A0B0C0,0,0.22761803104378586
MB,21103,A0B0C0,256,0.2698853922721365
MB,21103,A0B0C0,512,0.0823271458615098
MB,21103,A0B0C0,1024,0.07566640341809316
MB,21103,A0B0C0,2048,0.005080491000609921
MB,21103,A0B0C0,3072,0.0021192155337081964
MB,21103,A0B0C0,4096,0.0036532880921864574
MB,21103,A1B0C0,0,0.2902868182153018
MB,21103,A1B0C0,256,0.17261014135562558
MB,21103,A1B0C0,512,0.13346846198364126
MB,21103,A1B0C0,1024,0.03418264476210142
MB,21103,A1B0C0,2048,0.0043960890865557545
MB,21103,A1B0C0,3072,0.004541898334310623
MB,21103,A1B0C0,4096,0.0028698558707471733
MB,21103,A0B1C0,0,0.3034715040671898
MB,21103,A0B1C0,256,0.23453436041927445
MB,21103,A0B1C0,512,0.1658727533167781
MB,21103,A0B1C0,1024,0.08062915445214713
MB,21103,A0B1C0,2048,0.007273194851785014
MB,21103,A0B1C0,3072,0.00516153238473871
MB,21103,A0B1C0,4096,0.0054100887628130145
MB,21103,A0B0C1,0,0.3446413126011212
MB,21103,A0B0C1,256,0.18974906985143924
MB,21103,A0B0C1,512,0.10834037811329011
MB,21103,A0B0C1,1024,0.08501346765847506
MB,21103,A0B0C1,2048,0.01886777215831348
MB,21103,A0B0C1,3072,0.015679795326073
MB,21103,A0B0C1,4096,0.015252734916412436
MB,21103,A1B1C1,0,0.26047727821437183
MB,21103,A1B1C1,256,0.26047727821437183
MB,21103,A1B1C1,512,0.17056793290226357
MB,21103,A1B1C1,1024,0.06358524286726075
MB,21103,A1B1C1,2048,0.03288709304875992
MB,21103,A1B1C1,3072,0.03461264303522116
MB,21103,A1B1C1,4096,0.03360641605125059
MB,21104,A0B0C0,0,0.15540183277420372
MB,21104,A0B0C0,256,0.15540183277420372
MB,21104,A0B0C0,512,0.1260831351057461
MB,21104,A0B0C0,1024,0.055854497207595166
MB,21104,A0B0C0,2048,0.004730530200734773
MB,21104,A0B0C0,3072,0.004405083115404551
MB,21104,A0B0C0,4096,0.004364749668202883
MB,21104,A1B0C0,0,0.5244137517976153
MB,21104,A1B0C0,256,0.19752307801021507
MB,21104,A1B0C0,512,0.22241263604160544
MB,21104,A1B0C0,1024,0.042885698007213424
MB,21104,A1B0C0,2048,0.006693536239221309
MB,21104,A1B0C0,3072,0.006093238572054904
MB,21104,A1B0C0,4096,0.0061535675953430236
MB,21104,A0B1C0,0,0.3128591118858206
MB,21104,A0B1C0,256,0.14620321202619513
MB,21104,A0B1C0,512,0.18159692814378614
MB,21104,A0B1C0,1024,0.09960926979873985
MB,21104,A0B1C0,2048,0.010244577109132624
MB,21104,A0B1C0,3072,0.008140687913444022
MB,21104,A0B1C0,4096,0.0043835786793735565
MB,21104,A0B0C1,0,0.19495322419058914
MB,21104,A0B0C1,256,0.18749347838189934
MB,21104,A0B0C1,512,0.14112989327478687
MB,21104,A0B0C1,1024,0.0941529513947379
MB,21104,A0B0C1,2048,0.019563791388647722
MB,21104,A0B0C1,3072,0.0198033624984828
MB,21104,A0B0C1,4096,0.015194318955499497
MB,21104,A1B1C1,0,0.3943951746537908
MB,21104,A1B1C1,256,0.3198653245053995
MB,21104,A1B1C1,512,0.3513211877500524
MB,21104,A1B1C1,1024,0.079703655864376
MB,21104,A1B1C1,2048,0.009681201064926093
MB,21104,A1B1C1,3072,0.011590491512156742
MB,21104,A1B1C1,4096,0.010591791720542698
MB,21105,A0B0C0,0,0.4803862739923246
MB,21105,A0B0C0,256,0.22761803104378586
MB,21105,A0B0C0,512,0.11699257922140349
MB,21105,A0B0C0,1024,0.059941501848963075
MB,21105,A0B0C0,2048,0.004356671906910581
MB,21105,A0B0C0,3072,0.004746247420574168
MB,21105,A0B0C0,4096,0.004575024378689729
MB,21105,A1B0C0,0,0.2260207084833299
MB,21105,A1B0C0,256,0.2004665865817481
MB,21105,A1B0C0,512,0.07273823513031719
MB,21105,A1B0C0,1024,0.045412094057387886
MB,21105,A1B0C0,2048,0.006901404426729485
MB,21105,A1B0C0,3072,0.0061556529610435895
MB,21105,A1B0C0,4096,0.006279953494686907
MB,21105,A0B1C0,0,0.4835377819059312
MB,21105,A0B1C0,256,0.12799539483026479
MB,21105,A0B1C0,512,0.076099699446599
MB,21105,A0B1C0,1024,0.06298630588080423
MB,21105,A0B1C0,2048,0.0070293976240818346
MB,21105,A0B1C0,3072,0.006701837904293573
MB,21105,A0B1C0,4096,0.00702791948439474
MB,21105,A0B0C1,0,0.26271782855907455
MB,21105,A0B0C1,256,0.26271782855907455
MB,21105,A0B0C1,512,0.14876441418212183
MB,21105,A0B0C1,1024,0.04331702036846208
MB,21105,A0B0C1,2048,0.01042476111110524
MB,21105,A0B0C1,3072,0.008675604687609084
MB,21105,A0B0C1,4096,0.008346045744273223
MB,21105,A1B1C1,0,0.42926750145279113
MB,21105,A1B1C1,256,0.40457728033903306
MB,21105,A1B1C1,512,0.2946100468279318
MB,21105,A1B1C1,1024,0.10421812872003189
MB,21105,A1B1C1,2048,0.011958306011570663
MB,21105,A1B1C1,3072,0.007528682697690137
MB,21105,A1B1C1,4096,0.006045863049060962
MB,21106,A0B0C0,0,0.48468584877734866
MB,21106,A0B0C0,256,0.11455792240270313
MB,21106,A0B0C0,512,0.04593544999023935
MB,21106,A0B0C0,1024,0.03157414358505228
MB,21106,A0B0C0,2048,0.0072282493005988435
MB,21106,A0B0C0,3072,0.006606524686499693
MB,21106,A0B0C0,4096,0.00659052730443177
MB,21106,A1B0C0,0,0.521484878548502
MB,21106,A1B0C0,256,0.18975764574357834
MB,21106,A1B0C0,512,0.13111516838462167
MB,21106,A1B0C0,1024,0.027737933195383313
MB,21106,A1B0C0,2048,0.003917800967941698
MB,21106,A1B0C0,3072,0.005823654304805359
MB,21106,A1B0C0,4096,0.006148577840574987
MB,21106,A0B1C0,0,0.2909263648061522
MB,21106,A0B1C0,256,0.16632367994882324
MB,21106,A0B1C0,512,0.06628181669049305
MB,21106,A0B1C0,1024,0.062245829322181034
MB,21106,A0B1C0,2048,0.007745727285548565
MB,21106,A0B1C0,3072,0.007837269784833456
MB,21106,A0B1C0,4096,0.006074573389186266
MB,21106,A0B0C1,0,0.2708872633656165
MB,21106,A0B0C1,256,0.2642910637359046
MB,21106,A0B0C1,512,0.11349223159171062
MB,21106,A0B0C1,1024,0.07929009155839095
MB,21106,A0B0C1,2048,0.00917380231776832
MB,21106,A0B0C1,3072,0.007832290809846043
MB,21106,A0B0C1,4096,0.009143418713601026
MB,21106,A1B1C1,0,0.448394678695196
MB,21106,A1B1C1,256,0.39124520811794117
MB,21106,A1B1C1,512,0.3468166725834232
MB,21106,A1B1C1,1024,0.06336758154373401
MB,21106,A1B1C1,2048,0.010670345769944412
MB,21106,A1B1C1,3072,0.007666527724323746
MB,21106,A1B1C1,4096,0.00978309008216316
MB,21107,A0B0C0,0,0.15806508751205772
MB,21107,A0B0C0,256,0.15540183277420372
MB,21107,A0B0C0,512,0.17890805262064147
MB,21107,A0B0C0,1024,0.05967291703144939
MB,21107,A0B0C0,2048,0.03564668076326383
MB,21107,A0B0C0,3072,0.010999982094345384
MB,21107,A0B0C0,4096,0.005526865737777609
MB,21107,A1B0C0,0,0.2004665865817481
MB,21107,A1B0C0,256,0.07550796991238151
MB,21107,A1B0C0,512,0.07550794005912742
MB,21107,A1B0C0,1024,0.04350616188236778
MB,21107,A1B0C0,2048,0.011580441340961034
MB,21107,A1B0C0,3072,0.008192862355372199
MB,21107,A1B0C0,4096,0.008156759314495776
MB,21107,A0B1C0,0,0.4814018729969223
MB,21107,A0B1C0,256,0.26906110991337595
MB,21107,A0B1C0,512,0.1531309077061298
MB,21107,A0B1C0,1024,0.09059843615208418
MB,21107,A0B1C0,2048,0.009520272470884716
MB,21107,A0B1C0,3072,0.005505830164042269
MB,21107,A0B1C0,4096,0.006983064521212334
MB,21107,A0B0C1,0,0.30071875241282164
MB,21107,A0B0C1,256,0.18749347838189934
MB,21107,A0B0C1,512,0.1912461155209475
MB,21107,A0B0C1,1024,0.08771476023809388
MB,21107,A0B0C1,2048,0.011322242354960821
MB,21107,A0B0C1,3072,0.014707237444925969
MB,21107,A0B0C1,4096,0.013428478279994938
MB,21107,A1B1C1,0,0.6938714123363114
MB,21107,A1B1C1,256,0.2543325868611217
MB,21107,A1B1C1,512,0.13548243398879523
MB,21107,A1B1C1,1024,0.05084687767394147
MB,21107,A1B1C1,2048,0.030508126843242334
MB,21107,A1B1C1,3072,0.015671381914398097
MB,21107,A1B1C1,4096,0.01326679491250582
MB,21108,A0B0C0,0,0.30403751510318644
MB,21108,A0B0C0,256,0.12918129414257695
MB,21108,A0B0C0,512,0.11920453982714951
MB,21108,A0B0C0,1024,0.0638502238395664
MB,21108,A0B0C0,2048,0.0038909474223509655
MB,21108,A0B0C0,3072,0.003857717365376878
MB,21108,A0B0C0,4096,0.0036288618202973133
MB,21108,A1B0C0,0,0.34857345595315437
MB,21108,A1B0C0,256,0.11467153940328467
MB,21108,A1B0C0,512,0.15680838506088657
MB,21108,A1B0C0,1024,0.034132857973123265
MB,21108,A1B0C0,2048,0.01621914236007216
MB,21108,A1B0C0,3072,0.007084717722479539
MB,21108,A1B0C0,4096,0.0064599775672156134
MB,21108,A0B1C0,0,0.22629460726142892
MB,21108,A0B1C0,256,0.12799539483026479
MB,21108,A0B1C0,512,0.14620368031403919
MB,21108,A0B1C0,1024,0.10279078893757587
MB,21108,A0B1C0,2048,0.015876034501033143
MB,21108,A0B1C0,3072,0.005796545394556318
MB,21108,A0B1C0,4096,0.007233303695848736
MB,21108,A0B0C1,0,0.3087595108999506
MB,21108,A0B0C1,256,0.24113877357213953
MB,21108,A0B0C1,512,0.14831467737651804
MB,21108,A0B0C1,1024,0.06964302116827081
MB,21108,A0B0C1,2048,0.015998570395289402
MB,21108,A0B0C1,3072,0.013276301116261546
MB,21108,A0B0C1,4096,0.011137376717014646
MB,21108,A1B1C1,0,0.6283768430101682
MB,21108,A1B1C1,256,0.33997875938210065
MB,21108,A1B1C1,512,0.23621774474628765
MB,21108,A1B1C1,1024,0.05869964711911857
MB,21108,A1B1C1,2048,0.026567842760989446
MB,21108,A1B1C1,3072,0.014572933978701297
MB,21108,A1B1C1,4096,0.008567872996075643
MB,21109,A0B0C0,0,0.31628772286325724
MB,21109,A0B0C0,256,0.1455613804571798
MB,21109,A0B0C0,512,0.235171356049233
MB,21109,A0B0C0,1024,0.10877132625681885
MB,21109,A0B0C0,2048,0.008689392067802615
MB,21109,A0B0C0,3072,0.00378532942159282
MB,21109,A0B0C0,4096,0.0029546059798217783
MB,21109,A1B0C0,0,0.521484878548502
MB,21109,A1B0C0,256,0.07550796991238151
MB,21109,A1B0C0,512,0.19850364712760227
MB,21109,A1B0C0,1024,0.03982094113831236
MB,21109,A1B0C0,2048,0.009766294409430998
MB,21109,A1B0C0,3072,0.004171390995408419
MB,21109,A1B0C0,4096,0.006341786969642271
MB,21109,A0B1C0,0,0.4703883500756869
MB,21109,A0B1C0,256,0.1916186886478588
MB,21109,A0B1C0,512,0.14132759671316952
MB,21109,A0B1C0,1024,0.09875023271349281
MB,21109,A0B1C0,2048,0.007848601786072607
MB,21109,A0B1C0,3072,0.004758632834217291
MB,21109,A0B1C0,4096,0.005563224391624377
MB,21109,A0B0C1,0,0.4982278536995022
MB,21109,A0B0C1,256,0.30169520371866954
MB,21109,A0B0C1,512,0.09777308336406154
MB,21109,A0B0C1,1024,0.07432369034954256
MB,21109,A0B0C1,2048,0.011932343200260487
MB,21109,A0B0C1,3072,0.011647907195776241
MB,21109,A0B0C1,4096,0.01132950840804492
MB,21109,A1B1C1,0,0.45719915183866444
MB,21109,A1B1C1,256,0.26047727821437183
MB,21109,A1B1C1,512,0.20338354483890386
MB,21109,A1B1C1,1024,0.04759855575288263
MB,21109,A1B1C1,2048,0.015579133198025286
MB,21109,A1B1C1,3072,0.01026307007905869
MB,21109,A1B1C1,4096,0.013480541973725835
MB,21110,A0B0C0,0,0.47487053528020473
MB,21110,A0B0C0,256,0.3123301722545677
MB,21110,A0B0C0,512,0.2220970411695835
MB,21110,A0B0C0,1024,0.08538239015604265
MB,21110,A0B0C0,2048,0.02963474051874737
MB,21110,A0B0C0,3072,0.033435300908698284
MB,21110,A0B0C0,4096,0.030995586968338706
MB,21110,A1B0C0,0,0.5244137517976153
MB,21110,A1B0C0,256,0.27918187260444993
MB,21110,A1B0C0,512,0.27523581461781577
MB,21110,A1B0C0,1024,0.08356717215091303
MB,21110,A1B0C0,2048,0.016436046794865877
MB,21110,A1B0C0,3072,0.011163900204557375
MB,21110,A1B0C0,4096,0.009925824685936835
MB,21110,A0B1C0,0,0.3170095805237101
MB,21110,A0B1C0,256,0.14620622733982636
MB,21110,A0B1C0,512,0.20341131109533883
MB,21110,A0B1C0,1024,0.13321106457350185
MB,21110,A0B1C0,2048,0.01006701903393914
MB,21110,A0B1C0,3072,0.009956140710302375
MB,21110,A0B1C0,4096,0.008287927849654597
MB,21110,A0B0C1,0,0.3087595108999506
MB,21110,A0B0C1,256,0.15009178512426935
MB,21110,A0B0C1,512,0.2130451134720861
MB,21110,A0B0C1,1024,0.12425240072017951
MB,21110,A0B0C1,2048,0.014171569935841344
MB,21110,A0B0C1,3072,0.011488573685839665
MB,21110,A0B0C1,4096,0.01642991529912452
MB,21110,A1B1C1,0,0.4480834543027221
MB,21110,A1B1C1,256,0.4480018262437433
MB,21110,A1B1C1,512,0.36912424205530536
MB,21110,A1B1C1,1024,0.04890333776535005
MB,21110,A1B1C1,2048,0.03424111980347666
MB,21110,A1B1C1,3072,0.03446064792191361
MB,21110,A1B1C1,4096,0.031886157791014114
MB,21111,A0B0C0,0,0.4831432618251954
MB,21111,A0B0C0,256,0.17408045770308656
MB,21111,A0B0C0,512,0.14456280145026312
MB,21111,A0B0C0,1024,0.10181999524523455
MB,21111,A0B0C0,2048,0.005682254085864091
MB,21111,A0B0C0,3072,0.006911864513298394
MB,21111,A0B0C0,4096,0.008284077204328
MB,21111,A1B0C0,0,0.18772576327540946
MB,21111,A1B0C0,256,0.07550796991238151
MB,21111,A1B0C0,512,0.07519453544630217
MB,21111,A1B0C0,1024,0.03315826376826969
MB,21111,A1B0C0,2048,0.019959317176607705
MB,21111,A1B0C0,3072,0.01196564234567754
MB,21111,A1B0C0,4096,0.008867039601263116
MB,21111,A0B1C0,0,0.22629460726142892
MB,21111,A0B1C0,256,0.1934770011692608
MB,21111,A0B1C0,512,0.05543549797709035
MB,21111,A0B1C0,1024,0.051246004481376506
MB,21111,A0B1C0,2048,0.0040203700473222526
MB,21111,A0B1C0,3072,0.0056175010780341594
MB,21111,A0B1C0,4096,0.01013506468031622
MB,21111,A0B0C1,0,0.2854566403977268
MB,21111,A0B0C1,256,0.1323477696384261
MB,21111,A0B0C1,512,0.14078865774794558
MB,21111,A0B0C1,1024,0.13236207848999593
MB,21111,A0B0C1,2048,0.00948780787649195
MB,21111,A0B0C1,3072,0.011884997672819697
MB,21111,A0B0C1,4096,0.01552561228835625
MB,21111,A1B1C1,0,0.6832309794718103
MB,21111,A1B1C1,256,0.3245108543439579
MB,21111,A1B1C1,512,0.2424774783065713
MB,21111,A1B1C1,1024,0.04228231226191781
MB,21111,A1B1C1,2048,0.031591428706688074
MB,21111,A1B1C1,3072,0.035763593440435226
MB,21111,A1B1C1,4096,0.03619401762978436
MB,21112,A0B0C0,0,0.31628772286325724
MB,21112,A0B0C0,256,0.19568071373053098
MB,21112,A0B0C0,512,0.252401418596341
MB,21112,A0B0C0,1024,0.15146813468923526
MB,21112,A0B0C0,2048,0.004548533218358575
MB,21112,A0B0C0,3072,0.005058297107938703
MB,21112,A0B0C0,4096,0.005274725838758876
MB,21112,A1B0C0,0,0.2708232687048846
MB,21112,A1B0C0,256,0.27918187260444993
MB,21112,A1B0C0,512,0.07088449030634614
MB,21112,A1B0C0,1024,0.03897595573885981
MB,21112,A1B0C0,2048,0.01207137811885195
MB,21112,A1B0C0,3072,0.007712151543729728
MB,21112,A1B0C0,4096,0.008724656672584707
MB,21112,A0B1C0,0,0.331569583996981
MB,21112,A0B1C0,256,0.14620321202619513
MB,21112,A0B1C0,512,0.17651662096960896
MB,21112,A0B1C0,1024,0.06036723194360283
MB,21112,A0B1C0,2048,0.009333676241203737
MB,21112,A0B1C0,3072,0.009517068074998747
MB,21112,A0B1C0,4096,0.008402898569373374
MB,21112,A0B0C1,0,0.3446413126011212
MB,21112,A0B0C1,256,0.4558921636098412
MB,21112,A0B0C1,512,0.13737211658710446
MB,21112,A0B0C1,1024,0.06382745740870055
MB,21112,A0B0C1,2048,0.00852810095872547
MB,21112,A0B0C1,3072,0.008176876758343443
MB,21112,A0B0C1,4096,0.006710713763859566
MB,21112,A1B1C1,0,0.26047727821437183
MB,21112,A1B1C1,256,0.26047727821437183
MB,21112,A1B1C1,512,0.2983899763573654
MB,21112,A1B1C1,1024,0.10476750459420936
MB,21112,A1B1C1,2048,0.032569062281202044
MB,21112,A1B1C1,3072,0.03303076796994242
MB,21112,A1B1C1,4096,0.03447797521029905
MF-unbounded,21101,A0B0C0,0,0.30359896946813647
MF-unbounded,21101,A0B0C0,256,0.18241450727852104
MF-unbounded,21101,A0B0C0,512,0.1345631862800225
MF-unbounded,21101,A0B0C0,1024,0.051798381528510795
MF-unbounded,21101,A0B0C0,2048,0.026121345034319177
MF-unbounded,21101,A0B0C0,3072,0.021899464681459424
MF-unbounded,21101,A0B0C0,4096,0.018174387328680375
MF-unbounded,21101,A1B0C0,0,0.32444283654111405
MF-unbounded,21101,A1B0C0,256,0.14421175016561172
MF-unbounded,21101,A1B0C0,512,0.056775339966300464
MF-unbounded,21101,A1B0C0,1024,0.043622653870297956
MF-unbounded,21101,A1B0C0,2048,0.031321273146926565
MF-unbounded,21101,A1B0C0,3072,0.025990484806890812
MF-unbounded,21101,A1B0C0,4096,0.021948801433633758
MF-unbounded,21101,A0B1C0,0,0.32702510975092114
MF-unbounded,21101,A0B1C0,256,0.17977114043428033
MF-unbounded,21101,A0B1C0,512,0.09047798697537957
MF-unbounded,21101,A0B1C0,1024,0.08433630392923952
MF-unbounded,21101,A0B1C0,2048,0.0504237510129375
MF-unbounded,21101,A0B1C0,3072,0.040144621987737494
MF-unbounded,21101,A0B1C0,4096,0.03698861565582856
MF-unbounded,21101,A0B0C1,0,0.3439125610803293
MF-unbounded,21101,A0B0C1,256,0.2023984295280239
MF-unbounded,21101,A0B0C1,512,0.13488106800672295
MF-unbounded,21101,A0B0C1,1024,0.07325725643267855
MF-unbounded,21101,A0B0C1,2048,0.05647746704850354
MF-unbounded,21101,A0B0C1,3072,0.05512075185427001
MF-unbounded,21101,A0B0C1,4096,0.05158600823782855
MF-unbounded,21101,A1B1C1,0,0.6475520333259177
MF-unbounded,21101,A1B1C1,256,0.25483206814901305
MF-unbounded,21101,A1B1C1,512,0.15449601094111243
MF-unbounded,21101,A1B1C1,1024,0.08542374652112317
MF-unbounded,21101,A1B1C1,2048,0.053760722564216934
MF-unbounded,21101,A1B1C1,3072,0.052673866096234256
MF-unbounded,21101,A1B1C1,4096,0.0469574410250897
MF-unbounded,21102,A0B0C0,0,0.26616820145769715
MF-unbounded,21102,A0B0C0,256,0.1183004174259703
MF-unbounded,21102,A0B0C0,512,0.06407749618624736
MF-unbounded,21102,A0B0C0,1024,0.05184861079856473
MF-unbounded,21102,A0B0C0,2048,0.03603430694515586
MF-unbounded,21102,A0B0C0,3072,0.03545992529125286
MF-unbounded,21102,A0B0C0,4096,0.03272017765083479
MF-unbounded,21102,A1B0C0,0,0.21526784536297017
MF-unbounded,21102,A1B0C0,256,0.1109650762068548
MF-unbounded,21102,A1B0C0,512,0.07857187006378874
MF-unbounded,21102,A1B0C0,1024,0.06959644425966305
MF-unbounded,21102,A1B0C0,2048,0.054784033077946326
MF-unbounded,21102,A1B0C0,3072,0.05238484435431756
MF-unbounded,21102,A1B0C0,4096,0.050259612534188314
MF-unbounded,21102,A0B1C0,0,0.341195517887233
MF-unbounded,21102,A0B1C0,256,0.16981768703988198
MF-unbounded,21102,A0B1C0,512,0.12996879633217917
MF-unbounded,21102,A0B1C0,1024,0.07689845812868157
MF-unbounded,21102,A0B1C0,2048,0.05190529421430634
MF-unbounded,21102,A0B1C0,3072,0.04042676826124181
MF-unbounded,21102,A0B1C0,4096,0.041309345582710044
MF-unbounded,21102,A0B0C1,0,0.48047780422808506
MF-unbounded,21102,A0B0C1,256,0.1990849465623259
MF-unbounded,21102,A0B0C1,512,0.14903832166081443
MF-unbounded,21102,A0B0C1,1024,0.09141091615561603
MF-unbounded,21102,A0B0C1,2048,0.0744211024958008
MF-unbounded,21102,A0B0C1,3072,0.0625346129416231
MF-unbounded,21102,A0B0C1,4096,0.05696821178869538
MF-unbounded,21102,A1B1C1,0,0.39615649538049125
MF-unbounded,21102,A1B1C1,256,0.2531841864030482
MF-unbounded,21102,A1B1C1,512,0.12534476274061923
MF-unbounded,21102,A1B1C1,1024,0.10340259646191985
MF-unbounded,21102,A1B1C1,2048,0.07843504504840348
MF-unbounded,21102,A1B1C1,3072,0.05335853655578848
MF-unbounded,21102,A1B1C1,4096,0.05524443692559178
MF-unbounded,21103,A0B0C0,0,0.29471031254341273
MF-unbounded,21103,A0B0C0,256,0.11007972962451706
MF-unbounded,21103,A0B0C0,512,0.060572581568518746
MF-unbounded,21103,A0B0C0,1024,0.045328480244359426
MF-unbounded,21103,A0B0C0,2048,0.040277463504403865
MF-unbounded,21103,A0B0C0,3072,0.03826772861701855
MF-unbounded,21103,A0B0C0,4096,0.0379362857817207
MF-unbounded,21103,A1B0C0,0,0.18370704520214964
MF-unbounded,21103,A1B0C0,256,0.15910416543581407
MF-unbounded,21103,A1B0C0,512,0.09466365682037914
MF-unbounded,21103,A1B0C0,1024,0.06624242694218196
MF-unbounded,21103,A1B0C0,2048,0.030708724302691337
MF-unbounded,21103,A1B0C0,3072,0.026650452195910557
MF-unbounded,21103,A1B0C0,4096,0.029227876148976595
MF-unbounded,21103,A0B1C0,0,0.20670811880564788
MF-unbounded,21103,A0B1C0,256,0.11102289971381563
MF-unbounded,21103,A0B1C0,512,0.08419725401273359
MF-unbounded,21103,A0B1C0,1024,0.04162640323292344
MF-unbounded,21103,A0B1C0,2048,0.045187833111562714
MF-unbounded,21103,A0B1C0,3072,0.03962590976376612
MF-unbounded,21103,A0B1C0,4096,0.03268614104543177
MF-unbounded,21103,A0B0C1,0,0.3971209054047078
MF-unbounded,21103,A0B0C1,256,0.23516139189511298
MF-unbounded,21103,A0B0C1,512,0.1510794357788825
MF-unbounded,21103,A0B0C1,1024,0.10886499980833086
MF-unbounded,21103,A0B0C1,2048,0.07363693324169196
MF-unbounded,21103,A0B0C1,3072,0.052693367643709355
MF-unbounded,21103,A0B0C1,4096,0.045803681168050225
MF-unbounded,21103,A1B1C1,0,0.4079723583502224
MF-unbounded,21103,A1B1C1,256,0.2628800775459066
MF-unbounded,21103,A1B1C1,512,0.12521478550645426
MF-unbounded,21103,A1B1C1,1024,0.1163782284897108
MF-unbounded,21103,A1B1C1,2048,0.07131505345612332
MF-unbounded,21103,A1B1C1,3072,0.0412124471048676
MF-unbounded,21103,A1B1C1,4096,0.029921916312231733
MF-unbounded,21104,A0B0C0,0,0.4058466363847151
MF-unbounded,21104,A0B0C0,256,0.15651151288437992
MF-unbounded,21104,A0B0C0,512,0.14511347318340073
MF-unbounded,21104,A0B0C0,1024,0.1269750197608186
MF-unbounded,21104,A0B0C0,2048,0.10432255986953676
MF-unbounded,21104,A0B0C0,3072,0.0982888742621606
MF-unbounded,21104,A0B0C0,4096,0.0940718477533431
MF-unbounded,21104,A1B0C0,0,0.23931326115180696
MF-unbounded,21104,A1B0C0,256,0.12500805969248097
MF-unbounded,21104,A1B0C0,512,0.08710631492468224
MF-unbounded,21104,A1B0C0,1024,0.04514942408103284
MF-unbounded,21104,A1B0C0,2048,0.035957253476659456
MF-unbounded,21104,A1B0C0,3072,0.031977893257579826
MF-unbounded,21104,A1B0C0,4096,0.03874737807439299
MF-unbounded,21104,A0B1C0,0,0.25199955188085843
MF-unbounded,21104,A0B1C0,256,0.1480012636030712
MF-unbounded,21104,A0B1C0,512,0.09079934725036143
MF-unbounded,21104,A0B1C0,1024,0.06483510083515087
MF-unbounded,21104,A0B1C0,2048,0.042389700155606835
MF-unbounded,21104,A0B1C0,3072,0.0352197029834902
MF-unbounded,21104,A0B1C0,4096,0.031254413160836325
MF-unbounded,21104,A0B0C1,0,0.3137632683871061
MF-unbounded,21104,A0B0C1,256,0.15708193677842086
MF-unbounded,21104,A0B0C1,512,0.11291769899834314
MF-unbounded,21104,A0B0C1,1024,0.09266076589998784
MF-unbounded,21104,A0B0C1,2048,0.0660007998725658
MF-unbounded,21104,A0B0C1,3072,0.05875240181559871
MF-unbounded,21104,A0B0C1,4096,0.048972244949760046
MF-unbounded,21104,A1B1C1,0,0.4769843008349457
MF-unbounded,21104,A1B1C1,256,0.1797767624912745
MF-unbounded,21104,A1B1C1,512,0.1548205925827606
MF-unbounded,21104,A1B1C1,1024,0.09239252926260644
MF-unbounded,21104,A1B1C1,2048,0.06912488172839382
MF-unbounded,21104,A1B1C1,3072,0.053566627082068496
MF-unbounded,21104,A1B1C1,4096,0.05158060207957993
MF-unbounded,21105,A0B0C0,0,0.32300011231215153
MF-unbounded,21105,A0B0C0,256,0.1272626792835525
MF-unbounded,21105,A0B0C0,512,0.078837947607314
MF-unbounded,21105,A0B0C0,1024,0.03925392493793245
MF-unbounded,21105,A0B0C0,2048,0.02735735116547877
MF-unbounded,21105,A0B0C0,3072,0.022599559794764357
MF-unbounded,21105,A0B0C0,4096,0.017522905594908877
MF-unbounded,21105,A1B0C0,0,0.32811877914602716
MF-unbounded,21105,A1B0C0,256,0.13015643066565774
MF-unbounded,21105,A1B0C0,512,0.0689360634713605
MF-unbounded,21105,A1B0C0,1024,0.05045167886866553
MF-unbounded,21105,A1B0C0,2048,0.03323330411522463
MF-unbounded,21105,A1B0C0,3072,0.03652890781423368
MF-unbounded,21105,A1B0C0,4096,0.04502401211453977
MF-unbounded,21105,A0B1C0,0,0.3515252984767647
MF-unbounded,21105,A0B1C0,256,0.1656122431390057
MF-unbounded,21105,A0B1C0,512,0.0996746065128633
MF-unbounded,21105,A0B1C0,1024,0.06620544802363781
MF-unbounded,21105,A0B1C0,2048,0.03798890688980805
MF-unbounded,21105,A0B1C0,3072,0.030469328843401478
MF-unbounded,21105,A0B1C0,4096,0.029528684936905858
MF-unbounded,21105,A0B0C1,0,0.3394337880413949
MF-unbounded,21105,A0B0C1,256,0.19321477227621253
MF-unbounded,21105,A0B0C1,512,0.1364121643880103
MF-unbounded,21105,A0B0C1,1024,0.10173533864307283
MF-unbounded,21105,A0B0C1,2048,0.0850946636938974
MF-unbounded,21105,A0B0C1,3072,0.07983601386099082
MF-unbounded,21105,A0B0C1,4096,0.07154356714494003
MF-unbounded,21105,A1B1C1,0,0.4147652026845692
MF-unbounded,21105,A1B1C1,256,0.22038272458650843
MF-unbounded,21105,A1B1C1,512,0.1520505777196024
MF-unbounded,21105,A1B1C1,1024,0.10378049128423728
MF-unbounded,21105,A1B1C1,2048,0.06921863404022055
MF-unbounded,21105,A1B1C1,3072,0.04508115025923676
MF-unbounded,21105,A1B1C1,4096,0.04966526195311438
MF-unbounded,21106,A0B0C0,0,0.39458853389449855
MF-unbounded,21106,A0B0C0,256,0.23536122177424623
MF-unbounded,21106,A0B0C0,512,0.1431563081722631
MF-unbounded,21106,A0B0C0,1024,0.06839315837717441
MF-unbounded,21106,A0B0C0,2048,0.049675715434618795
MF-unbounded,21106,A0B0C0,3072,0.04672592320060609
MF-unbounded,21106,A0B0C0,4096,0.03852711547205745
MF-unbounded,21106,A1B0C0,0,0.19702988347693173
MF-unbounded,21106,A1B0C0,256,0.07437488994265173
MF-unbounded,21106,A1B0C0,512,0.0757616166078221
MF-unbounded,21106,A1B0C0,1024,0.0702579990046881
MF-unbounded,21106,A1B0C0,2048,0.0596370804218842
MF-unbounded,21106,A1B0C0,3072,0.043033408270568785
MF-unbounded,21106,A1B0C0,4096,0.03336623063935429
MF-unbounded,21106,A0B1C0,0,0.2457326903957311
MF-unbounded,21106,A0B1C0,256,0.17137975847629727
MF-unbounded,21106,A0B1C0,512,0.13638389999900857
MF-unbounded,21106,A0B1C0,1024,0.07737468843379425
MF-unbounded,21106,A0B1C0,2048,0.06402944832789004
MF-unbounded,21106,A0B1C0,3072,0.06175054409534653
MF-unbounded,21106,A0B1C0,4096,0.054209381097052756
MF-unbounded,21106,A0B0C1,0,0.4225734338455651
MF-unbounded,21106,A0B0C1,256,0.1855227809599862
MF-unbounded,21106,A0B0C1,512,0.12052113948431398
MF-unbounded,21106,A0B0C1,1024,0.0925635861435321
MF-unbounded,21106,A0B0C1,2048,0.07244388323375972
MF-unbounded,21106,A0B0C1,3072,0.0584370897388653
MF-unbounded,21106,A0B0C1,4096,0.05537771669522629
MF-unbounded,21106,A1B1C1,0,0.474170193339297
MF-unbounded,21106,A1B1C1,256,0.2617287858584021
MF-unbounded,21106,A1B1C1,512,0.2066776276109299
MF-unbounded,21106,A1B1C1,1024,0.10188135435668455
MF-unbounded,21106,A1B1C1,2048,0.07218346291823119
MF-unbounded,21106,A1B1C1,3072,0.058845809284037376
MF-unbounded,21106,A1B1C1,4096,0.06082692497829756
MF-unbounded,21107,A0B0C0,0,0.37862552412428485
MF-unbounded,21107,A0B0C0,256,0.13753987053346384
MF-unbounded,21107,A0B0C0,512,0.12071320657898355
MF-unbounded,21107,A0B0C0,1024,0.06690582048609306
MF-unbounded,21107,A0B0C0,2048,0.04245787734980855
MF-unbounded,21107,A0B0C0,3072,0.03676745240786916
MF-unbounded,21107,A0B0C0,4096,0.03552594666543962
MF-unbounded,21107,A1B0C0,0,0.40375630357705594
MF-unbounded,21107,A1B0C0,256,0.15985919484982025
MF-unbounded,21107,A1B0C0,512,0.06193530235444733
MF-unbounded,21107,A1B0C0,1024,0.058329631025337836
MF-unbounded,21107,A1B0C0,2048,0.0425606084807284
MF-unbounded,21107,A1B0C0,3072,0.04035140217260924
MF-unbounded,21107,A1B0C0,4096,0.03506643822130595
MF-unbounded,21107,A0B1C0,0,0.42370055352565217
MF-unbounded,21107,A0B1C0,256,0.16504437329007882
MF-unbounded,21107,A0B1C0,512,0.13271661716557492
MF-unbounded,21107,A0B1C0,1024,0.09303940051378135
MF-unbounded,21107,A0B1C0,2048,0.04914720942067463
MF-unbounded,21107,A0B1C0,3072,0.03812839582388028
MF-unbounded,21107,A0B1C0,4096,0.03343752636719799
MF-unbounded,21107,A0B0C1,0,0.3888213448531004
MF-unbounded,21107,A0B0C1,256,0.19731689685611808
MF-unbounded,21107,A0B0C1,512,0.15458459227630783
MF-unbounded,21107,A0B0C1,1024,0.09547207377157774
MF-unbounded,21107,A0B0C1,2048,0.05413471611039222
MF-unbounded,21107,A0B0C1,3072,0.05342401440311795
MF-unbounded,21107,A0B0C1,4096,0.04684279448364048
MF-unbounded,21107,A1B1C1,0,0.4735713574389777
MF-unbounded,21107,A1B1C1,256,0.22587109129392413
MF-unbounded,21107,A1B1C1,512,0.16340632021123458
MF-unbounded,21107,A1B1C1,1024,0.08971081613353915
MF-unbounded,21107,A1B1C1,2048,0.08263981104481388
MF-unbounded,21107,A1B1C1,3072,0.07666888658605675
MF-unbounded,21107,A1B1C1,4096,0.07464678113753198
MF-unbounded,21108,A0B0C0,0,0.397163776928803
MF-unbounded,21108,A0B0C0,256,0.1945679174299686
MF-unbounded,21108,A0B0C0,512,0.10805380411206666
MF-unbounded,21108,A0B0C0,1024,0.07240549100679194
MF-unbounded,21108,A0B0C0,2048,0.0604160882842093
MF-unbounded,21108,A0B0C0,3072,0.048642379107615596
MF-unbounded,21108,A0B0C0,4096,0.02636088006499504
MF-unbounded,21108,A1B0C0,0,0.2509206246814646
MF-unbounded,21108,A1B0C0,256,0.1755902562019087
MF-unbounded,21108,A1B0C0,512,0.08055866451346283
MF-unbounded,21108,A1B0C0,1024,0.04354994082514452
MF-unbounded,21108,A1B0C0,2048,0.03524331912139811
MF-unbounded,21108,A1B0C0,3072,0.02917044807481073
MF-unbounded,21108,A1B0C0,4096,0.03447317297798058
MF-unbounded,21108,A0B1C0,0,0.406389217970879
MF-unbounded,21108,A0B1C0,256,0.137014200083601
MF-unbounded,21108,A0B1C0,512,0.11716770208213623
MF-unbounded,21108,A0B1C0,1024,0.058239272252704755
MF-unbounded,21108,A0B1C0,2048,0.03999332666673139
MF-unbounded,21108,A0B1C0,3072,0.0394090375019025
MF-unbounded,21108,A0B1C0,4096,0.034025314732364365
MF-unbounded,21108,A0B0C1,0,0.41493482533978243
MF-unbounded,21108,A0B0C1,256,0.15018232988018765
MF-unbounded,21108,A0B0C1,512,0.13534609015465993
MF-unbounded,21108,A0B0C1,1024,0.09254280656532243
MF-unbounded,21108,A0B0C1,2048,0.06938588394819956
MF-unbounded,21108,A0B0C1,3072,0.06588803125652065
MF-unbounded,21108,A0B0C1,4096,0.05973152817528149
MF-unbounded,21108,A1B1C1,0,0.3598226944424816
MF-unbounded,21108,A1B1C1,256,0.2621505539706237
MF-unbounded,21108,A1B1C1,512,0.13229738645672962
MF-unbounded,21108,A1B1C1,1024,0.09910000120836404
MF-unbounded,21108,A1B1C1,2048,0.06048928074560811
MF-unbounded,21108,A1B1C1,3072,0.0539449333956048
MF-unbounded,21108,A1B1C1,4096,0.04235116853111398
MF-unbounded,21109,A0B0C0,0,0.14821377038441508
MF-unbounded,21109,A0B0C0,256,0.10126254842859783
MF-unbounded,21109,A0B0C0,512,0.060938999087834844
MF-unbounded,21109,A0B0C0,1024,0.0546798325355593
MF-unbounded,21109,A0B0C0,2048,0.04540263697303759
MF-unbounded,21109,A0B0C0,3072,0.03354948156834192
MF-unbounded,21109,A0B0C0,4096,0.02495553929786265
MF-unbounded,21109,A1B0C0,0,0.287274002587119
MF-unbounded,21109,A1B0C0,256,0.11295969873917544
MF-unbounded,21109,A1B0C0,512,0.12212770505162718
MF-unbounded,21109,A1B0C0,1024,0.06587320977536537
MF-unbounded,21109,A1B0C0,2048,0.0571686271093812
MF-unbounded,21109,A1B0C0,3072,0.0304414305361127
MF-unbounded,21109,A1B0C0,4096,0.031083614637279045
MF-unbounded,21109,A0B1C0,0,0.32708344330530936
MF-unbounded,21109,A0B1C0,256,0.06705910884102595
MF-unbounded,21109,A0B1C0,512,0.07493136078420637
MF-unbounded,21109,A0B1C0,1024,0.05872816296530914
MF-unbounded,21109,A0B1C0,2048,0.05022987504886878
MF-unbounded,21109,A0B1C0,3072,0.048285180980164544
MF-unbounded,21109,A0B1C0,4096,0.039030307339027015
MF-unbounded,21109,A0B0C1,0,0.2252420115991205
MF-unbounded,21109,A0B0C1,256,0.1838180981978157
MF-unbounded,21109,A0B0C1,512,0.1523503561672337
MF-unbounded,21109,A0B0C1,1024,0.09203271254827383
MF-unbounded,21109,A0B0C1,2048,0.06723216375894303
MF-unbounded,21109,A0B0C1,3072,0.05446765663807707
MF-unbounded,21109,A0B0C1,4096,0.046843971230966286
MF-unbounded,21109,A1B1C1,0,0.35340006921831213
MF-unbounded,21109,A1B1C1,256,0.14846663229700585
MF-unbounded,21109,A1B1C1,512,0.13352790619830213
MF-unbounded,21109,A1B1C1,1024,0.08734951713757999
MF-unbounded,21109,A1B1C1,2048,0.06643449478206254
MF-unbounded,21109,A1B1C1,3072,0.06004183153577758
MF-unbounded,21109,A1B1C1,4096,0.054147187088633864
MF-unbounded,21110,A0B0C0,0,0.3183434601755448
MF-unbounded,21110,A0B0C0,256,0.14559754998443264
MF-unbounded,21110,A0B0C0,512,0.09683417422041396
MF-unbounded,21110,A0B0C0,1024,0.06634320776996017
MF-unbounded,21110,A0B0C0,2048,0.06001143185298252
MF-unbounded,21110,A0B0C0,3072,0.05051053845326825
MF-unbounded,21110,A0B0C0,4096,0.045096252637939926
MF-unbounded,21110,A1B0C0,0,0.2874770740011954
MF-unbounded,21110,A1B0C0,256,0.10765014778958282
MF-unbounded,21110,A1B0C0,512,0.0480994587283079
MF-unbounded,21110,A1B0C0,1024,0.03420831469142804
MF-unbounded,21110,A1B0C0,2048,0.028060529303705284
MF-unbounded,21110,A1B0C0,3072,0.031598539049075836
MF-unbounded,21110,A1B0C0,4096,0.03080100644962025
MF-unbounded,21110,A0B1C0,0,0.4503998024293301
MF-unbounded,21110,A0B1C0,256,0.17130983164539204
MF-unbounded,21110,A0B1C0,512,0.1219909576056919
MF-unbounded,21110,A0B1C0,1024,0.10866931006123082
MF-unbounded,21110,A0B1C0,2048,0.06311141327491354
MF-unbounded,21110,A0B1C0,3072,0.060438829672712746
MF-unbounded,21110,A0B1C0,4096,0.05868778989026602
MF-unbounded,21110,A0B0C1,0,0.37522672807229585
MF-unbounded,21110,A0B0C1,256,0.2590423488337228
MF-unbounded,21110,A0B0C1,512,0.16985346376146992
MF-unbounded,21110,A0B0C1,1024,0.10308550592887533
MF-unbounded,21110,A0B0C1,2048,0.07914864869487293
MF-unbounded,21110,A0B0C1,3072,0.05548004061456879
MF-unbounded,21110,A0B0C1,4096,0.041951706410770395
MF-unbounded,21110,A1B1C1,0,0.2708227018346121
MF-unbounded,21110,A1B1C1,256,0.19784692949515037
MF-unbounded,21110,A1B1C1,512,0.13228954954403793
MF-unbounded,21110,A1B1C1,1024,0.08345309865595318
MF-unbounded,21110,A1B1C1,2048,0.061241301887512645
MF-unbounded,21110,A1B1C1,3072,0.04929133422036758
MF-unbounded,21110,A1B1C1,4096,0.05182557291973078
MF-unbounded,21111,A0B0C0,0,0.26237570576646974
MF-unbounded,21111,A0B0C0,256,0.15897287350482658
MF-unbounded,21111,A0B0C0,512,0.1256390071299469
MF-unbounded,21111,A0B0C0,1024,0.08101516068068904
MF-unbounded,21111,A0B0C0,2048,0.060420469472100446
MF-unbounded,21111,A0B0C0,3072,0.05714636055105782
MF-unbounded,21111,A0B0C0,4096,0.04417898517714791
MF-unbounded,21111,A1B0C0,0,0.13679778552258526
MF-unbounded,21111,A1B0C0,256,0.14635908852893653
MF-unbounded,21111,A1B0C0,512,0.053397644081475626
MF-unbounded,21111,A1B0C0,1024,0.04801775612767889
MF-unbounded,21111,A1B0C0,2048,0.03932345870517073
MF-unbounded,21111,A1B0C0,3072,0.03300289518686439
MF-unbounded,21111,A1B0C0,4096,0.02983846069129692
MF-unbounded,21111,A0B1C0,0,0.45993975000699683
MF-unbounded,21111,A0B1C0,256,0.22160970802817426
MF-unbounded,21111,A0B1C0,512,0.12860614270148263
MF-unbounded,21111,A0B1C0,1024,0.06433307140327349
MF-unbounded,21111,A0B1C0,2048,0.04380623502196057
MF-unbounded,21111,A0B1C0,3072,0.03258296465381294
MF-unbounded,21111,A0B1C0,4096,0.029509654394292095
MF-unbounded,21111,A0B0C1,0,0.29758810574207484
MF-unbounded,21111,A0B0C1,256,0.20737425193879666
MF-unbounded,21111,A0B0C1,512,0.1370402168632956
MF-unbounded,21111,A0B0C1,1024,0.1051471308781542
MF-unbounded,21111,A0B0C1,2048,0.0809311636251504
MF-unbounded,21111,A0B0C1,3072,0.06398223168163897
MF-unbounded,21111,A0B0C1,4096,0.06342010300336165
MF-unbounded,21111,A1B1C1,0,0.6931431971362416
MF-unbounded,21111,A1B1C1,256,0.3034522935764268
MF-unbounded,21111,A1B1C1,512,0.13080080907331304
MF-unbounded,21111,A1B1C1,1024,0.08240986511238724
MF-unbounded,21111,A1B1C1,2048,0.05767331066885584
MF-unbounded,21111,A1B1C1,3072,0.05338174224662895
MF-unbounded,21111,A1B1C1,4096,0.05253029243302487
MF-unbounded,21112,A0B0C0,0,0.38246294534513803
MF-unbounded,21112,A0B0C0,256,0.11782206397543638
MF-unbounded,21112,A0B0C0,512,0.08142959579911979
MF-unbounded,21112,A0B0C0,1024,0.07884016980462638
MF-unbounded,21112,A0B0C0,2048,0.031614447732177364
MF-unbounded,21112,A0B0C0,3072,0.025520035306581423
MF-unbounded,21112,A0B0C0,4096,0.024373519028398682
MF-unbounded,21112,A1B0C0,0,0.2501998958883105
MF-unbounded,21112,A1B0C0,256,0.10954549290509696
MF-unbounded,21112,A1B0C0,512,0.09994966054452936
MF-unbounded,21112,A1B0C0,1024,0.06094946987909955
MF-unbounded,21112,A1B0C0,2048,0.05751513834675759
MF-unbounded,21112,A1B0C0,3072,0.050602500300267916
MF-unbounded,21112,A1B0C0,4096,0.044475508294057775
MF-unbounded,21112,A0B1C0,0,0.2721226422990628
MF-unbounded,21112,A0B1C0,256,0.12981250440391134
MF-unbounded,21112,A0B1C0,512,0.12764938580288865
MF-unbounded,21112,A0B1C0,1024,0.10021481690306899
MF-unbounded,21112,A0B1C0,2048,0.04529370511076758
MF-unbounded,21112,A0B1C0,3072,0.03632666955452546
MF-unbounded,21112,A0B1C0,4096,0.03487562669743838
MF-unbounded,21112,A0B0C1,0,0.2627214045612747
MF-unbounded,21112,A0B0C1,256,0.11182680203295847
MF-unbounded,21112,A0B0C1,512,0.09890568073028572
MF-unbounded,21112,A0B0C1,1024,0.05888800145814921
MF-unbounded,21112,A0B0C1,2048,0.05193280635982456
MF-unbounded,21112,A0B0C1,3072,0.04865276895538839
MF-unbounded,21112,A0B0C1,4096,0.045220070876923035
MF-unbounded,21112,A1B1C1,0,0.5173659541399527
MF-unbounded,21112,A1B1C1,256,0.22328892585398963
MF-unbounded,21112,A1B1C1,512,0.14050285225069103
MF-unbounded,21112,A1B1C1,1024,0.10726731391470867
MF-unbounded,21112,A1B1C1,2048,0.0657115476802308
MF-unbounded,21112,A1B1C1,3072,0.05677424283275956
MF-unbounded,21112,A1B1C1,4096,0.045362917419069504
MB-unbounded,21101,A0B0C0,0,0.3032282294582118
MB-unbounded,21101,A0B0C0,256,0.2456596253005916
MB-unbounded,21101,A0B0C0,512,0.12572743361115934
MB-unbounded,21101,A0B0C0,1024,0.05166101943380719
MB-unbounded,21101,A0B0C0,2048,0.005504158342937604
MB-unbounded,21101,A0B0C0,3072,0.0032006187598736524
MB-unbounded,21101,A0B0C0,4096,0.0026124792718267287
MB-unbounded,21101,A1B0C0,0,0.2004665865817481
MB-unbounded,21101,A1B0C0,256,0.2902868182153018
MB-unbounded,21101,A1B0C0,512,0.18333275484202538
MB-unbounded,21101,A1B0C0,1024,0.032657586643924486
MB-unbounded,21101,A1B0C0,2048,0.003316112369330604
MB-unbounded,21101,A1B0C0,3072,0.002303274194434657
MB-unbounded,21101,A1B0C0,4096,0.0023547272144579523
MB-unbounded,21101,A0B1C0,0,0.2872602319278932
MB-unbounded,21101,A0B1C0,256,0.22773776695076853
MB-unbounded,21101,A0B1C0,512,0.07931371571402046
MB-unbounded,21101,A0B1C0,1024,0.053441105157553626
MB-unbounded,21101,A0B1C0,2048,0.012007475506145227
MB-unbounded,21101,A0B1C0,3072,0.004886432678119501
MB-unbounded,21101,A0B1C0,4096,0.003625955657470481
MB-unbounded,21101,A0B0C1,0,0.3394337880413949
MB-unbounded,21101,A0B0C1,256,0.2698503569155468
MB-unbounded,21101,A0B0C1,512,0.1452824323501467
MB-unbounded,21101,A0B0C1,1024,0.08305425256630539
MB-unbounded,21101,A0B0C1,2048,0.010080221315688753
MB-unbounded,21101,A0B0C1,3072,0.009069539256679082
MB-unbounded,21101,A0B0C1,4096,0.0079302399137271
MB-unbounded,21101,A1B1C1,0,0.4538661098450789
MB-unbounded,21101,A1B1C1,256,0.26047727821437183
MB-unbounded,21101,A1B1C1,512,0.36393687094638105
MB-unbounded,21101,A1B1C1,1024,0.11637022276533315
MB-unbounded,21101,A1B1C1,2048,0.029181887510818516
MB-unbounded,21101,A1B1C1,3072,0.006239563100070011
MB-unbounded,21101,A1B1C1,4096,0.0037970590808069637
MB-unbounded,21102,A0B0C0,0,0.22761803104378586
MB-unbounded,21102,A0B0C0,256,0.26422971237095494
MB-unbounded,21102,A0B0C0,512,0.038812353257270615
MB-unbounded,21102,A0B0C0,1024,0.0839657446423483
MB-unbounded,21102,A0B0C0,2048,0.0036876120702671322
MB-unbounded,21102,A0B0C0,3072,0.004502779084272657
MB-unbounded,21102,A0B0C0,4096,0.002961427991520882
MB-unbounded,21102,A1B0C0,0,0.521484878548502
MB-unbounded,21102,A1B0C0,256,0.07550796991238151
MB-unbounded,21102,A1B0C0,512,0.08903867774396712
MB-unbounded,21102,A1B0C0,1024,0.04399125442328211
MB-unbounded,21102,A1B0C0,2048,0.003983487813842057
MB-unbounded,21102,A1B0C0,3072,0.0031382470470466828
MB-unbounded,21102,A1B0C0,4096,0.001921513256523344
MB-unbounded,21102,A0B1C0,0,0.3170095805237101
MB-unbounded,21102,A0B1C0,256,0.2729301139457383
MB-unbounded,21102,A0B1C0,512,0.055362264996533295
MB-unbounded,21102,A0B1C0,1024,0.054594182052878804
MB-unbounded,21102,A0B1C0,2048,0.006895210957418296
MB-unbounded,21102,A0B1C0,3072,0.00513930556348452
MB-unbounded,21102,A0B1C0,4096,0.002996213714117957
MB-unbounded,21102,A0B0C1,0,0.4752292695650331
MB-unbounded,21102,A0B0C1,256,0.14684490332955757
MB-unbounded,21102,A0B0C1,512,0.1207133679233583
MB-unbounded,21102,A0B0C1,1024,0.08872939897267829
MB-unbounded,21102,A0B0C1,2048,0.010851152758538873
MB-unbounded,21102,A0B0C1,3072,0.00804735278821278
MB-unbounded,21102,A0B0C1,4096,0.006116670660440082
MB-unbounded,21102,A1B1C1,0,0.2543325868611217
MB-unbounded,21102,A1B1C1,256,0.2918306517258338
MB-unbounded,21102,A1B1C1,512,0.15236142353860682
MB-unbounded,21102,A1B1C1,1024,0.05731003262748846
MB-unbounded,21102,A1B1C1,2048,0.028101693503102876
MB-unbounded,21102,A1B1C1,3072,0.005024462263076401
MB-unbounded,21102,A1B1C1,4096,0.0017352355694444377
MB-unbounded,21103,A0B0C0,0,0.22761803104378586
MB-unbounded,21103,A0B0C0,256,0.2698853922721365
MB-unbounded,21103,A0B0C0,512,0.0823271458615098
MB-unbounded,21103,A0B0C0,1024,0.07566640341809316
MB-unbounded,21103,A0B0C0,2048,0.0035802389209775853
MB-unbounded,21103,A0B0C0,3072,0.001976975249606827
MB-unbounded,21103,A0B0C0,4096,0.0014794914114326652
MB-unbounded,21103,A1B0C0,0,0.2902868182153018
MB-unbounded,21103,A1B0C0,256,0.17261014135562558
MB-unbounded,21103,A1B0C0,512,0.13346846198364126
MB-unbounded,21103,A1B0C0,1024,0.03418264476210142
MB-unbounded,21103,A1B0C0,2048,0.0034224759796384063
MB-unbounded,21103,A1B0C0,3072,0.0035131182304062314
MB-unbounded,21103,A1B0C0,4096,0.0022960787901626922
MB-unbounded,21103,A0B1C0,0,0.3034715040671898
MB-unbounded,21103,A0B1C0,256,0.23453436041927445
MB-unbounded,21103,A0B1C0,512,0.1658727533167781
MB-unbounded,21103,A0B1C0,1024,0.08062915445214713
MB-unbounded,21103,A0B1C0,2048,0.006814266919463741
MB-unbounded,21103,A0B1C0,3072,0.003979049174855476
MB-unbounded,21103,A0B1C0,4096,0.003909843691192627
MB-unbounded,21103,A0B0C1,0,0.3446413126011212
MB-unbounded,21103,A0B0C1,256,0.18974906985143924
MB-unbounded,21103,A0B0C1,512,0.10834037811329011
MB-unbounded,21103,A0B0C1,1024,0.08501346765847506
MB-unbounded,21103,A0B0C1,2048,0.01575650959249364
MB-unbounded,21103,A0B0C1,3072,0.014646103275061328
MB-unbounded,21103,A0B0C1,4096,0.014068771311487538
MB-unbounded,21103,A1B1C1,0,0.26047727821437183
MB-unbounded,21103,A1B1C1,256,0.26047727821437183
MB-unbounded,21103,A1B1C1,512,0.17056793290226357
MB-unbounded,21103,A1B1C1,1024,0.06358524286726075
MB-unbounded,21103,A1B1C1,2048,0.03266951053078904
MB-unbounded,21103,A1B1C1,3072,0.02994759840871719
MB-unbounded,21103,A1B1C1,4096,0.0289984624392412
MB-unbounded,21104,A0B0C0,0,0.15540183277420372
MB-unbounded,21104,A0B0C0,256,0.15540183277420372
MB-unbounded,21104,A0B0C0,512,0.1260831351057461
MB-unbounded,21104,A0B0C0,1024,0.055854497207595166
MB-unbounded,21104,A0B0C0,2048,0.003553377024420268
MB-unbounded,21104,A0B0C0,3072,0.0029143542669434197
MB-unbounded,21104,A0B0C0,4096,0.002088843210128477
MB-unbounded,21104,A1B0C0,0,0.5244137517976153
MB-unbounded,21104,A1B0C0,256,0.19752307801021507
MB-unbounded,21104,A1B0C0,512,0.22241263604160544
MB-unbounded,21104,A1B0C0,1024,0.042885698007213424
MB-unbounded,21104,A1B0C0,2048,0.006789916657496953
MB-unbounded,21104,A1B0C0,3072,0.00366481255032447
MB-unbounded,21104,A1B0C0,4096,0.002828155131350485
MB-unbounded,21104,A0B1C0,0,0.3128591118858206
MB-unbounded,21104,A0B1C0,256,0.14620321202619513
MB-unbounded,21104,A0B1C0,512,0.18159692814378614
MB-unbounded,21104,A0B1C0,1024,0.09960926979873985
MB-unbounded,21104,A0B1C0,2048,0.0081011401715827
MB-unbounded,21104,A0B1C0,3072,0.0062434374739015475
MB-unbounded,21104,A0B1C0,4096,0.003202495000272698
MB-unbounded,21104,A0B0C1,0,0.19495322419058914
MB-unbounded,21104,A0B0C1,256,0.18749347838189934
MB-unbounded,21104,A0B0C1,512,0.14112989327478687
MB-unbounded,21104,A0B0C1,1024,0.0941529513947379
MB-unbounded,21104,A0B0C1,2048,0.017841945240269386
MB-unbounded,21104,A0B0C1,3072,0.00771643781459419
MB-unbounded,21104,A0B0C1,4096,0.0068007334609938574
MB-unbounded,21104,A1B1C1,0,0.3943951746537908
MB-unbounded,21104,A1B1C1,256,0.3198653245053995
MB-unbounded,21104,A1B1C1,512,0.3513211877500524
MB-unbounded,21104,A1B1C1,1024,0.079703655864376
MB-unbounded,21104,A1B1C1,2048,0.009136132544310893
MB-unbounded,21104,A1B1C1,3072,0.007520526454782406
MB-unbounded,21104,A1B1C1,4096,0.005805139925449065
MB-unbounded,21105,A0B0C0,0,0.4803862739923246
MB-unbounded,21105,A0B0C0,256,0.22761803104378586
MB-unbounded,21105,A0B0C0,512,0.11699257922140349
MB-unbounded,21105,A0B0C0,1024,0.059941501848963075
MB-unbounded,21105,A0B0C0,2048,0.004429315116300181
MB-unbounded,21105,A0B0C0,3072,0.004492398652720109
MB-unbounded,21105,A0B0C0,4096,0.00309458241485272
MB-unbounded,21105,A1B0C0,0,0.2260207084833299
MB-unbounded,21105,A1B0C0,256,0.2004665865817481
MB-unbounded,21105,A1B0C0,512,0.07273823513031719
MB-unbounded,21105,A1B0C0,1024,0.045412094057387886
MB-unbounded,21105,A1B0C0,2048,0.005226227024500929
MB-unbounded,21105,A1B0C0,3072,0.003498233401567852
MB-unbounded,21105,A1B0C0,4096,0.001479798436585078
MB-unbounded,21105,A0B1C0,0,0.4835377819059312
MB-unbounded,21105,A0B1C0,256,0.12799539483026479
MB-unbounded,21105,A0B1C0,512,0.076099699446599
MB-unbounded,21105,A0B1C0,1024,0.06298630588080423
MB-unbounded,21105,A0B1C0,2048,0.006853264292707717
MB-unbounded,21105,A0B1C0,3072,0.005522555465192092
MB-unbounded,21105,A0B1C0,4096,0.004603018294187411
MB-unbounded,21105,A0B0C1,0,0.26271782855907455
MB-unbounded,21105,A0B0C1,256,0.26271782855907455
MB-unbounded,21105,A0B0C1,512,0.14876441418212183
MB-unbounded,21105,A0B0C1,1024,0.04331702036846208
MB-unbounded,21105,A0B0C1,2048,0.005455384830653109
MB-unbounded,21105,A0B0C1,3072,0.006062357938525942
MB-unbounded,21105,A0B0C1,4096,0.004524404764235879
MB-unbounded,21105,A1B1C1,0,0.42926750145279113
MB-unbounded,21105,A1B1C1,256,0.40457728033903306
MB-unbounded,21105,A1B1C1,512,0.2946100468279318
MB-unbounded,21105,A1B1C1,1024,0.10421812872003189
MB-unbounded,21105,A1B1C1,2048,0.00768996881198003
MB-unbounded,21105,A1B1C1,3072,0.00511183118180325
MB-unbounded,21105,A1B1C1,4096,0.004872746988516141
MB-unbounded,21106,A0B0C0,0,0.48468584877734866
MB-unbounded,21106,A0B0C0,256,0.11455792240270313
MB-unbounded,21106,A0B0C0,512,0.04593544999023935
MB-unbounded,21106,A0B0C0,1024,0.03157414358505228
MB-unbounded,21106,A0B0C0,2048,0.006493975836173949
MB-unbounded,21106,A0B0C0,3072,0.004869271176743517
MB-unbounded,21106,A0B0C0,4096,0.0029543842767716377
MB-unbounded,21106,A1B0C0,0,0.521484878548502
MB-unbounded,21106,A1B0C0,256,0.18975764574357834
MB-unbounded,21106,A1B0C0,512,0.13111516838462167
MB-unbounded,21106,A1B0C0,1024,0.027737933195383313
MB-unbounded,21106,A1B0C0,2048,0.006260293278284035
MB-unbounded,21106,A1B0C0,3072,0.00382964969566979
MB-unbounded,21106,A1B0C0,4096,0.003595330320552481
MB-unbounded,21106,A0B1C0,0,0.2909263648061522
MB-unbounded,21106,A0B1C0,256,0.16632367994882324
MB-unbounded,21106,A0B1C0,512,0.06628181669049305
MB-unbounded,21106,A0B1C0,1024,0.062245829322181034
MB-unbounded,21106,A0B1C0,2048,0.008219859864554202
MB-unbounded,21106,A0B1C0,3072,0.00474255824690939
MB-unbounded,21106,A0B1C0,4096,0.004627113946620742
MB-unbounded,21106,A0B0C1,0,0.2708872633656165
MB-unbounded,21106,A0B0C1,256,0.2642910637359046
MB-unbounded,21106,A0B0C1,512,0.11349223159171062
MB-unbounded,21106,A0B0C1,1024,0.07929009155839095
MB-unbounded,21106,A0B0C1,2048,0.009920719357367602
MB-unbounded,21106,A0B0C1,3072,0.008963055846659795
MB-unbounded,21106,A0B0C1,4096,0.00467335283659942
MB-unbounded,21106,A1B1C1,0,0.448394678695196
MB-unbounded,21106,A1B1C1,256,0.39124520811794117
MB-unbounded,21106,A1B1C1,512,0.3468166725834232
MB-unbounded,21106,A1B1C1,1024,0.06336758154373401
MB-unbounded,21106,A1B1C1,2048,0.011211583916872492
MB-unbounded,21106,A1B1C1,3072,0.009279476545983378
MB-unbounded,21106,A1B1C1,4096,0.00555748874573192
MB-unbounded,21107,A0B0C0,0,0.15806508751205772
MB-unbounded,21107,A0B0C0,256,0.15540183277420372
MB-unbounded,21107,A0B0C0,512,0.17890805262064147
MB-unbounded,21107,A0B0C0,1024,0.05967291703144939
MB-unbounded,21107,A0B0C0,2048,0.032305821299704274
MB-unbounded,21107,A0B0C0,3072,0.007174502672850469
MB-unbounded,21107,A0B0C0,4096,0.0025373799726295942
MB-unbounded,21107,A1B0C0,0,0.2004665865817481
MB-unbounded,21107,A1B0C0,256,0.07550796991238151
MB-unbounded,21107,A1B0C0,512,0.07550794005912742
MB-unbounded,21107,A1B0C0,1024,0.04350616188236778
MB-unbounded,21107,A1B0C0,2048,0.010148904285108618
MB-unbounded,21107,A1B0C0,3072,0.008299818467402797
MB-unbounded,21107,A1B0C0,4096,0.00578171257428739
MB-unbounded,21107,A0B1C0,0,0.4814018729969223
MB-unbounded,21107,A0B1C0,256,0.26906110991337595
MB-unbounded,21107,A0B1C0,512,0.1531309077061298
MB-unbounded,21107,A0B1C0,1024,0.09059843615208418
MB-unbounded,21107,A0B1C0,2048,0.005485744763601197
MB-unbounded,21107,A0B1C0,3072,0.004603595114871517
MB-unbounded,21107,A0B1C0,4096,0.0051162322687745565
MB-unbounded,21107,A0B0C1,0,0.30071875241282164
MB-unbounded,21107,A0B0C1,256,0.18749347838189934
MB-unbounded,21107,A0B0C1,512,0.1912461155209475
MB-unbounded,21107,A0B0C1,1024,0.08771476023809388
MB-unbounded,21107,A0B0C1,2048,0.011612410160962039
MB-unbounded,21107,A0B0C1,3072,0.008313702616985275
MB-unbounded,21107,A0B0C1,4096,0.0037901282950603132
MB-unbounded,21107,A1B1C1,0,0.6938714123363114
MB-unbounded,21107,A1B1C1,256,0.2543325868611217
MB-unbounded,21107,A1B1C1,512,0.13548243398879523
MB-unbounded,21107,A1B1C1,1024,0.05084687767394147
MB-unbounded,21107,A1B1C1,2048,0.021943959165829252
MB-unbounded,21107,A1B1C1,3072,0.0058786000393982185
MB-unbounded,21107,A1B1C1,4096,0.0034486705309570986
MB-unbounded,21108,A0B0C0,0,0.30403751510318644
MB-unbounded,21108,A0B0C0,256,0.12918129414257695
MB-unbounded,21108,A0B0C0,512,0.11920453982714951
MB-unbounded,21108,A0B0C0,1024,0.0638502238395664
MB-unbounded,21108,A0B0C0,2048,0.004443668163964798
MB-unbounded,21108,A0B0C0,3072,0.0033642159299618335
MB-unbounded,21108,A0B0C0,4096,0.002443445777636555
MB-unbounded,21108,A1B0C0,0,0.34857345595315437
MB-unbounded,21108,A1B0C0,256,0.11467153940328467
MB-unbounded,21108,A1B0C0,512,0.15680838506088657
MB-unbounded,21108,A1B0C0,1024,0.034132857973123265
MB-unbounded,21108,A1B0C0,2048,0.006174751182599358
MB-unbounded,21108,A1B0C0,3072,0.0035841996384102792
MB-unbounded,21108,A1B0C0,4096,0.0023193757045212315
MB-unbounded,21108,A0B1C0,0,0.22629460726142892
MB-unbounded,21108,A0B1C0,256,0.12799539483026479
MB-unbounded,21108,A0B1C0,512,0.14620368031403919
MB-unbounded,21108,A0B1C0,1024,0.10279078893757587
MB-unbounded,21108,A0B1C0,2048,0.006534938459726636
MB-unbounded,21108,A0B1C0,3072,0.0076946585808497225
MB-unbounded,21108,A0B1C0,4096,0.005613778101648315
MB-unbounded,21108,A0B0C1,0,0.3087595108999506
MB-unbounded,21108,A0B0C1,256,0.24113877357213953
MB-unbounded,21108,A0B0C1,512,0.14831467737651804
MB-unbounded,21108,A0B0C1,1024,0.06964302116827081
MB-unbounded,21108,A0B0C1,2048,0.014888217205143661
MB-unbounded,21108,A0B0C1,3072,0.010730227926579516
MB-unbounded,21108,A0B0C1,4096,0.006001894895139692
MB-unbounded,21108,A1B1C1,0,0.6283768430101682
MB-unbounded,21108,A1B1C1,256,0.33997875938210065
MB-unbounded,21108,A1B1C1,512,0.23621774474628765
MB-unbounded,21108,A1B1C1,1024,0.05869964711911857
MB-unbounded,21108,A1B1C1,2048,0.010467505037936586
MB-unbounded,21108,A1B1C1,3072,0.006677011386052811
MB-unbounded,21108,A1B1C1,4096,0.004414763795962617
MB-unbounded,21109,A0B0C0,0,0.31628772286325724
MB-unbounded,21109,A0B0C0,256,0.1455613804571798
MB-unbounded,21109,A0B0C0,512,0.235171356049233
MB-unbounded,21109,A0B0C0,1024,0.10877132625681885
MB-unbounded,21109,A0B0C0,2048,0.003623457092040816
MB-unbounded,21109,A0B0C0,3072,0.002372414885722929
MB-unbounded,21109,A0B0C0,4096,0.0017273426879413911
MB-unbounded,21109,A1B0C0,0,0.521484878548502
MB-unbounded,21109,A1B0C0,256,0.07550796991238151
MB-unbounded,21109,A1B0C0,512,0.19850364712760227
MB-unbounded,21109,A1B0C0,1024,0.03982094113831236
MB-unbounded,21109,A1B0C0,2048,0.006987873360884578
MB-unbounded,21109,A1B0C0,3072,0.0034322480947190925
MB-unbounded,21109,A1B0C0,4096,0.002318647086425152
MB-unbounded,21109,A0B1C0,0,0.4703883500756869
MB-unbounded,21109,A0B1C0,256,0.1916186886478588
MB-unbounded,21109,A0B1C0,512,0.14132759671316952
MB-unbounded,21109,A0B1C0,1024,0.09875023271349281
MB-unbounded,21109,A0B1C0,2048,0.005256394591251379
MB-unbounded,21109,A0B1C0,3072,0.004953574641770597
MB-unbounded,21109,A0B1C0,4096,0.004235850056318657
MB-unbounded,21109,A0B0C1,0,0.4982278536995022
MB-unbounded,21109,A0B0C1,256,0.30169520371866954
MB-unbounded,21109,A0B0C1,512,0.09777308336406154
MB-unbounded,21109,A0B0C1,1024,0.07432369034954256
MB-unbounded,21109,A0B0C1,2048,0.012318644072339513
MB-unbounded,21109,A0B0C1,3072,0.010864676492187808
MB-unbounded,21109,A0B0C1,4096,0.007359683665558059
MB-unbounded,21109,A1B1C1,0,0.45719915183866444
MB-unbounded,21109,A1B1C1,256,0.26047727821437183
MB-unbounded,21109,A1B1C1,512,0.20338354483890386
MB-unbounded,21109,A1B1C1,1024,0.04759855575288263
MB-unbounded,21109,A1B1C1,2048,0.013378098747267142
MB-unbounded,21109,A1B1C1,3072,0.011934812113802096
MB-unbounded,21109,A1B1C1,4096,0.012221515698715546
MB-unbounded,21110,A0B0C0,0,0.47487053528020473
MB-unbounded,21110,A0B0C0,256,0.3123301722545677
MB-unbounded,21110,A0B0C0,512,0.2220970411695835
MB-unbounded,21110,A0B0C0,1024,0.08538239015604265
MB-unbounded,21110,A0B0C0,2048,0.0295499291503174
MB-unbounded,21110,A0B0C0,3072,0.029328662613518297
MB-unbounded,21110,A0B0C0,4096,0.029281470613408356
MB-unbounded,21110,A1B0C0,0,0.5244137517976153
MB-unbounded,21110,A1B0C0,256,0.27918187260444993
MB-unbounded,21110,A1B0C0,512,0.27523581461781577
MB-unbounded,21110,A1B0C0,1024,0.08356717215091303
MB-unbounded,21110,A1B0C0,2048,0.01283380335160711
MB-unbounded,21110,A1B0C0,3072,0.010076005164261215
MB-unbounded,21110,A1B0C0,4096,0.008657345881998069
MB-unbounded,21110,A0B1C0,0,0.3170095805237101
MB-unbounded,21110,A0B1C0,256,0.14620622733982636
MB-unbounded,21110,A0B1C0,512,0.20341131109533883
MB-unbounded,21110,A0B1C0,1024,0.13321106457350185
MB-unbounded,21110,A0B1C0,2048,0.010198926656298735
MB-unbounded,21110,A0B1C0,3072,0.008360026980664959
MB-unbounded,21110,A0B1C0,4096,0.007398884487903601
MB-unbounded,21110,A0B0C1,0,0.3087595108999506
MB-unbounded,21110,A0B0C1,256,0.15009178512426935
MB-unbounded,21110,A0B0C1,512,0.2130451134720861
MB-unbounded,21110,A0B0C1,1024,0.12425240072017951
MB-unbounded,21110,A0B0C1,2048,0.013014395796972611
MB-unbounded,21110,A0B0C1,3072,0.006878169109417076
MB-unbounded,21110,A0B0C1,4096,0.004246497375872238
MB-unbounded,21110,A1B1C1,0,0.4480834543027221
MB-unbounded,21110,A1B1C1,256,0.4480018262437433
MB-unbounded,21110,A1B1C1,512,0.36912424205530536
MB-unbounded,21110,A1B1C1,1024,0.04890333776535005
MB-unbounded,21110,A1B1C1,2048,0.0323364142115663
MB-unbounded,21110,A1B1C1,3072,0.029782738584391844
MB-unbounded,21110,A1B1C1,4096,0.029771586322549393
MB-unbounded,21111,A0B0C0,0,0.4831432618251954
MB-unbounded,21111,A0B0C0,256,0.17408045770308656
MB-unbounded,21111,A0B0C0,512,0.14456280145026312
MB-unbounded,21111,A0B0C0,1024,0.10181999524523455
MB-unbounded,21111,A0B0C0,2048,0.002584478345621033
MB-unbounded,21111,A0B0C0,3072,0.00372439860192042
MB-unbounded,21111,A0B0C0,4096,0.0037306990597141265
MB-unbounded,21111,A1B0C0,0,0.18772576327540946
MB-unbounded,21111,A1B0C0,256,0.07550796991238151
MB-unbounded,21111,A1B0C0,512,0.07519453544630217
MB-unbounded,21111,A1B0C0,1024,0.03315826376826969
MB-unbounded,21111,A1B0C0,2048,0.01931639575413291
MB-unbounded,21111,A1B0C0,3072,0.009539516489671218
MB-unbounded,21111,A1B0C0,4096,0.00788362818579369
MB-unbounded,21111,A0B1C0,0,0.22629460726142892
MB-unbounded,21111,A0B1C0,256,0.1934770011692608
MB-unbounded,21111,A0B1C0,512,0.05543549797709035
MB-unbounded,21111,A0B1C0,1024,0.051246004481376506
MB-unbounded,21111,A0B1C0,2048,0.005909011193792502
MB-unbounded,21111,A0B1C0,3072,0.005006716636991815
MB-unbounded,21111,A0B1C0,4096,0.005534370902101404
MB-unbounded,21111,A0B0C1,0,0.2854566403977268
MB-unbounded,21111,A0B0C1,256,0.1323477696384261
MB-unbounded,21111,A0B0C1,512,0.14078865774794558
MB-unbounded,21111,A0B0C1,1024,0.13236207848999593
MB-unbounded,21111,A0B0C1,2048,0.00681741120560897
MB-unbounded,21111,A0B0C1,3072,0.0045828954524664844
MB-unbounded,21111,A0B0C1,4096,0.001935911292716419
MB-unbounded,21111,A1B1C1,0,0.6832309794718103
MB-unbounded,21111,A1B1C1,256,0.3245108543439579
MB-unbounded,21111,A1B1C1,512,0.2424774783065713
MB-unbounded,21111,A1B1C1,1024,0.04228231226191781
MB-unbounded,21111,A1B1C1,2048,0.029763275627288532
MB-unbounded,21111,A1B1C1,3072,0.029646862819070474
MB-unbounded,21111,A1B1C1,4096,0.029393224841576693
MB-unbounded,21112,A0B0C0,0,0.31628772286325724
MB-unbounded,21112,A0B0C0,256,0.19568071373053098
MB-unbounded,21112,A0B0C0,512,0.252401418596341
MB-unbounded,21112,A0B0C0,1024,0.15146813468923526
MB-unbounded,21112,A0B0C0,2048,0.004406982812280358
MB-unbounded,21112,A0B0C0,3072,0.003332637848308284
MB-unbounded,21112,A0B0C0,4096,0.002945060120135956
MB-unbounded,21112,A1B0C0,0,0.2708232687048846
MB-unbounded,21112,A1B0C0,256,0.27918187260444993
MB-unbounded,21112,A1B0C0,512,0.07088449030634614
MB-unbounded,21112,A1B0C0,1024,0.03897595573885981
MB-unbounded,21112,A1B0C0,2048,0.007628381159829445
MB-unbounded,21112,A1B0C0,3072,0.0029337266642257553
MB-unbounded,21112,A1B0C0,4096,0.001855920851367987
MB-unbounded,21112,A0B1C0,0,0.331569583996981
MB-unbounded,21112,A0B1C0,256,0.14620321202619513
MB-unbounded,21112,A0B1C0,512,0.17651662096960896
MB-unbounded,21112,A0B1C0,1024,0.06036723194360283
MB-unbounded,21112,A0B1C0,2048,0.004873774408664655
MB-unbounded,21112,A0B1C0,3072,0.004324758028666942
MB-unbounded,21112,A0B1C0,4096,0.0035716325962558138
MB-unbounded,21112,A0B0C1,0,0.3446413126011212
MB-unbounded,21112,A0B0C1,256,0.4558921636098412
MB-unbounded,21112,A0B0C1,512,0.13737211658710446
MB-unbounded,21112,A0B0C1,1024,0.06382745740870055
MB-unbounded,21112,A0B0C1,2048,0.007116390109205284
MB-unbounded,21112,A0B0C1,3072,0.005397730458035266
MB-unbounded,21112,A0B0C1,4096,0.005086716976266725
MB-unbounded,21112,A1B1C1,0,0.26047727821437183
MB-unbounded,21112,A1B1C1,256,0.26047727821437183
MB-unbounded,21112,A1B1C1,512,0.2983899763573654
MB-unbounded,21112,A1B1C1,1024,0.10476750459420936
MB-unbounded,21112,A1B1C1,2048,0.03266227283426737
MB-unbounded,21112,A1B1C1,3072,0.030558856082592012
MB-unbounded,21112,A1B1C1,4096,0.029817809472922008
