arm,context,mean,sd,ci95,min,max
MF,A0B0C0,0.047987201007962166,0.018464271343890233,"[0.039922034519489405, 0.059392519363455146]",0.03036121208143161,0.10145731796088997
MF,A1B0C0,0.041704083236717114,0.00852659853996738,"[0.037271454003234394, 0.046586490611284496]",0.032187790240273184,0.05715166031214114
MF,A0B1C0,0.04835925496066854,0.008849848353737371,"[0.04390710373945702, 0.053375783415267476]",0.03521017125951209,0.0703190780138816
MF,A0B0C1,0.06905553907899524,0.008639778729024194,"[0.06438370452935294, 0.07365456469510286]",0.0544364767757366,0.08397890860364621
MF,A1B1C1,0.0666236960837292,0.00805713953020165,"[0.06225329286108283, 0.07094108084273067]",0.05342954486742668,0.07837523935466661
MB,A0B0C0,0.006871974437489474,0.007758751253698651,"[0.0040371071183006, 0.011618664665827045]",0.0027581063424202412,0.030995586968338706
MB,A1B0C0,0.006975009716191398,0.0018222834804173659,"[0.005957357319208124, 0.007926491540223008]",0.0028698558707471733,0.009925824685936835
MB,A0B1C0,0.006770735664451744,0.0016836952942536358,"[0.005876896842171691, 0.0077060996886036725]",0.0043835786793735565,0.01013506468031622
MB,A0B0C1,0.012436003766191472,0.00321393925617469,"[0.010656920831981541, 0.014107162224355646]",0.006710713763859566,0.01642991529912452
MB,A1B1C1,0.021242041798997174,0.011799813866180921,"[0.014932467853522613, 0.027647480036564774]",0.006045863049060962,0.03619401762978436
MF-unbounded,A0B0C0,0.03662032020444409,0.02033291177222496,"[0.027547198554707452, 0.04920055527811455]",0.017522905594908877,0.0940718477533431
MF-unbounded,A1B0C0,0.03535934268471885,0.007987653185167353,"[0.031100139526627088, 0.03979869673148228]",0.021948801433633758,0.050259612534188314
MF-unbounded,A0B1C0,0.03796190007494593,0.009379439069722233,"[0.03345581676941241, 0.0434205759186088]",0.029509654394292095,0.05868778989026602
MF-unbounded,A0B0C1,0.05285513368045366,0.008776587935366741,"[0.048389972473742285, 0.05784293284909552]",0.041951706410770395,0.07154356714494003
MF-unbounded,A1B1C1,0.05125504190025084,0.010682300818097581,"[0.04555094889683376, 0.05713003726527597]",0.029921916312231733,0.07464678113753198
MB-unbounded,A0B0C0,0.004821383900666591,0.007727704773194351,"[0.002329783374248599, 0.0094177735013779]",0.0014794914114326652,0.029281470613408356
MB-unbounded,A1B0C0,0.0036076861195021293,0.0024526110048544146,"[0.002404744533392562, 0.0050564768314084515]",0.001479798436585078,0.008657345881998069
MB-unbounded,A0B1C0,0.004536282393072022,0.0012465750794020969,"[0.00390630771818113, 0.005254285166703669]",0.002996213714117957,0.007398884487903601
MB-unbounded,A0B0C1,0.006044583787341444,0.0030235012021777702,"[0.004596766193594911, 0.007864121043771656]",0.001935911292716419,0.014068771311487538
MB-unbounded,A1B1C1,0.013319475284322757,0.01220255990284116,"[0.006952274288218607, 0.019998791994712536]",0.0017352355694444377,0.029817809472922008
