arm,seed,context_average,worst_context,worst_context_name,mean_ok,worst_ok
MF,21101,0.047819154528473094,0.06476627424787562,A1B1C1,False,False
MF,21102,0.05902929068632758,0.07297195008176072,A0B0C1,False,False
MF,21103,0.05286214693708056,0.07688662674875779,A0B0C1,False,False
MF,21104,0.06127732502801111,0.10145731796088997,A0B0C0,False,False
MF,21105,0.049140535327932076,0.08397890860364621,A0B0C1,False,False
MF,21106,0.061312586616723855,0.07556304732271046,A1B1C1,False,False
MF,21107,0.054103072056731615,0.07482205658490892,A1B1C1,False,False
MF,21108,0.053993027358522114,0.07447133313327159,A0B0C1,False,False
MF,21109,0.05579634095569439,0.07837523935466661,A1B1C1,False,False
MF,21110,0.055298879280771374,0.07154208686938723,A0B0C1,False,False
MF,21111,0.05073216258496434,0.07140115267726843,A0B0C1,False,False
MF,21112,0.055586937122141314,0.0744724176324012,A1B1C1,False,False
MB,21101,0.01135767775330434,0.02775624739934024,A1B1C1,True,False
MB,21102,0.011816838940321883,0.029247732772203605,A1B1C1,True,False
MB,21103,0.012158476738681933,0.03360641605125059,A1B1C1,True,False
MB,21104,0.008137601323792331,0.015194318955499497,A0B0C1,True,True
MB,21105,0.0064549612302211125,0.008346045744273223,A0B0C1,True,True
MB,21106,0.007548037465991442,0.00978309008216316,A1B1C1,True,True
MB,21107,0.009472392553197295,0.013428478279994938,A0B0C1,True,True
MB,21108,0.00740547855929039,0.011137376717014646,A0B0C1,True,True
MB,21109,0.007933933544571836,0.013480541973725835,A1B1C1,True,True
MB,21110,0.019505082518813756,0.031886157791014114,A1B1C1,False,False
MB,21111,0.015801162280809588,0.03619401762978436,A1B1C1,False,False
MB,21112,0.012718194010975115,0.03447797521029905,A1B1C1,True,False
MF-unbounded,21101,0.035131050736212185,0.05158600823782855,A0B0C1,False,False
MF-unbounded,21102,0.047300356896404064,0.05696821178869538,A0B0C1,False,False
MF-unbounded,21103,0.03511518009128221,0.045803681168050225,A0B0C1,False,False
MF-unbounded,21104,0.05292529720358248,0.0940718477533431,A0B0C0,False,False
MF-unbounded,21105,0.04265688634888178,0.07154356714494003,A0B0C1,False,False
MF-unbounded,21106,0.048461473776397666,0.06082692497829756,A1B1C1,False,False
MF-unbounded,21107,0.045103897375023204,0.07464678113753198,A1B1C1,False,False
MF-unbounded,21108,0.03938841289634709,0.05973152817528149,A0B0C1,False,False
MF-unbounded,21109,0.03921212391875377,0.054147187088633864,A1B1C1,False,False
MF-unbounded,21110,0.045672465661665475,0.05868778989026602,A0B1C0,False,False
MF-unbounded,21111,0.04389549913982469,0.06342010300336165,A0B0C1,False,False
MF-unbounded,21112,0.038861528463177475,0.045362917419069504,A1B1C1,False,False
MB-unbounded,21101,0.004064092227657845,0.0079302399137271,A0B0C1,True,True
MB-unbounded,21102,0.0031462122384093407,0.006116670660440082,A0B0C1,True,True
MB-unbounded,21103,0.010150529528703345,0.0289984624392412,A1B1C1,True,False
MB-unbounded,21104,0.004145073345638917,0.0068007334609938574,A0B0C1,True,True
MB-unbounded,21105,0.0037149101796754456,0.004872746988516141,A1B1C1,True,True
MB-unbounded,21106,0.004281534025255241,0.00555748874573192,A1B1C1,True,True
MB-unbounded,21107,0.00413482472834179,0.00578171257428739,A1B0C0,True,True
MB-unbounded,21108,0.004158651654981682,0.006001894895139692,A0B0C1,True,True
MB-unbounded,21109,0.005572607838991761,0.012221515698715546,A1B1C1,True,True
MB-unbounded,21110,0.01587115693634633,0.029771586322549393,A1B1C1,False,False
MB-unbounded,21111,0.009695566856380466,0.029393224841576693,A1B1C1,True,False
MB-unbounded,21112,0.008655428003389698,0.029817809472922008,A1B1C1,True,False
