endpoint,method,seed,candidate,recycling,difference_pp
late_early_auc,er_v3,731,0.9580859375,0.981328125,-2.3242187499999956
late_early_auc,er_v3,842,0.854140625,0.953984375,-9.984375
late_early_auc,er_v3,953,0.8278125,0.9298828125,-10.207031250000009
late_early_auc,newborn_v3,731,0.982109375,0.981328125,0.07812499999999556
late_early_auc,newborn_v3,842,0.9844140625,0.953984375,3.042968749999997
late_early_auc,newborn_v3,953,0.9333203125,0.9298828125,0.3437499999999982
late_early_auc,newborn_matched_v3,731,0.982265625,0.981328125,0.09375000000000355
late_early_auc,newborn_matched_v3,842,0.9780078125,0.953984375,2.402343750000002
late_early_auc,newborn_matched_v3,953,0.9323828125,0.9298828125,0.24999999999999467
late_early_auc,protection_v3,731,0.9791796875,0.981328125,-0.21484375000000444
late_early_auc,protection_v3,842,0.952421875,0.953984375,-0.15625000000000222
late_early_auc,protection_v3,953,0.9506640625,0.9298828125,2.0781249999999973
late_early_auc,consolidation_v3,731,0.9883203125,0.981328125,0.6992187499999969
late_early_auc,consolidation_v3,842,0.9751171875,0.953984375,2.1132812499999987
late_early_auc,consolidation_v3,953,0.936015625,0.9298828125,0.6132812499999973
late_early_auc,full_v3,731,0.9876171875,0.981328125,0.6289062500000053
late_early_auc,full_v3,842,0.982265625,0.953984375,2.8281250000000036
late_early_auc,full_v3,953,0.948125,0.9298828125,1.8242187499999951
final_accuracy,er_v3,731,0.951796875,0.972578125,-2.0781249999999973
final_accuracy,er_v3,842,0.990625,0.979375,1.1249999999999982
final_accuracy,er_v3,953,0.974140625,0.99359375,-1.945312500000007
final_accuracy,newborn_v3,731,0.995,0.972578125,2.2421875000000036
final_accuracy,newborn_v3,842,0.997109375,0.979375,1.773437499999997
final_accuracy,newborn_v3,953,0.995625,0.99359375,0.2031249999999929
final_accuracy,newborn_matched_v3,731,0.996953125,0.972578125,2.4375000000000036
final_accuracy,newborn_matched_v3,842,0.99296875,0.979375,1.359374999999996
final_accuracy,newborn_matched_v3,953,0.99296875,0.99359375,-0.06250000000000977
final_accuracy,protection_v3,731,0.996875,0.972578125,2.4296874999999996
final_accuracy,protection_v3,842,0.983984375,0.979375,0.46093750000000266
final_accuracy,protection_v3,953,0.987578125,0.99359375,-0.601562500000008
final_accuracy,consolidation_v3,731,0.971796875,0.972578125,-0.07812499999999556
final_accuracy,consolidation_v3,842,0.999296875,0.979375,1.9921874999999978
final_accuracy,consolidation_v3,953,0.98609375,0.99359375,-0.7500000000000062
final_accuracy,full_v3,731,0.98921875,0.972578125,1.6640625000000075
final_accuracy,full_v3,842,0.9478125,0.979375,-3.156250000000005
final_accuracy,full_v3,953,0.994609375,0.99359375,0.10156249999999645
