factor,dial_name,dial,pair,i,j,level,chernoff_behaviour,chernoff_lambda,chernoff_se,chernoff_none,sym_kl_behaviour,sym_kl_se,kl_i_j,kl_j_i,regret_i_acting_on_j,regret_j_acting_on_i,relevance,relevance_se,o_value_i,o_value_j,id_mean_truth_i,id_median_truth_i,id_p90_truth_i,id_censored_truth_i,id_mean_truth_j,id_median_truth_j,id_p90_truth_j,id_censored_truth_j,id_mean,id_p90,behaviour_action_freq,pattern_entries_floored_frac
A,flip_amplitude,1.0,A0B0C0-A1B0C0,0,4,passive_episode,87.61329689415251,0.49,0.897574960649694,87.60791935407893,464.57512585263606,0.04312695348926004,232.1100814118809,232.46504444075515,0.2128259410304807,0.22025176777814437,0.21653885440431253,0.005953129441093746,0.71183776284348,0.7101377249636229,1.0,1.0,1.0,0.0,1.0,1.0,1.0,0.0,1.0,1.0,"[392, 397, 369, 17, 66, 457, 350]",0.0003429594494047619
A,flip_amplitude,1.0,A0B0C0-A1B0C0,0,4,passive_steady,87.61329689415251,0.49,0.9757526297525863,87.60791935407893,464.57512585263606,0.04351596796474362,232.1100814118809,232.46504444075515,0.2128259410304807,0.22025176777814437,0.21653885440431253,0.005316648608665669,0.71183776284348,0.7101377249636229,1.0,1.0,1.0,0.0,1.0,1.0,1.0,0.0,1.0,1.0,"[392, 397, 369, 17, 66, 457, 350]",0.0003429594494047619
A,flip_amplitude,1.0,A0B0C0-A1B0C0,0,4,active,87.61329689415251,0.49,0.9430671257522124,87.60791935407893,464.57512585263606,0.03931933136587554,232.1100814118809,232.46504444075515,0.2128259410304807,0.22025176777814437,0.21653885440431253,0.005815929732153998,0.71183776284348,0.7101377249636229,1.0,1.0,1.0,0.0,1.0,1.0,1.0,0.0,1.0,1.0,"[392, 397, 369, 17, 66, 457, 350]",0.0003429594494047619
A,flip_amplitude,1.0,A0B0C1-A1B0C1,1,5,passive_episode,88.22142592166563,0.49,0.8398633700908233,88.21053240279392,464.5362129472941,0.04356095819553345,231.93767240086743,232.59854054642665,0.2205052637757916,0.19888598481664133,0.20969562429621647,0.005256622561051421,0.7401719586379087,0.7400999449281969,1.0,1.0,1.0,0.0,1.0,1.0,1.0,0.0,1.0,1.0,"[406, 319, 331, 148, 227, 341, 276]",0.0004185267857142857
A,flip_amplitude,1.0,A0B0C1-A1B0C1,1,5,passive_steady,88.22142592166563,0.49,0.9020742237365068,88.21053240279392,464.5362129472941,0.04499278532103723,231.93767240086743,232.59854054642665,0.2205052637757916,0.19888598481664133,0.20969562429621647,0.005306314600521319,0.7401719586379087,0.7400999449281969,1.0,1.0,1.0,0.0,1.0,1.0,1.0,0.0,1.0,1.0,"[406, 319, 331, 148, 227, 341, 276]",0.0004185267857142857
A,flip_amplitude,1.0,A0B0C1-A1B0C1,1,5,active,88.22142592166563,0.49,0.8323253530362648,88.21053240279392,464.5362129472941,0.0420732462916495,231.93767240086743,232.59854054642665,0.2205052637757916,0.19888598481664133,0.20969562429621647,0.0056522401550125455,0.7401719586379087,0.7400999449281969,1.0,1.0,1.0,0.0,1.0,1.0,1.0,0.0,1.0,1.0,"[406, 319, 331, 148, 227, 341, 276]",0.0004185267857142857
A,flip_amplitude,1.0,A0B1C0-A1B1C0,2,6,passive_episode,89.57124223014347,0.51,0.5621928198435362,89.55177902706059,464.63015459919984,0.04837970029926501,232.20456833980728,232.4255862593926,0.10740009365287051,0.20312702982423048,0.1552635617385505,0.004212386136282261,0.6132701419608892,0.6856477613652032,1.0,1.0,1.0,0.0,1.0,1.0,1.0,0.0,1.0,1.0,"[522, 223, 160, 23, 126, 615, 379]",0.0004359654017857143
A,flip_amplitude,1.0,A0B1C0-A1B1C0,2,6,passive_steady,89.57124223014347,0.51,0.5304603927359054,89.55177902706059,464.63015459919984,0.04541764300818789,232.20456833980728,232.4255862593926,0.10740009365287051,0.20312702982423048,0.1552635617385505,0.004430639480814821,0.6132701419608892,0.6856477613652032,1.0,1.0,1.0,0.0,1.0,1.0,1.0,0.0,1.0,1.0,"[522, 223, 160, 23, 126, 615, 379]",0.0004359654017857143
A,flip_amplitude,1.0,A0B1C0-A1B1C0,2,6,active,89.57124223014347,0.51,0.5691029994879387,89.55177902706059,464.63015459919984,0.04589116349220722,232.20456833980728,232.4255862593926,0.10740009365287051,0.20312702982423048,0.1552635617385505,0.004173111605557221,0.6132701419608892,0.6856477613652032,1.0,1.0,1.0,0.0,1.0,1.0,1.0,0.0,1.0,1.0,"[522, 223, 160, 23, 126, 615, 379]",0.0004359654017857143
A,flip_amplitude,1.0,A0B1C1-A1B1C1,3,7,passive_episode,84.73865748193046,0.48,1.3876379337388327,84.74037936191166,464.5629416053911,0.04198197959762184,232.1063280581938,232.45661354719724,0.13590631391318198,0.17888588709845266,0.15739610050581732,0.004594004485767749,0.650042144971053,0.7016932577937354,1.0,1.0,1.0,0.0,1.0,1.0,1.0,0.0,1.0,1.0,"[440, 180, 138, 133, 329, 508, 320]",0.0005405970982142857
A,flip_amplitude,1.0,A0B1C1-A1B1C1,3,7,passive_steady,84.73865748193046,0.48,1.2695291320785538,84.74037936191166,464.5629416053911,0.0414077008808402,232.1063280581938,232.45661354719724,0.13590631391318198,0.17888588709845266,0.15739610050581732,0.0043212543432333975,0.650042144971053,0.7016932577937354,1.0,1.0,1.0,0.0,1.0,1.0,1.0,0.0,1.0,1.0,"[440, 180, 138, 133, 329, 508, 320]",0.0005405970982142857
A,flip_amplitude,1.0,A0B1C1-A1B1C1,3,7,active,84.73865748193046,0.48,1.3824554221385954,84.74037936191166,464.5629416053911,0.0388830418862933,232.1063280581938,232.45661354719724,0.13590631391318198,0.17888588709845266,0.15739610050581732,0.004324194835160355,0.650042144971053,0.7016932577937354,1.0,1.0,1.0,0.0,1.0,1.0,1.0,0.0,1.0,1.0,"[440, 180, 138, 133, 329, 508, 320]",0.0005405970982142857
B,b_gap,0.6,A0B0C0-A0B1C0,0,2,passive_episode,4.397078959238875,0.43,0.3301778472449529,4.19942448354788,40.829009321484754,0.18627899986357252,20.328398945319243,20.50061037616551,0.0026473808987859115,0.0020063180578944184,0.002326849478340165,0.00022511548596842106,0.6986569094198884,0.6061594755263755,1.003,1.0,1.0,0.0,1.0055,1.0,1.0,0.0,1.0042499999999999,1.0,"[444, 908, 72, 14, 7, 230, 373]",0.005214146205357143
B,b_gap,0.6,A0B0C0-A0B1C0,0,2,passive_steady,4.659923547537114,0.36,0.3470850086621384,4.463813978769421,44.06900932148476,0.18406008559250653,21.928403534254237,22.140605787230516,0.0026473808987859115,0.0020063180578944184,0.002326849478340165,0.0002320396297788971,0.6986569094198884,0.6061594755263755,1.006,1.0,1.0,0.0,1.002,1.0,1.0,0.0,1.004,1.0,"[444, 908, 72, 14, 7, 230, 373]",0.005214146205357143
B,b_gap,0.6,A0B0C0-A0B1C0,0,2,active,0.3029418906848353,0.38,0.011873217963340003,-0.0,5.189009321484759,0.1753400013787286,2.4277901190865423,2.761219202398217,0.0026473808987859115,0.0020063180578944184,0.002326849478340165,0.00024241852744493898,0.6986569094198884,0.6061594755263755,4.0045,3.0,8.0,0.0,3.704,3.0,8.0,0.0,3.8542500000000004,8.0,"[444, 908, 72, 14, 7, 230, 373]",0.005214146205357143
B,b_gap,0.6,A0B0C1-A0B1C1,1,3,passive_episode,5.221078554570181,0.51,0.1650623266273884,4.669432622972579,39.087455133591156,0.16596454954430997,19.649229009072506,19.43822612451865,0.007038886343607942,0.021485785315505268,0.014262335829556605,0.0012890669296719967,0.7327977222757198,0.6727147029719873,1.0,1.0,1.0,0.0,1.004,1.0,1.0,0.0,1.002,1.0,"[445, 631, 74, 109, 300, 191, 298]",0.004865373883928571
B,b_gap,0.6,A0B0C1-A0B1C1,1,3,passive_steady,5.782506932761141,0.51,0.1546622747544742,5.320439133106329,42.32745513359116,0.16281310171647081,21.2285462084201,21.09890892517106,0.007038886343607942,0.021485785315505268,0.014262335829556605,0.0011297728470247535,0.7327977222757198,0.6727147029719873,1.0015,1.0,1.0,0.0,1.003,1.0,1.0,0.0,1.00225,1.0,"[445, 631, 74, 109, 300, 191, 298]",0.004865373883928571
B,b_gap,0.6,A0B0C1-A0B1C1,1,3,active,0.19073752948381092,0.41000000000000003,0.009525959734447857,-0.0,3.4474551335911663,0.15946417812552974,1.5879779093779471,1.8594772242132191,0.007038886343607942,0.021485785315505268,0.014262335829556605,0.0011832715453214233,0.7327977222757198,0.6727147029719873,6.097,4.0,13.0,0.0,5.552,4.0,12.0,0.0,5.8245000000000005,13.0,"[445, 631, 74, 109, 300, 191, 298]",0.004865373883928571
B,b_gap,0.6,A1B0C0-A1B1C0,4,6,passive_episode,4.837449237046946,0.51,0.14586812107474587,4.782055484825919,38.3558162224718,0.1440246209585981,19.059825499933453,19.295990722538352,0.017947033936195567,0.04439557905327973,0.03117130649473765,0.0017353607968479648,0.7201867568727636,0.6799140383480093,1.004,1.0,1.0,0.0,1.0115,1.0,1.0,0.0,1.0077500000000001,1.0,"[420, 58, 510, 65, 177, 517, 301]",0.004801432291666667
B,b_gap,0.6,A1B0C0-A1B1C0,4,6,passive_steady,5.227857421068233,0.5,0.1436803333739798,5.190529368715613,41.5958162224718,0.15044259959913303,20.71544222764469,20.88037399482711,0.017947033936195567,0.04439557905327973,0.03117130649473765,0.0017017102828843634,0.7201867568727636,0.6799140383480093,1.007,1.0,1.0,0.0,1.0065,1.0,1.0,0.0,1.0067499999999998,1.0,"[420, 58, 510, 65, 177, 517, 301]",0.004801432291666667
B,b_gap,0.6,A1B0C0-A1B1C0,4,6,active,0.14500491721572137,0.39,0.0081885444793147,-0.0,2.7158162224718088,0.14082581300954297,1.290899511297475,1.4249167111743337,0.017947033936195567,0.04439557905327973,0.03117130649473765,0.0018159234763024535,0.7201867568727636,0.6799140383480093,7.053,5.0,16.0,0.0,7.2025,5.0,16.0,0.0,7.12775,16.0,"[420, 58, 510, 65, 177, 517, 301]",0.004801432291666667
B,b_gap,0.6,A1B0C1-A1B1C1,5,7,passive_episode,4.821972825104221,0.52,0.17575918592895118,4.649179100157145,38.02314456029464,0.14807024127289853,19.072980195322383,18.950164364972256,0.018115422253302427,0.042293399922066044,0.030204411087684235,0.0017154316607336025,0.7401850858862886,0.7020063960161167,1.003,1.0,1.0,0.0,1.0085,1.0,1.0,0.0,1.00575,1.0,"[407, 61, 489, 207, 153, 534, 197]",0.004499162946428571
B,b_gap,0.6,A1B0C1-A1B1C1,5,7,passive_steady,5.327449970514198,0.52,0.16823679748051973,5.128169274619401,41.263144560294634,0.1438423203280618,20.71585312760062,20.547291432694017,0.018115422253302427,0.042293399922066044,0.030204411087684235,0.0018105154275370413,0.7401850858862886,0.7020063960161167,1.0025,1.0,1.0,0.0,1.005,1.0,1.0,0.0,1.00375,1.0,"[407, 61, 489, 207, 153, 534, 197]",0.004499162946428571
B,b_gap,0.6,A1B0C1-A1B1C1,5,7,active,0.1268944641952761,0.41000000000000003,0.007832515480458713,-0.0,2.383144560294646,0.13928321359831788,1.106852994682715,1.276291565611931,0.018115422253302427,0.042293399922066044,0.030204411087684235,0.0018158601831875822,0.7401850858862886,0.7020063960161167,8.361,6.0,18.0,0.0,7.932,6.0,18.0,0.0,8.1465,18.0,"[407, 61, 489, 207, 153, 534, 197]",0.004499162946428571
C,c_delta,6.0,A0B0C0-A0B0C1,0,1,passive_episode,0.6821739088639116,0.41000000000000003,0.022485909777192926,0.6820646192385346,22.42572000571289,0.5210910977736777,11.225607532614346,11.200112473098542,0.031007205423520645,0.020056990745985104,0.025532098084752874,0.002019192129054887,0.7138976136648836,0.7345573184275764,1.975,2.0,4.0,0.0,2.007,1.0,4.0,0.0,1.991,4.0,"[429, 848, 123, 45, 84, 159, 360]",0.005330403645833333
C,c_delta,6.0,A0B0C0-A0B0C1,0,1,passive_steady,0.0339153023816616,0.66,0.003948869599391666,-0.0,0.7052219588378902,0.0807260982803096,0.36523659336158454,0.33998536547630565,0.031007205423520645,0.020056990745985104,0.025532098084752874,0.001974141020837416,0.7138976136648836,0.7345573184275764,27.957,19.0,66.0,0.0,29.5035,21.0,67.0,0.0,28.730249999999998,67.0,"[429, 848, 123, 45, 84, 159, 360]",0.005330403645833333
C,c_delta,6.0,A0B0C0-A0B0C1,0,1,active,0.0339153023816616,0.66,0.004160809901254109,-0.0,0.7052219588378902,0.08542398862440555,0.36523659336158454,0.33998536547630565,0.031007205423520645,0.020056990745985104,0.025532098084752874,0.0019469853205070747,0.7138976136648836,0.7345573184275764,29.253,20.0,68.0,0.0,29.8455,21.0,68.0,0.0,29.54925,68.0,"[429, 848, 123, 45, 84, 159, 360]",0.005330403645833333
C,c_delta,6.0,A0B1C0-A0B1C1,2,3,passive_episode,0.6698381806200643,0.47000000000000003,0.02065809898649201,0.6692792316427582,23.74428040572453,0.5355817943708006,11.675141747962641,12.06913865776189,0.028012749219776367,0.04993440208428268,0.038973575652029524,0.0023091565302083335,0.6205186653772827,0.6712526380241002,2.057,2.0,4.0,0.0,2.0405,2.0,4.0,0.0,2.04875,4.0,"[472, 576, 94, 52, 258, 223, 373]",0.005016508556547619
C,c_delta,6.0,A0B1C0-A0B1C1,2,3,passive_steady,0.11827007373215698,0.59,0.008353556921634893,-0.0,2.365501108849535,0.15784343593951816,1.2203463229821532,1.1451547858673816,0.028012749219776367,0.04993440208428268,0.038973575652029524,0.0023051273748168925,0.6205186653772827,0.6712526380241002,8.8785,6.0,20.100000000000136,0.0,9.265,7.0,21.0,0.0,9.071750000000002,21.0,"[472, 576, 94, 52, 258, 223, 373]",0.005016508556547619
C,c_delta,6.0,A0B1C0-A0B1C1,2,3,active,0.11827007373215698,0.59,0.008644677168885787,-0.0,2.365501108849535,0.1639768576018483,1.2203463229821532,1.1451547858673816,0.028012749219776367,0.04993440208428268,0.038973575652029524,0.0022811834665971823,0.6205186653772827,0.6712526380241002,8.611,6.0,19.0,0.0,8.9945,6.0,20.0,0.0,8.80275,20.0,"[472, 576, 94, 52, 258, 223, 373]",0.005016508556547619
C,c_delta,6.0,A1B0C0-A1B0C1,4,5,passive_episode,0.6846899161948867,0.5,0.02056210282246084,0.684247708477334,22.232760819577663,0.46756275051016755,11.262480537190134,10.970280282387527,0.01282999307712629,0.014609518359748108,0.013719755718437199,0.0014057872904041416,0.7152885220830143,0.7319392881979354,2.04,2.0,4.0,0.0,2.0265,2.0,4.0,0.0,2.03325,4.0,"[413, 94, 744, 119, 152, 280, 246]",0.0015869140625
C,c_delta,6.0,A1B0C0-A1B0C1,4,5,passive_steady,0.026564992079542642,0.62,0.003670750518581512,-0.0,0.5122627727026651,0.07230914729750945,0.28849861519972486,0.22376415750294018,0.01282999307712629,0.014609518359748108,0.013719755718437199,0.0015094800570546465,0.7152885220830143,0.7319392881979354,36.566,26.0,83.0,0.0,41.1955,31.0,92.10000000000014,0.0,38.880750000000006,92.10000000000014,"[413, 94, 744, 119, 152, 280, 246]",0.0015869140625
C,c_delta,6.0,A1B0C0-A1B0C1,4,5,active,0.026564992079542642,0.62,0.0033133016473255628,-0.0,0.512262772702665,0.06480910138289017,0.28849861519972486,0.22376415750294015,0.01282999307712629,0.014609518359748108,0.013719755718437199,0.001411791482714576,0.7152885220830143,0.7319392881979354,36.6125,27.0,81.0,0.0,40.941,30.0,91.0,0.0,38.77675,91.0,"[413, 94, 744, 119, 152, 280, 246]",0.0015869140625
C,c_delta,6.0,A1B1C0-A1B1C1,6,7,passive_episode,0.7065649154091764,0.58,0.022525794297502063,0.7064063188177759,22.929652443957238,0.5089536992978361,11.459695709871543,11.469956734085697,0.016826759006313807,0.013694268778287721,0.015260513892300764,0.0016436927545597016,0.6910863099429392,0.70906776811605,1.953,1.0,4.0,0.0,1.907,1.0,4.0,0.0,1.9300000000000002,4.0,"[448, 61, 288, 150, 163, 687, 251]",0.0016508556547619048
C,c_delta,6.0,A1B1C0-A1B1C1,6,7,passive_steady,0.030705916113012325,0.64,0.004259383454540829,-0.0,0.6111465845822404,0.085265281112111,0.336749717108181,0.27439686747405934,0.016826759006313807,0.013694268778287721,0.015260513892300764,0.0015833686069442838,0.6910863099429392,0.70906776811605,31.251,23.0,70.0,0.0,35.0415,25.0,81.0,0.0,33.14625,81.0,"[448, 61, 288, 150, 163, 687, 251]",0.0016508556547619048
C,c_delta,6.0,A1B1C0-A1B1C1,6,7,active,0.030705916113012325,0.64,0.0036862749922524926,-0.0,0.6111465845822404,0.07405896291038423,0.336749717108181,0.27439686747405934,0.016826759006313807,0.013694268778287721,0.015260513892300764,0.001444704292775287,0.6910863099429392,0.70906776811605,31.976,22.0,75.0,0.0,34.6615,25.0,78.0,0.0,33.318749999999994,78.0,"[448, 61, 288, 150, 163, 687, 251]",0.0016508556547619048
